Sep = ,
"Delimiter = ,"
AethLabs
Device ID = AE51-S6-1167
Application version = 2.2.4.0
Flow = 50 ml/min
Timebase = 10 s
Start date = 2025/10/24
Start time = 08:40:00
Original date format = yyyy/MM/dd
Original time format = hh:mm:ss
Flow units = ml/min
PCB temp units = deg C
Battery units = %
BC units = ng/m^3

Date,Time,Ref,Sen,ATN,Flow,PCB temp,Status,Battery,BC

2025/10/24,08:40:00,916304,858746,"6,488",49,23,0,48,
2025/10/24,08:40:10,916069,858492,"6,491",50,23,0,48,2680
2025/10/24,08:40:20,915994,858400,"6,494",50,23,0,47,1724
2025/10/24,08:40:30,915989,858377,"6,496",50,23,0,47,1454
2025/10/24,08:40:40,916033,858394,"6,499",49,23,0,47,1963
2025/10/24,08:40:50,915935,858281,"6,501",50,23,0,47,1681
2025/10/24,08:41:00,915914,858237,"6,504",49,23,0,47,1971
2025/10/24,08:41:10,915842,858147,"6,507",49,23,0,47,1826
2025/10/24,08:41:20,915878,858172,"6,508",50,23,0,47,694
2025/10/24,08:41:30,915896,858170,"6,510",49,23,0,47,1529
2025/10/24,08:41:40,915898,858152,"6,512",49,23,0,47,1611
2025/10/24,08:41:50,915894,858129,"6,515",50,23,0,47,1529
2025/10/24,08:42:00,915741,857977,"6,516",49,23,0,47,701
2025/10/24,08:42:10,915765,858002,"6,515",50,23,0,47,-200
2025/10/24,08:42:20,915907,858113,"6,518",50,23,0,47,1751
2025/10/24,08:42:30,915818,858011,"6,520",50,23,0,47,1479
2025/10/24,08:42:40,915745,857913,"6,524",49,23,0,47,2400
2025/10/24,08:42:50,915878,858012,"6,527",49,23,0,47,2075
2025/10/24,08:43:00,915711,857830,"6,529",49,23,0,47,2072
2025/10/24,08:43:10,915698,857797,"6,532",49,23,0,47,1688
2025/10/24,08:43:20,915739,857805,"6,535",49,23,0,47,2465
2025/10/24,08:43:30,915724,857771,"6,538",49,23,0,47,1618
2025/10/24,08:43:40,915744,857767,"6,540",49,23,0,47,1843
2025/10/24,08:43:50,915616,857630,"6,542",49,23,0,47,1387
2025/10/24,08:44:00,915589,857580,"6,545",49,23,0,47,2004
2025/10/24,08:44:10,915533,857501,"6,548",49,23,0,47,2153
2025/10/24,08:44:20,915512,857453,"6,552",49,23,0,47,2298
2025/10/24,08:44:30,915491,857414,"6,554",49,23,0,47,1568
2025/10/24,08:44:40,915532,857432,"6,556",49,23,0,47,1655
2025/10/24,08:44:50,915575,857444,"6,560",49,23,0,47,2293
2025/10/24,08:45:00,915575,857418,"6,563",49,23,0,47,2109
2025/10/24,08:45:10,915497,857323,"6,565",49,23,0,47,1781
2025/10/24,08:45:20,915436,857239,"6,568",49,23,0,47,2181
2025/10/24,08:45:30,915429,857210,"6,571",49,23,0,47,1821
2025/10/24,08:45:40,915470,857224,"6,574",49,23,0,46,1979
2025/10/24,08:45:50,915455,857187,"6,577",49,23,0,46,1862
2025/10/24,08:46:00,915427,857137,"6,579",49,23,0,46,1930
2025/10/24,08:46:10,915404,857097,"6,581",49,24,0,46,1498
2025/10/24,08:46:20,915437,857101,"6,585",50,24,0,46,2139
2025/10/24,08:46:30,915394,857038,"6,587",50,24,0,46,1808
2025/10/24,08:46:40,915486,857099,"6,590",50,24,0,46,1999
2025/10/24,08:46:50,915368,856951,"6,595",50,24,0,46,2985
2025/10/24,08:47:00,915336,856881,"6,599",49,24,0,46,3250
2025/10/24,08:47:10,915414,856924,"6,603",50,24,0,46,2388
2025/10/24,08:47:20,915498,856973,"6,606",49,24,0,46,2405
2025/10/24,08:47:30,915271,856732,"6,610",49,24,0,46,2315
2025/10/24,08:47:40,915300,856726,"6,613",49,24,0,46,2691
2025/10/24,08:47:50,915306,856696,"6,618",49,24,0,46,2891
2025/10/24,08:48:00,915252,856613,"6,621",50,24,0,46,2583
2025/10/24,08:48:10,915221,856548,"6,626",49,24,0,46,2922
2025/10/24,08:48:20,915230,856527,"6,629",49,24,0,46,2389
2025/10/24,08:48:30,915256,856518,"6,633",49,24,0,46,2707
2025/10/24,08:48:40,915206,856436,"6,637",50,24,0,46,2802
2025/10/24,08:48:50,915173,856368,"6,641",50,24,0,46,2954
2025/10/24,08:49:00,915156,856321,"6,645",49,24,0,46,2525
2025/10/24,08:49:10,915195,856321,"6,649",50,24,0,46,2905
2025/10/24,08:49:20,915269,856354,"6,653",49,24,0,46,2943
2025/10/24,08:49:30,915249,856304,"6,657",49,24,0,46,2541
2025/10/24,08:49:40,915079,856116,"6,660",49,24,0,46,2352
2025/10/24,08:49:50,915044,856051,"6,664",49,24,0,46,2621
2025/10/24,08:50:00,915119,856088,"6,668",49,24,0,46,2694
2025/10/24,08:50:10,915129,856062,"6,672",50,24,0,46,2815
2025/10/24,08:50:20,915078,855984,"6,676",49,24,0,46,2461
2025/10/24,08:50:30,915037,855907,"6,680",49,24,0,46,3140
2025/10/24,08:50:40,914971,855815,"6,684",49,24,0,48,2460
2025/10/24,08:50:50,915002,855815,"6,687",49,24,0,48,2356
2025/10/24,08:51:00,915016,855790,"6,692",49,24,0,48,3096
2025/10/24,08:51:10,915058,855791,"6,696",49,24,0,48,3111
2025/10/24,08:51:20,914999,855699,"6,700",49,24,0,48,2993
2025/10/24,08:51:30,914986,855661,"6,703",49,24,0,48,2101
2025/10/24,08:51:40,915005,855645,"6,707",49,24,0,48,2745
2025/10/24,08:51:50,914994,855602,"6,711",50,24,0,48,2606
2025/10/24,08:52:00,914998,855572,"6,715",49,24,0,48,2743
2025/10/24,08:52:10,914977,855517,"6,719",49,24,0,48,2875
2025/10/24,08:52:20,914917,855424,"6,724",49,24,0,48,3000
2025/10/24,08:52:30,914934,855406,"6,728",50,24,0,48,2701
2025/10/24,08:52:40,914949,855392,"6,731",50,24,0,48,2233
2025/10/24,08:52:50,914997,855395,"6,736",50,24,0,48,3337
2025/10/24,08:53:00,914883,855253,"6,740",50,24,0,48,2823
2025/10/24,08:53:10,914845,855180,"6,744",49,24,0,48,3048
2025/10/24,08:53:20,914845,855139,"6,749",49,24,0,48,3335
2025/10/24,08:53:30,914893,855142,"6,754",49,24,0,48,3405
2025/10/24,08:53:40,914875,855091,"6,758",50,24,0,48,2724
2025/10/24,08:53:50,914916,855097,"6,762",49,24,0,48,2629
2025/10/24,08:54:00,914806,854962,"6,765",50,24,0,48,2566
2025/10/24,08:54:10,914756,854878,"6,770",49,24,0,47,3032
2025/10/24,08:54:20,914821,854905,"6,774",50,24,0,47,2690
2025/10/24,08:54:30,914793,854842,"6,778",50,24,0,47,2937
2025/10/24,08:54:40,914792,854810,"6,782",49,24,0,47,2528
2025/10/24,08:54:50,914784,854768,"6,786",50,24,0,47,2753
2025/10/24,08:55:00,914753,854702,"6,790",49,24,0,47,3014
2025/10/24,08:55:10,914826,854731,"6,795",49,24,0,47,3190
2025/10/24,08:55:20,914691,854563,"6,800",49,24,0,47,3407
2025/10/24,08:55:30,914725,854565,"6,803",49,24,0,47,2422
2025/10/24,08:55:40,914820,854616,"6,808",49,24,0,47,3072
2025/10/24,08:55:50,914709,854479,"6,811",49,24,0,47,2711
2025/10/24,08:56:00,914686,854420,"6,816",49,24,0,47,3054
2025/10/24,08:56:10,914664,854365,"6,820",49,24,0,47,2804
2025/10/24,08:56:20,914729,854387,"6,824",50,24,0,47,3088
2025/10/24,08:56:30,914669,854292,"6,829",49,24,0,47,3172
2025/10/24,08:56:40,914670,854255,"6,833",49,24,0,47,3088
2025/10/24,08:56:50,914671,854218,"6,838",49,24,0,47,3089
2025/10/24,08:57:00,914645,854155,"6,842",50,24,0,47,3090
2025/10/24,08:57:10,914630,854111,"6,846",49,24,0,47,2442
2025/10/24,08:57:20,914750,854186,"6,850",49,24,0,47,3017
2025/10/24,08:57:30,914651,854058,"6,854",49,24,0,47,2895
2025/10/24,08:57:40,914562,853942,"6,858",50,24,0,47,2626
2025/10/24,08:57:50,914518,853862,"6,863",49,24,0,47,3170
2025/10/24,08:58:00,914545,853853,"6,867",50,24,0,47,2731
2025/10/24,08:58:10,914514,853789,"6,871",49,24,0,47,2856
2025/10/24,08:58:20,914523,853764,"6,875",49,24,0,47,2721
2025/10/24,08:58:30,914524,853726,"6,879",49,24,0,47,3172
2025/10/24,08:58:40,914492,853661,"6,883",49,24,0,47,2862
2025/10/24,08:58:50,914522,853651,"6,888",50,24,0,47,3034
2025/10/24,08:59:00,914507,853602,"6,892",50,24,0,47,2795
2025/10/24,08:59:10,914624,853675,"6,896",50,24,0,47,2891
2025/10/24,08:59:20,914502,853528,"6,900",50,24,0,47,2646
2025/10/24,08:59:30,914444,853438,"6,904",49,24,0,47,2923
2025/10/24,08:59:40,914443,853399,"6,909",49,24,0,46,3102
2025/10/24,08:59:50,914401,853327,"6,913",50,24,0,46,2620
2025/10/24,09:00:00,914332,853225,"6,917",49,24,0,46,3066
2025/10/24,09:00:10,914373,853233,"6,921",49,24,0,46,2467
2025/10/24,09:00:20,914374,853201,"6,924",49,24,0,46,2685
2025/10/24,09:00:30,914409,853196,"6,929",49,24,0,46,3070
2025/10/24,09:00:40,914309,853069,"6,933",49,24,0,46,2747
2025/10/24,09:00:50,914409,853128,"6,937",49,24,0,46,2796
2025/10/24,09:01:00,914365,853053,"6,941",49,24,0,46,2768
2025/10/24,09:01:10,914326,852987,"6,944",49,24,0,46,2415
2025/10/24,09:01:20,914334,852957,"6,949",49,24,0,46,3055
2025/10/24,09:01:30,914319,852910,"6,953",50,24,0,46,2638
2025/10/24,09:01:40,914301,852867,"6,956",50,24,0,46,2095
2025/10/24,09:01:50,914313,852847,"6,959",49,24,0,46,2544
2025/10/24,09:02:00,914301,852806,"6,963",49,24,0,46,2431
2025/10/24,09:02:10,914264,852740,"6,966",49,24,0,46,2568
2025/10/24,09:02:20,914339,852775,"6,971",49,24,0,46,2851
2025/10/24,09:02:30,914397,852799,"6,974",50,24,0,46,2405
2025/10/24,09:02:40,914256,852635,"6,978",50,24,0,46,2598
2025/10/24,09:02:50,914272,852620,"6,981",49,24,0,46,2441
2025/10/24,09:03:00,914295,852612,"6,985",49,24,0,46,2402
2025/10/24,09:03:10,914308,852589,"6,989",49,24,0,46,2865
2025/10/24,09:03:20,914221,852479,"6,992",49,24,0,46,2356
2025/10/24,09:03:30,914235,852458,"6,996",49,24,0,46,2778
2025/10/24,09:03:40,914238,852430,"7,000",49,24,0,46,2513
2025/10/24,09:03:50,914253,852417,"7,003",49,24,0,46,2202
2025/10/24,09:04:00,914255,852382,"7,007",49,24,0,46,3008
2025/10/24,09:04:10,914180,852280,"7,011",50,24,0,46,2565
2025/10/24,09:04:20,914225,852257,"7,019",49,24,0,46,5300
2025/10/24,09:04:30,914189,852189,"7,023",50,24,0,46,2755
2025/10/24,09:04:40,914214,852176,"7,027",50,24,0,43,2904
2025/10/24,09:04:50,914138,852070,"7,031",49,24,0,43,2870
2025/10/24,09:05:00,914135,852018,"7,037",49,25,0,43,4016
2025/10/24,09:05:10,914107,851939,"7,043",49,25,0,43,4319
2025/10/24,09:05:20,914156,851945,"7,048",49,25,0,43,3238
2025/10/24,09:05:30,914262,851997,"7,053",49,25,0,43,3819
2025/10/24,09:05:40,914214,851907,"7,059",49,25,0,43,3696
2025/10/24,09:05:50,914062,851726,"7,063",49,25,0,43,3214
2025/10/24,09:06:00,914247,851853,"7,069",49,25,0,43,3705
2025/10/24,09:06:10,914088,851665,"7,073",50,25,0,43,3189
2025/10/24,09:06:20,914029,851569,"7,078",50,25,0,43,3284
2025/10/24,09:06:30,914067,851562,"7,083",49,25,0,43,3463
2025/10/24,09:06:40,914044,851503,"7,088",49,25,0,43,3069
2025/10/24,09:06:50,914089,851508,"7,092",49,25,0,43,3016
2025/10/24,09:07:00,913971,851358,"7,097",50,25,0,43,3209
2025/10/24,09:07:10,913986,851329,"7,102",50,25,0,43,3440
2025/10/24,09:07:20,913967,851277,"7,106",49,25,0,43,2803
2025/10/24,09:07:30,913921,851194,"7,110",49,25,0,42,3281
2025/10/24,09:07:40,913970,851201,"7,115",49,25,0,42,3157
2025/10/24,09:07:50,913937,851135,"7,119",49,25,0,42,2882
2025/10/24,09:08:00,913947,851107,"7,123",50,25,0,42,2988
2025/10/24,09:08:10,913953,851074,"7,128",49,25,0,42,3153
2025/10/24,09:08:20,913866,850958,"7,132",49,25,0,42,2859
2025/10/24,09:08:30,913867,850925,"7,136",49,25,0,42,2773
2025/10/24,09:08:40,914026,851037,"7,140",49,25,0,42,2946
2025/10/24,09:08:50,913907,850894,"7,144",49,25,0,42,2632
2025/10/24,09:09:00,914030,850971,"7,149",49,25,0,42,3066
2025/10/24,09:09:10,913847,850761,"7,153",49,25,0,42,3239
2025/10/24,09:09:20,913847,850731,"7,157",49,25,0,42,2453
2025/10/24,09:09:30,913927,850769,"7,161",50,25,0,42,2922
2025/10/24,09:09:40,913849,850657,"7,166",49,25,0,42,3221
2025/10/24,09:09:50,913823,850593,"7,170",50,25,0,42,3189
2025/10/24,09:10:00,913875,850602,"7,175",49,25,0,42,3222
2025/10/24,09:10:10,913931,850613,"7,180",49,25,0,42,3362
2025/10/24,09:10:20,913834,850488,"7,184",49,25,0,42,2839
2025/10/24,09:10:30,913759,850379,"7,188",49,25,0,42,3206
2025/10/24,09:10:40,913749,850334,"7,193",49,25,0,42,2919
2025/10/24,09:10:50,913847,850387,"7,197",49,25,0,42,3124
2025/10/24,09:11:00,913904,850405,"7,201",49,25,0,42,2866
2025/10/24,09:11:10,913683,850166,"7,205",49,25,0,42,2729
2025/10/24,09:11:20,913871,850300,"7,210",50,25,0,42,3281
2025/10/24,09:11:30,913716,850117,"7,215",50,25,0,42,3109
2025/10/24,09:11:40,913873,850229,"7,219",49,25,0,42,2787
2025/10/24,09:11:50,913711,850044,"7,223",49,25,0,42,2805
2025/10/24,09:12:00,913688,849983,"7,227",50,25,0,42,3176
2025/10/24,09:12:10,913729,849979,"7,232",49,25,0,42,3448
2025/10/24,09:12:20,913698,849913,"7,237",49,25,0,42,3041
2025/10/24,09:12:30,913684,849855,"7,242",49,25,0,42,3681
2025/10/24,09:12:40,913696,849822,"7,247",49,25,0,42,3614
2025/10/24,09:12:50,913700,849785,"7,252",49,25,0,41,3333
2025/10/24,09:13:00,913714,849762,"7,256",49,25,0,41,2948
2025/10/24,09:13:10,913818,849820,"7,261",49,25,0,41,3169
2025/10/24,09:13:20,913688,849667,"7,264",50,25,0,41,2575
2025/10/24,09:13:30,913775,849706,"7,269",49,25,0,41,3430
2025/10/24,09:13:40,913662,849561,"7,274",49,25,0,41,3268
2025/10/24,09:13:50,913772,849624,"7,279",49,25,0,41,3216
2025/10/24,09:14:00,913677,849498,"7,283",49,25,0,41,3084
2025/10/24,09:14:10,913625,849414,"7,287",49,25,0,41,2919
2025/10/24,09:14:20,913657,849403,"7,292",50,25,0,41,3270
2025/10/24,09:14:30,913638,849351,"7,296",49,25,0,41,2812
2025/10/24,09:14:40,913578,849256,"7,301",49,25,0,41,3212
2025/10/24,09:14:50,913626,849266,"7,305",50,25,0,41,2778
2025/10/24,09:15:00,913609,849210,"7,310",49,25,0,41,3292
2025/10/24,09:15:10,913609,849173,"7,314",49,25,0,41,3030
2025/10/24,09:15:20,913557,849087,"7,318",50,25,0,41,3024
2025/10/24,09:15:30,913574,849066,"7,323",49,25,0,41,3014
2025/10/24,09:15:40,913663,849097,"7,329",49,25,0,41,4236
2025/10/24,09:15:50,913539,848940,"7,334",49,25,0,41,3421
2025/10/24,09:16:00,913582,848946,"7,338",49,25,0,41,2782
2025/10/24,09:16:10,913708,849024,"7,342",49,25,0,41,3202
2025/10/24,09:16:20,913577,848860,"7,347",49,25,0,41,3464
2025/10/24,09:16:30,913579,848822,"7,352",50,25,0,41,3201
2025/10/24,09:16:40,913654,848852,"7,357",49,25,0,41,3251
2025/10/24,09:16:50,913486,848663,"7,361",49,25,0,41,2698
2025/10/24,09:17:00,913562,848692,"7,365",50,25,0,41,3341
2025/10/24,09:17:10,913506,848603,"7,370",49,25,0,41,3031
2025/10/24,09:17:20,913440,848503,"7,374",49,25,0,41,3171
2025/10/24,09:17:30,913551,848571,"7,379",49,25,0,41,2878
2025/10/24,09:17:40,913422,848419,"7,382",49,25,0,41,2638
2025/10/24,09:17:50,913499,848444,"7,388",50,25,0,41,3737
2025/10/24,09:18:00,913554,848454,"7,393",49,25,0,41,3368
2025/10/24,09:18:10,913558,848415,"7,398",50,25,0,41,3432
2025/10/24,09:18:20,913548,848365,"7,402",50,25,0,40,3271
2025/10/24,09:18:30,913465,848243,"7,408",49,25,0,43,3683
2025/10/24,09:18:40,913459,848183,"7,414",49,25,0,43,4463
2025/10/24,09:18:50,913449,848132,"7,419",50,25,0,43,3352
2025/10/24,09:19:00,913442,848083,"7,424",49,25,0,43,3485
2025/10/24,09:19:10,913415,848015,"7,429",50,25,0,43,3451
2025/10/24,09:19:20,913377,847935,"7,434",49,25,0,43,3668
2025/10/24,09:19:30,913365,847882,"7,439",49,25,0,43,3434
2025/10/24,09:19:40,913336,847814,"7,444",50,25,0,43,3302
2025/10/24,09:19:50,913309,847745,"7,449",50,25,0,43,3533
2025/10/24,09:20:00,913345,847735,"7,455",49,25,0,43,3562
2025/10/24,09:20:10,913527,847864,"7,459",50,25,0,43,3210
2025/10/24,09:20:20,913281,847593,"7,464",49,25,0,43,3502
2025/10/24,09:20:30,913274,847545,"7,469",49,25,0,43,3406
2025/10/24,09:20:40,913315,847539,"7,474",49,25,0,43,3615
2025/10/24,09:20:50,913378,847559,"7,479",50,25,0,43,3093
2025/10/24,09:21:00,913269,847413,"7,484",49,25,0,43,3681
2025/10/24,09:21:10,913241,847349,"7,489",49,25,0,43,3121
2025/10/24,09:21:20,913317,847379,"7,493",50,25,0,42,3259
2025/10/24,09:21:30,913306,847335,"7,497",50,25,0,42,2718
2025/10/24,09:21:40,913325,847314,"7,502",49,25,0,42,3171
2025/10/24,09:21:50,913268,847216,"7,507",49,25,0,42,3704
2025/10/24,09:22:00,913240,847141,"7,513",49,25,0,42,4025
2025/10/24,09:22:10,913262,847118,"7,518",49,25,0,42,3564
2025/10/24,09:22:20,913234,847047,"7,524",49,25,0,42,3697
2025/10/24,09:22:30,913180,846948,"7,529",49,25,0,42,4017
2025/10/24,09:22:40,913323,847029,"7,535",50,25,0,42,4154
2025/10/24,09:22:50,913222,846890,"7,541",49,25,0,42,3723
2025/10/24,09:23:00,913350,846960,"7,547",49,25,0,42,3999
2025/10/24,09:23:10,913267,846842,"7,551",49,25,0,42,3370
2025/10/24,09:23:20,913278,846807,"7,557",49,25,0,42,3712
2025/10/24,09:23:30,913256,846746,"7,562",49,25,0,42,3335
2025/10/24,09:23:40,913357,846793,"7,567",50,25,0,42,3754
2025/10/24,09:23:50,913337,846730,"7,572",49,25,0,42,3652
2025/10/24,09:24:00,913167,846528,"7,578",49,25,0,42,3648
2025/10/24,09:24:10,913331,846636,"7,583",49,25,0,42,3617
2025/10/24,09:24:20,913161,846438,"7,588",49,25,0,42,3321
2025/10/24,09:24:30,913221,846451,"7,593",50,25,0,42,3432
2025/10/24,09:24:40,913228,846417,"7,597",49,25,0,42,3327
2025/10/24,09:24:50,913215,846363,"7,602",49,25,0,42,3447
2025/10/24,09:25:00,913124,846237,"7,607",50,25,0,42,3356
2025/10/24,09:25:10,913160,846232,"7,612",50,25,0,42,3090
2025/10/24,09:25:20,913302,846319,"7,617",49,25,0,42,3665
2025/10/24,09:25:30,913144,846132,"7,622",50,25,0,42,3269
2025/10/24,09:25:40,913089,846044,"7,626",49,25,0,42,3045
2025/10/24,09:25:50,913128,846044,"7,630",49,25,0,42,2971
2025/10/24,09:26:00,913113,845995,"7,635",49,25,0,42,2886
2025/10/24,09:26:10,913097,845943,"7,639",49,25,0,42,3056
2025/10/24,09:26:20,913105,845912,"7,644",49,25,0,42,3158
2025/10/24,09:26:30,913112,845875,"7,649",49,25,0,42,3575
2025/10/24,09:26:40,913095,845822,"7,653",49,25,0,41,3063
2025/10/24,09:26:50,913097,845780,"7,658",50,25,0,41,3534
2025/10/24,09:27:00,913097,845742,"7,663",49,25,0,41,3125
2025/10/24,09:27:10,913059,845669,"7,667",49,25,0,41,3109
2025/10/24,09:27:20,913087,845663,"7,671",50,25,0,41,2574
2025/10/24,09:27:30,913102,845640,"7,675",49,25,0,41,3034
2025/10/24,09:27:40,913029,845540,"7,679",49,25,0,41,2665
2025/10/24,09:27:50,913066,845536,"7,684",49,25,0,41,3147
2025/10/24,09:28:00,913082,845511,"7,688",49,25,0,41,3275
2025/10/24,09:28:10,913067,845463,"7,692",49,25,0,41,2806
2025/10/24,09:28:20,913186,845534,"7,697",49,25,0,41,3224
2025/10/24,09:28:30,913026,845351,"7,701",50,25,0,41,2810
2025/10/24,09:28:40,913044,845337,"7,705",50,25,0,41,2473
2025/10/24,09:28:50,913099,845351,"7,709",50,25,0,41,2977
2025/10/24,09:29:00,913008,845232,"7,713",50,25,0,41,2802
2025/10/24,09:29:10,913091,845273,"7,718",50,25,0,41,2890
2025/10/24,09:29:20,913041,845188,"7,722",50,25,0,41,3122
2025/10/24,09:29:30,913016,845128,"7,727",49,25,0,41,3033
2025/10/24,09:29:40,912986,845060,"7,731",50,25,0,41,3245
2025/10/24,09:29:50,913030,845063,"7,736",50,25,0,41,3043
2025/10/24,09:30:00,912993,844990,"7,740",50,25,0,41,3126
2025/10/24,09:30:10,912970,844931,"7,745",49,25,0,41,3104
2025/10/24,09:30:20,912965,844892,"7,749",49,25,0,41,2829
2025/10/24,09:30:30,912963,844849,"7,754",49,25,0,41,3387
2025/10/24,09:30:40,912991,844838,"7,758",49,25,0,41,3039
2025/10/24,09:30:50,912937,844751,"7,762",49,25,0,41,3049
2025/10/24,09:31:00,912965,844738,"7,767",50,25,0,41,3139
2025/10/24,09:31:10,913115,844837,"7,772",50,25,0,41,3210
2025/10/24,09:31:20,912958,844660,"7,776",50,25,0,41,2561
2025/10/24,09:31:30,912952,844614,"7,780",49,25,0,41,3331
2025/10/24,09:31:40,912889,844516,"7,785",49,25,0,41,3271
2025/10/24,09:31:50,912933,844514,"7,790",49,25,0,41,3517
2025/10/24,09:32:00,912918,844461,"7,795",50,25,0,41,3158
2025/10/24,09:32:10,913000,844497,"7,799",49,25,0,40,3282
2025/10/24,09:32:20,912891,844358,"7,804",49,25,0,43,3145
2025/10/24,09:32:30,912936,844359,"7,809",49,25,0,43,3346
2025/10/24,09:32:40,912868,844262,"7,813",49,25,0,43,2810
2025/10/24,09:32:50,912959,844312,"7,817",49,25,0,43,2814
2025/10/24,09:33:00,912876,844197,"7,821",49,25,0,43,3150
2025/10/24,09:33:10,912950,844223,"7,826",49,25,0,43,3496
2025/10/24,09:33:20,912868,844112,"7,831",50,25,0,43,2840
2025/10/24,09:33:30,912945,844148,"7,835",49,25,0,43,2900
2025/10/24,09:33:40,912897,844070,"7,839",49,25,0,43,2770
2025/10/24,09:33:50,912936,844072,"7,843",50,25,0,43,2750
2025/10/24,09:34:00,912956,844050,"7,848",49,25,0,43,3336
2025/10/24,09:34:10,912911,843971,"7,852",49,25,0,43,3082
2025/10/24,09:34:20,912967,843988,"7,856",49,25,0,43,2865
2025/10/24,09:34:30,912837,843832,"7,860",49,25,0,43,2952
2025/10/24,09:34:40,912808,843771,"7,864",50,25,0,43,2762
2025/10/24,09:34:50,912811,843735,"7,869",50,25,0,43,3132
2025/10/24,09:35:00,912823,843712,"7,873",49,25,0,43,2810
2025/10/24,09:35:10,912880,843725,"7,878",49,25,0,42,3271
2025/10/24,09:35:20,912801,843622,"7,881",49,25,0,42,2472
2025/10/24,09:35:30,912902,843680,"7,886",49,25,0,42,2914
2025/10/24,09:35:40,912991,843726,"7,890",50,25,0,42,2928
2025/10/24,09:35:50,912845,843554,"7,894",50,25,0,42,2996
2025/10/24,09:36:00,912916,843581,"7,899",49,25,0,42,3183
2025/10/24,09:36:10,912961,843591,"7,903",49,25,0,42,2604
2025/10/24,09:36:20,912854,843456,"7,907",49,25,0,42,2979
2025/10/24,09:36:30,912874,843442,"7,911",49,25,0,42,2678
2025/10/24,09:36:40,912832,843372,"7,914",49,25,0,42,2572
2025/10/24,09:36:50,912809,843314,"7,919",50,25,0,42,2970
2025/10/24,09:37:00,912810,843279,"7,923",50,25,0,42,2904
2025/10/24,09:37:10,912835,843265,"7,927",49,25,0,42,3060
2025/10/24,09:37:20,912831,843228,"7,931",50,26,0,42,2692
2025/10/24,09:37:30,912753,843124,"7,935",49,26,0,42,2635
2025/10/24,09:37:40,912847,843176,"7,939",49,26,0,42,2873
2025/10/24,09:37:50,912763,843064,"7,943",49,26,0,42,2839
2025/10/24,09:38:00,912700,842971,"7,947",49,25,0,42,2872
2025/10/24,09:38:10,912737,842974,"7,951",49,26,0,42,2572
2025/10/24,09:38:20,912740,842941,"7,955",50,26,0,42,2892
2025/10/24,09:38:30,912740,842906,"7,960",49,26,0,42,2888
2025/10/24,09:38:40,912721,842858,"7,963",49,26,0,42,2513
2025/10/24,09:38:50,912727,842832,"7,967",49,26,0,42,2603
2025/10/24,09:39:00,912704,842777,"7,971",49,26,0,42,2786
2025/10/24,09:39:10,912740,842776,"7,975",49,26,0,42,2826
2025/10/24,09:39:20,912730,842729,"7,979",50,26,0,42,3054
2025/10/24,09:39:30,912751,842708,"7,984",50,26,0,42,3267
2025/10/24,09:39:40,912848,842761,"7,989",49,26,0,42,3017
2025/10/24,09:39:50,912698,842594,"7,992",49,26,0,42,2354
2025/10/24,09:40:00,912709,842565,"7,997",49,26,0,42,3232
2025/10/24,09:40:10,912774,842592,"8,001",50,26,0,42,2670
2025/10/24,09:40:20,912825,842596,"8,006",49,26,0,42,3556
2025/10/24,09:40:30,912713,842448,"8,011",49,26,0,42,3683
2025/10/24,09:40:40,912662,842360,"8,016",49,26,0,41,3379
2025/10/24,09:40:50,912710,842367,"8,020",49,26,0,41,3080
2025/10/24,09:41:00,912661,842283,"8,025",49,26,0,41,3202
2025/10/24,09:41:10,912644,842214,"8,031",49,26,0,41,4402
2025/10/24,09:41:20,912659,842173,"8,038",50,26,0,41,4438
2025/10/24,09:41:30,912657,842109,"8,045",49,26,0,41,5133
2025/10/24,09:41:40,912610,842014,"8,051",50,26,0,41,4180
2025/10/24,09:41:50,912625,841972,"8,058",50,26,0,41,4520
2025/10/24,09:42:00,912664,841953,"8,064",49,26,0,41,4542
2025/10/24,09:42:10,912576,841818,"8,071",50,26,0,41,4357
2025/10/24,09:42:20,912577,841767,"8,077",50,26,0,41,4204
2025/10/24,09:42:30,912527,841674,"8,082",49,26,0,41,3874
2025/10/24,09:42:40,912532,841626,"8,089",49,26,0,41,4348
2025/10/24,09:42:50,912537,841576,"8,095",49,26,0,41,4513
2025/10/24,09:43:00,912445,841492,"8,095",49,26,0,41,-70
2025/10/24,09:43:10,912446,841424,"8,103",49,26,0,41,5697
2025/10/24,09:43:20,912524,841462,"8,107",49,26,0,41,2804
2025/10/24,09:43:30,912502,841409,"8,111",49,26,0,41,2704
2025/10/24,09:43:40,912458,841340,"8,115",49,26,0,41,2350
2025/10/24,09:43:50,912506,841355,"8,118",50,26,0,41,2370
2025/10/24,09:44:00,912452,841272,"8,122",49,26,0,41,2746
2025/10/24,09:44:10,912472,841260,"8,126",49,26,0,41,2517
2025/10/24,09:44:20,912487,841243,"8,129",49,26,0,41,2549
2025/10/24,09:44:30,912472,841202,"8,133",50,26,0,41,2202
2025/10/24,09:44:40,912440,841148,"8,135",49,26,0,41,2026
2025/10/24,09:44:50,912438,841120,"8,139",49,26,0,41,2163
2025/10/24,09:45:00,912551,841198,"8,142",49,26,0,41,2164
2025/10/24,09:45:10,912406,841037,"8,145",50,26,0,41,2215
2025/10/24,09:45:20,912381,840989,"8,148",49,26,0,41,2064
2025/10/24,09:45:30,912400,840978,"8,151",50,26,0,41,2311
2025/10/24,09:45:40,912392,840942,"8,155",49,26,0,41,2368
2025/10/24,09:45:50,912508,841017,"8,158",49,26,0,41,2639
2025/10/24,09:46:00,912416,840907,"8,161",49,26,0,41,2085
2025/10/24,09:46:10,912377,840846,"8,164",49,26,0,40,2073
2025/10/24,09:46:20,912438,840878,"8,167",49,26,0,43,2003
2025/10/24,09:46:30,912405,840820,"8,171",49,26,0,43,2282
2025/10/24,09:46:40,912410,840796,"8,174",49,26,0,43,2366
2025/10/24,09:46:50,912389,840746,"8,178",49,26,0,43,2535
2025/10/24,09:47:00,912358,840689,"8,181",49,26,0,43,2352
2025/10/24,09:47:10,912321,840632,"8,184",49,26,0,43,1895
2025/10/24,09:47:20,912401,840675,"8,187",50,26,0,43,2490
2025/10/24,09:47:30,912351,840598,"8,191",49,26,0,43,2559
2025/10/24,09:47:40,912511,840718,"8,194",50,26,0,43,2223
2025/10/24,09:47:50,912388,840575,"8,198",49,26,0,43,2456
2025/10/24,09:48:00,912460,840613,"8,201",50,26,0,43,2297
2025/10/24,09:48:10,912479,840596,"8,205",49,26,0,43,2855
2025/10/24,09:48:20,912358,840456,"8,209",49,26,0,43,2361
2025/10/24,09:48:30,912373,840440,"8,212",50,26,0,43,2418
2025/10/24,09:48:40,912373,840414,"8,215",49,26,0,43,2152
2025/10/24,09:48:50,912349,840354,"8,220",49,26,0,43,3136
2025/10/24,09:49:00,912412,840381,"8,224",49,26,0,42,2568
2025/10/24,09:49:10,912330,840270,"8,228",49,26,0,42,2936
2025/10/24,09:49:20,912520,840414,"8,232",49,26,0,42,2565
2025/10/24,09:49:30,912318,840201,"8,235",49,26,0,42,2232
2025/10/24,09:49:40,912335,840183,"8,239",49,26,0,42,2786
2025/10/24,09:49:50,912314,840132,"8,243",49,26,0,42,2621
2025/10/24,09:50:00,912388,840167,"8,246",49,26,0,42,2744
2025/10/24,09:50:10,912356,840108,"8,250",49,26,0,42,2445
2025/10/24,09:50:20,912399,840117,"8,254",50,26,0,42,2482
2025/10/24,09:50:30,912296,839992,"8,257",50,26,0,42,2447
2025/10/24,09:50:40,912283,839946,"8,261",49,26,0,42,2818
2025/10/24,09:50:50,912323,839954,"8,265",50,26,0,42,2339
2025/10/24,09:51:00,912433,840020,"8,269",49,26,0,42,2921
2025/10/24,09:51:10,912369,839930,"8,273",50,26,0,42,2522
2025/10/24,09:51:20,912277,839813,"8,276",50,26,0,42,2622
2025/10/24,09:51:30,912245,839754,"8,280",49,26,0,42,2447
2025/10/24,09:51:40,912205,839683,"8,284",49,26,0,42,2831
2025/10/24,09:51:50,912301,839737,"8,288",50,26,0,42,2790
2025/10/24,09:52:00,912281,839684,"8,292",50,26,0,42,2808
2025/10/24,09:52:10,912287,839653,"8,297",50,26,0,42,2965
2025/10/24,09:52:20,912245,839583,"8,300",49,26,0,42,2596
2025/10/24,09:52:30,912421,839710,"8,304",50,26,0,42,2839
2025/10/24,09:52:40,912337,839592,"8,309",49,26,0,42,3371
2025/10/24,09:52:50,912268,839493,"8,314",50,26,0,42,2882
2025/10/24,09:53:00,912201,839392,"8,318",49,26,0,42,3260
2025/10/24,09:53:10,912236,839384,"8,323",50,26,0,42,3265
2025/10/24,09:53:20,912169,839288,"8,327",50,26,0,42,2790
2025/10/24,09:53:30,912256,839331,"8,332",50,26,0,42,3009
2025/10/24,09:53:40,912230,839270,"8,336",50,26,0,42,3011
2025/10/24,09:53:50,912243,839250,"8,340",49,26,0,42,2649
2025/10/24,09:54:00,912327,839289,"8,344",49,26,0,42,3172
2025/10/24,09:54:10,912197,839138,"8,348",49,26,0,42,2603
2025/10/24,09:54:20,912188,839096,"8,352",49,26,0,42,2795
2025/10/24,09:54:30,912225,839097,"8,356",49,26,0,41,2738
2025/10/24,09:54:40,912207,839042,"8,361",50,26,0,41,3123
2025/10/24,09:54:50,912292,839088,"8,364",49,26,0,41,2668
2025/10/24,09:55:00,912204,838976,"8,368",49,26,0,41,2575
2025/10/24,09:55:10,912224,838965,"8,372",49,26,0,41,2437
2025/10/24,09:55:20,912242,838956,"8,375",49,26,0,41,2118
2025/10/24,09:55:30,912190,838878,"8,378",50,26,0,41,2452
2025/10/24,09:55:40,912201,838858,"8,382",49,26,0,41,2497
2025/10/24,09:55:50,912142,838771,"8,386",50,26,0,41,2661
2025/10/24,09:56:00,912215,838809,"8,389",49,26,0,41,2415
2025/10/24,09:56:10,912272,838825,"8,394",49,26,0,41,3019
2025/10/24,09:56:20,912188,838723,"8,397",49,26,0,41,2053
2025/10/24,09:56:30,912090,838596,"8,401",50,26,0,41,2999
2025/10/24,09:56:40,912132,838601,"8,405",49,26,0,41,2788
2025/10/24,09:56:50,912173,838611,"8,408",50,26,0,41,2251
2025/10/24,09:57:00,912142,838553,"8,412",50,26,0,41,2398
2025/10/24,09:57:10,912110,838489,"8,416",50,26,0,41,2811
2025/10/24,09:57:20,912131,838476,"8,420",50,26,0,41,2626
2025/10/24,09:57:30,912171,838478,"8,424",49,26,0,41,2884
2025/10/24,09:57:40,912198,838475,"8,427",49,26,0,41,2308
2025/10/24,09:57:50,912161,838409,"8,431",49,26,0,41,2654
2025/10/24,09:58:00,912149,838370,"8,434",50,26,0,41,2274
2025/10/24,09:58:10,912128,838320,"8,438",49,26,0,41,2547
2025/10/24,09:58:20,912189,838349,"8,441",50,26,0,41,2200
2025/10/24,09:58:30,912070,838210,"8,445",50,26,0,41,2410
2025/10/24,09:58:40,912042,838158,"8,448",49,26,0,41,2180
2025/10/24,09:58:50,912031,838116,"8,452",49,26,0,41,2646
2025/10/24,09:59:00,912095,838141,"8,456",49,26,0,41,2806
2025/10/24,09:59:10,912002,838029,"8,459",50,26,0,41,2159
2025/10/24,09:59:20,912067,838060,"8,462",50,26,0,41,2336
2025/10/24,09:59:30,912012,837983,"8,466",49,26,0,41,2196
2025/10/24,09:59:40,912030,837971,"8,469",49,26,0,41,2369
2025/10/24,09:59:50,911947,837870,"8,472",50,26,0,40,2013
2025/10/24,10:00:00,911988,837882,"8,475",49,26,0,40,2131
2025/10/24,10:00:10,911957,837828,"8,478",50,26,0,38,2076
2025/10/24,10:00:20,912041,837875,"8,482",50,26,0,38,2454
2025/10/24,10:00:30,912066,837872,"8,485",49,26,0,38,2155
2025/10/24,10:00:40,912068,837842,"8,489",50,26,0,38,2590
2025/10/24,10:00:50,911992,837745,"8,492",49,26,0,38,2257
2025/10/24,10:01:00,911996,837723,"8,495",49,26,0,38,2132
2025/10/24,10:01:10,912034,837734,"8,498",49,26,0,38,1985
2025/10/24,10:01:20,912025,837699,"8,501",50,26,0,38,2175
2025/10/24,10:01:30,912046,837690,"8,504",50,26,0,38,2302
2025/10/24,10:01:40,912007,837619,"8,508",50,26,0,38,2863
2025/10/24,10:01:50,912013,837592,"8,512",49,26,0,38,2700
2025/10/24,10:02:00,912011,837559,"8,516",50,26,0,38,2536
2025/10/24,10:02:10,912010,837526,"8,520",49,26,0,38,2664
2025/10/24,10:02:20,911985,837472,"8,524",49,26,0,37,2578
2025/10/24,10:02:30,911983,837434,"8,528",49,26,0,37,3003
2025/10/24,10:02:40,911937,837354,"8,532",49,26,0,37,3136
2025/10/24,10:02:50,912012,837388,"8,537",49,26,0,37,2896
2025/10/24,10:03:00,911970,837322,"8,540",50,26,0,37,2233
2025/10/24,10:03:10,911933,837257,"8,544",49,26,0,37,2577
2025/10/24,10:03:20,912010,837298,"8,547",50,26,0,37,2417
2025/10/24,10:03:30,911992,837254,"8,550",50,26,0,37,2237
2025/10/24,10:03:40,911943,837179,"8,554",49,26,0,37,2494
2025/10/24,10:03:50,912004,837201,"8,558",49,26,0,37,2824
2025/10/24,10:04:00,911974,837141,"8,562",49,26,0,37,2697
2025/10/24,10:04:10,911961,837098,"8,566",49,26,0,37,2581
2025/10/24,10:04:20,911938,837046,"8,569",49,26,0,37,2566
2025/10/24,10:04:30,911940,837014,"8,573",49,26,0,37,2811
2025/10/24,10:04:40,911919,836964,"8,577",50,26,0,37,2502
2025/10/24,10:04:50,912073,837070,"8,581",49,26,0,37,2936
2025/10/24,10:05:00,911968,836945,"8,585",49,26,0,37,2380
2025/10/24,10:05:10,911985,836927,"8,589",50,26,0,37,2736
2025/10/24,10:05:20,912003,836914,"8,592",49,26,0,37,2453
2025/10/24,10:05:30,911871,836758,"8,596",50,26,0,37,2840
2025/10/24,10:05:40,911854,836707,"8,601",50,26,0,37,2884
2025/10/24,10:05:50,911864,836685,"8,604",50,26,0,37,2540
2025/10/24,10:06:00,911906,836691,"8,608",49,26,0,37,2705
2025/10/24,10:06:10,911848,836605,"8,612",50,26,0,37,2671
2025/10/24,10:06:20,911855,836575,"8,616",49,27,0,37,3028
2025/10/24,10:06:30,911917,836600,"8,620",49,27,0,37,2650
2025/10/24,10:06:40,911899,836553,"8,624",50,27,0,37,2484
2025/10/24,10:06:50,911838,836462,"8,628",49,27,0,37,2913
2025/10/24,10:07:00,911856,836446,"8,632",50,27,0,37,2649
2025/10/24,10:07:10,911837,836396,"8,636",49,27,0,37,2708
2025/10/24,10:07:20,911799,836324,"8,640",49,27,0,37,3089
2025/10/24,10:07:30,911860,836344,"8,645",49,27,0,37,2990
2025/10/24,10:07:40,911913,836361,"8,648",50,27,0,36,2576
2025/10/24,10:07:50,911903,836319,"8,652",50,27,0,36,2675
2025/10/24,10:08:00,911819,836213,"8,656",49,27,0,36,2409
2025/10/24,10:08:10,911760,836125,"8,660",49,27,0,36,2819
2025/10/24,10:08:20,911830,836156,"8,664",49,27,0,36,2761
2025/10/24,10:08:30,911786,836086,"8,667",49,27,0,36,2467
2025/10/24,10:08:40,911765,836034,"8,671",50,27,0,36,2669
2025/10/24,10:08:50,911771,836009,"8,675",49,27,0,36,2538
2025/10/24,10:09:00,911776,835977,"8,679",50,27,0,36,2983
2025/10/24,10:09:10,911913,836062,"8,684",50,27,0,36,3311
2025/10/24,10:09:20,911848,835965,"8,689",49,27,0,36,3112
2025/10/24,10:09:30,911827,835907,"8,693",50,27,0,36,3159
2025/10/24,10:09:40,912002,836024,"8,698",49,27,0,36,3613
2025/10/24,10:09:50,911826,835829,"8,703",49,27,0,36,2801
2025/10/24,10:10:00,911775,835747,"8,707",49,27,0,36,2934
2025/10/24,10:10:10,911811,835735,"8,712",49,27,0,36,3745
2025/10/24,10:10:20,911850,835723,"8,718",50,27,0,36,3894
2025/10/24,10:10:30,911767,835605,"8,723",50,27,0,36,3420
2025/10/24,10:10:40,911785,835580,"8,728",49,27,0,36,3454
2025/10/24,10:10:50,911940,835684,"8,732",50,27,0,36,3103
2025/10/24,10:11:00,911949,835654,"8,737",50,27,0,36,3120
2025/10/24,10:11:10,911780,835464,"8,741",49,27,0,36,2925
2025/10/24,10:11:20,911837,835479,"8,746",50,27,0,36,3037
2025/10/24,10:11:30,911793,835403,"8,750",50,27,0,36,2911
2025/10/24,10:11:40,911757,835336,"8,754",50,27,0,36,2776
2025/10/24,10:11:50,911747,835289,"8,758",50,27,0,36,3088
2025/10/24,10:12:00,911752,835254,"8,763",49,27,0,36,3296
2025/10/24,10:12:10,911771,835235,"8,768",49,27,0,36,3031
2025/10/24,10:12:20,911871,835291,"8,772",49,27,0,36,2965
2025/10/24,10:12:30,911764,835160,"8,776",49,27,0,36,2747
2025/10/24,10:12:40,911740,835104,"8,780",50,27,0,36,2776
2025/10/24,10:12:50,911667,835002,"8,784",50,27,0,36,2868
2025/10/24,10:13:00,911715,835011,"8,788",50,27,0,35,2854
2025/10/24,10:13:10,911780,835041,"8,792",50,27,0,35,2410
2025/10/24,10:13:20,911748,834982,"8,795",49,27,0,35,2473
2025/10/24,10:13:30,911702,834908,"8,799",49,27,0,35,2655
2025/10/24,10:13:40,911807,834971,"8,803",50,27,0,35,2706
2025/10/24,10:13:50,911761,834906,"8,806",50,27,0,35,1868
2025/10/24,10:14:00,911896,834994,"8,810",50,27,0,38,2908
2025/10/24,10:14:10,911694,834784,"8,813",49,27,0,38,2086
2025/10/24,10:14:20,911817,834864,"8,817",49,27,0,38,2718
2025/10/24,10:14:30,911839,834850,"8,821",49,27,0,38,2844
2025/10/24,10:14:40,911681,834672,"8,825",49,27,0,38,2778
2025/10/24,10:14:50,911718,834669,"8,830",50,27,0,38,3011
2025/10/24,10:15:00,911659,834585,"8,833",49,27,0,38,2499
2025/10/24,10:15:10,911649,834535,"8,838",49,27,0,38,3404
2025/10/24,10:15:20,911656,834504,"8,843",49,27,0,38,3118
2025/10/24,10:15:30,911813,834609,"8,847",49,27,0,38,3226
2025/10/24,10:15:40,911648,834422,"8,851",49,27,0,38,2998
2025/10/24,10:15:50,911620,834363,"8,855",50,27,0,38,2726
2025/10/24,10:16:00,911750,834447,"8,860",49,27,0,37,2916
2025/10/24,10:16:10,911747,834412,"8,864",49,27,0,37,2688
2025/10/24,10:16:20,911624,834266,"8,868",50,27,0,37,2731
2025/10/24,10:16:30,911763,834358,"8,872",50,27,0,37,2876
2025/10/24,10:16:40,911689,834258,"8,876",50,27,0,37,2637
2025/10/24,10:16:50,911783,834308,"8,880",49,27,0,37,3002
2025/10/24,10:17:00,911648,834149,"8,884",49,27,0,37,2958
2025/10/24,10:17:10,911616,834083,"8,889",49,27,0,37,3062
2025/10/24,10:17:20,911617,834049,"8,893",49,27,0,37,2911
2025/10/24,10:17:30,911628,834030,"8,896",49,27,0,37,2424
2025/10/24,10:17:40,911627,833993,"8,901",49,27,0,37,3009
2025/10/24,10:17:50,911661,833988,"8,905",50,27,0,37,2951
2025/10/24,10:18:00,911623,833919,"8,909",49,27,0,37,2855
2025/10/24,10:18:10,911628,833890,"8,913",49,27,0,37,2800
2025/10/24,10:18:20,911600,833832,"8,917",49,27,0,37,2701
2025/10/24,10:18:30,911555,833759,"8,921",49,27,0,37,2656
2025/10/24,10:18:40,911650,833813,"8,925",49,27,0,37,2744
2025/10/24,10:18:50,911572,833711,"8,928",49,27,0,37,2558
2025/10/24,10:19:00,911704,833795,"8,933",50,27,0,37,3002
2025/10/24,10:19:10,911522,833598,"8,936",50,27,0,37,2498
2025/10/24,10:19:20,911543,833583,"8,941",49,27,0,37,2854
2025/10/24,10:19:30,911561,833566,"8,945",49,27,0,37,2792
2025/10/24,10:19:40,911649,833614,"8,948",49,27,0,37,2709
2025/10/24,10:19:50,911517,833465,"8,952",50,27,0,37,2314
2025/10/24,10:20:00,911637,833542,"8,956",49,27,0,37,2730
2025/10/24,10:20:10,911532,833416,"8,959",49,27,0,37,2503
2025/10/24,10:20:20,911614,833460,"8,963",50,27,0,37,2533
2025/10/24,10:20:30,911512,833335,"8,967",49,27,0,37,2649
2025/10/24,10:20:40,911600,833385,"8,971",50,27,0,37,2491
2025/10/24,10:20:50,911527,833291,"8,974",50,27,0,37,2230
2025/10/24,10:21:00,911509,833246,"8,977",49,27,0,37,2383
2025/10/24,10:21:10,911480,833182,"8,982",50,27,0,37,3067
2025/10/24,10:21:20,911522,833187,"8,986",50,27,0,36,2732
2025/10/24,10:21:30,911494,833130,"8,990",50,27,0,36,2569
2025/10/24,10:21:40,911494,833100,"8,993",49,27,0,36,2504
2025/10/24,10:21:50,911558,833128,"8,997",50,27,0,36,2495
2025/10/24,10:22:00,911629,833158,"9,001",50,27,0,36,2854
2025/10/24,10:22:10,911543,833048,"9,005",49,27,0,36,2622
2025/10/24,10:22:20,911521,833000,"9,008",49,27,0,36,2329
2025/10/24,10:22:30,911556,832993,"9,013",49,27,0,36,3255
2025/10/24,10:22:40,911569,832978,"9,016",50,27,0,36,2199
2025/10/24,10:22:50,911479,832866,"9,020",49,27,0,36,2485
2025/10/24,10:23:00,911544,832893,"9,023",50,27,0,36,2651
2025/10/24,10:23:10,911503,832824,"9,027",49,27,0,36,2634
2025/10/24,10:23:20,911521,832812,"9,031",49,27,0,36,2376
2025/10/24,10:23:30,911468,832726,"9,035",49,27,0,36,3138
2025/10/24,10:23:40,911548,832762,"9,040",49,27,0,36,3098
2025/10/24,10:23:50,911519,832706,"9,043",49,27,0,36,2464
2025/10/24,10:24:00,911515,832670,"9,047",49,27,0,36,2702
2025/10/24,10:24:10,911484,832614,"9,050",49,27,0,36,2312
2025/10/24,10:24:20,911617,832700,"9,055",49,27,0,36,2964
2025/10/24,10:24:30,911473,832544,"9,058",49,27,0,36,2044
2025/10/24,10:24:40,911493,832525,"9,062",49,27,0,36,3113
2025/10/24,10:24:50,911473,832473,"9,066",50,27,0,36,2762
2025/10/24,10:25:00,911514,832478,"9,070",50,27,0,36,2657
2025/10/24,10:25:10,911418,832356,"9,074",49,27,0,36,2868
2025/10/24,10:25:20,911430,832341,"9,077",50,27,0,36,2126
2025/10/24,10:25:30,911359,832246,"9,081",49,27,0,36,2521
2025/10/24,10:25:40,911407,832260,"9,084",49,27,0,36,2493
2025/10/24,10:25:50,911404,832227,"9,088",49,27,0,36,2529
2025/10/24,10:26:00,911445,832234,"9,092",49,27,0,36,2544
2025/10/24,10:26:10,911379,832149,"9,095",49,27,0,36,2067
2025/10/24,10:26:20,911391,832128,"9,099",49,27,0,36,2671
2025/10/24,10:26:30,911406,832110,"9,102",49,27,0,36,2649
2025/10/24,10:26:40,911438,832108,"9,106",50,27,0,35,2557
2025/10/24,10:26:50,911421,832059,"9,110",50,27,0,35,2743
2025/10/24,10:27:00,911357,831965,"9,114",49,27,0,35,2974
2025/10/24,10:27:10,911385,831957,"9,118",49,27,0,35,2806
2025/10/24,10:27:20,911377,831916,"9,123",49,27,0,35,2817
2025/10/24,10:27:30,911349,831857,"9,127",50,27,0,38,2740
2025/10/24,10:27:40,911279,831759,"9,131",49,27,0,38,2852
2025/10/24,10:27:50,911404,831830,"9,136",50,27,0,38,3531
2025/10/24,10:28:00,911308,831714,"9,139",49,27,0,38,2373
2025/10/24,10:28:10,911354,831718,"9,144",49,27,0,38,3176
2025/10/24,10:28:20,911262,831599,"9,148",49,27,0,38,2930
2025/10/24,10:28:30,911263,831564,"9,152",49,27,0,38,3004
2025/10/24,10:28:40,911250,831510,"9,157",50,27,0,38,3454
2025/10/24,10:28:50,911255,831481,"9,161",49,27,0,38,2807
2025/10/24,10:29:00,911260,831444,"9,166",49,27,0,38,3477
2025/10/24,10:29:10,911429,831562,"9,171",49,27,0,38,3027
2025/10/24,10:29:20,911298,831405,"9,175",49,27,0,38,3135
2025/10/24,10:29:30,911278,831355,"9,179",49,27,0,38,2656
2025/10/24,10:29:40,911322,831358,"9,184",49,27,0,37,3107
2025/10/24,10:29:50,911269,831281,"9,187",50,27,0,37,2349
2025/10/24,10:30:00,911271,831248,"9,191",50,27,0,37,2855
2025/10/24,10:30:10,911264,831208,"9,195",50,27,0,37,2756
2025/10/24,10:30:20,911344,831244,"9,200",49,27,0,37,3093
2025/10/24,10:30:30,911353,831224,"9,203",49,27,0,37,2360
2025/10/24,10:30:40,911255,831096,"9,208",50,27,0,37,3167
2025/10/24,10:30:50,911215,831024,"9,212",49,27,0,37,2973
2025/10/24,10:31:00,911263,831034,"9,216",49,27,0,37,2827
2025/10/24,10:31:10,911349,831078,"9,220",49,27,0,37,2881
2025/10/24,10:31:20,911233,830938,"9,224",49,27,0,37,2864
2025/10/24,10:31:30,911221,830896,"9,228",50,27,0,37,2548
2025/10/24,10:31:40,911265,830893,"9,233",49,27,0,37,3609
2025/10/24,10:31:50,911306,830899,"9,237",49,27,0,37,2627
2025/10/24,10:32:00,911364,830918,"9,241",49,27,0,37,2836
2025/10/24,10:32:10,911208,830741,"9,245",50,27,0,37,2853
2025/10/24,10:32:20,911228,830728,"9,249",50,27,0,37,2563
2025/10/24,10:32:30,911328,830776,"9,254",50,27,0,37,3541
2025/10/24,10:32:40,911327,830734,"9,259",50,27,0,37,3371
2025/10/24,10:32:50,911198,830576,"9,264",50,27,0,37,3316
2025/10/24,10:33:00,911173,830514,"9,269",49,27,0,37,3284
2025/10/24,10:33:10,911367,830651,"9,274",50,27,0,37,3268
2025/10/24,10:33:20,911251,830525,"9,276",49,27,0,37,1698
2025/10/24,10:33:30,911207,830419,"9,284",49,27,0,37,5519
2025/10/24,10:33:40,911173,830311,"9,293",50,27,0,37,6322
2025/10/24,10:33:50,911255,830298,"9,304",49,27,0,37,7348
2025/10/24,10:34:00,911304,830266,"9,313",50,27,0,37,6292
2025/10/24,10:34:10,911195,830123,"9,318",50,27,0,37,3587
2025/10/24,10:34:20,911162,830061,"9,322",49,27,0,37,2676
2025/10/24,10:34:30,911243,830024,"9,335",49,27,0,37,9283
2025/10/24,10:34:40,911107,829813,"9,346",49,27,0,37,7302
2025/10/24,10:34:50,911116,829771,"9,352",49,27,0,37,4207
2025/10/24,10:35:00,911106,829727,"9,356",49,27,0,36,2925
2025/10/24,10:35:10,911073,829659,"9,361",49,27,0,36,3181
2025/10/24,10:35:20,911099,829643,"9,366",50,27,0,36,3260
2025/10/24,10:35:30,911098,829625,"9,368",49,27,0,36,1433
2025/10/24,10:35:40,911123,829638,"9,369",49,27,0,36,819
2025/10/24,10:35:50,911342,829838,"9,369",50,27,0,36,-48
2025/10/24,10:36:00,911161,829693,"9,366",49,27,0,36,-1661
2025/10/24,10:36:10,911205,829711,"9,369",49,27,0,36,1850
2025/10/24,10:36:20,911149,829649,"9,370",49,27,0,36,923
2025/10/24,10:36:30,911130,829624,"9,371",49,27,0,36,645
2025/10/24,10:36:40,911088,829579,"9,372",49,27,0,36,567
2025/10/24,10:36:50,911189,829650,"9,375",49,27,0,36,1757
2025/10/24,10:37:00,911120,829559,"9,378",49,27,0,36,2362
2025/10/24,10:37:10,911116,829533,"9,381",49,27,0,36,1875
2025/10/24,10:37:20,911092,829482,"9,384",50,27,0,36,2395
2025/10/24,10:37:30,911227,829585,"9,387",49,27,0,36,1669
2025/10/24,10:37:40,911080,829441,"9,388",49,27,0,36,853
2025/10/24,10:37:50,911200,829532,"9,390",49,27,0,36,1530
2025/10/24,10:38:00,911177,829508,"9,390",49,27,0,36,257
2025/10/24,10:38:10,911110,829443,"9,391",49,27,0,36,336
2025/10/24,10:38:20,911137,829466,"9,391",49,27,0,36,132
2025/10/24,10:38:30,911114,829447,"9,391",49,27,0,36,-163
2025/10/24,10:38:40,911085,829395,"9,394",49,27,0,36,2147
2025/10/24,10:38:50,911052,829347,"9,396",49,27,0,36,1506
2025/10/24,10:39:00,911083,829356,"9,398",49,27,0,36,1612
2025/10/24,10:39:10,910999,829260,"9,401",49,27,0,36,1638
2025/10/24,10:39:20,911034,829259,"9,405",49,27,0,36,2756
2025/10/24,10:39:30,911141,829320,"9,409",49,27,0,36,3052
2025/10/24,10:39:40,910967,829123,"9,414",49,27,0,36,3240
2025/10/24,10:39:50,911028,829138,"9,419",49,27,0,36,3399
2025/10/24,10:40:00,910920,828999,"9,424",49,27,0,36,3415
2025/10/24,10:40:10,910959,828995,"9,428",49,27,0,36,3313
2025/10/24,10:40:20,911032,829021,"9,433",49,27,0,35,3392
2025/10/24,10:40:30,910930,828888,"9,438",50,27,0,35,3304
2025/10/24,10:40:40,910998,828902,"9,444",50,27,0,35,3937
2025/10/24,10:40:50,911048,828909,"9,449",49,27,0,35,3230
2025/10/24,10:41:00,911086,828899,"9,454",50,27,0,35,3665
2025/10/24,10:41:10,910901,828683,"9,460",49,27,0,38,4002
2025/10/24,10:41:20,910892,828636,"9,464",50,27,0,38,3192
2025/10/24,10:41:30,910937,828632,"9,470",50,27,0,38,3696
2025/10/24,10:41:40,910870,828524,"9,475",49,27,0,38,3950
2025/10/24,10:41:50,910890,828500,"9,481",50,27,0,38,3471
2025/10/24,10:42:00,910845,828422,"9,485",50,27,0,38,3050
2025/10/24,10:42:10,910827,828356,"9,491",49,27,0,38,4167
2025/10/24,10:42:20,910944,828417,"9,496",49,27,0,38,3812
2025/10/24,10:42:30,910918,828355,"9,501",49,27,0,38,3220
2025/10/24,10:42:40,910818,828220,"9,506",49,27,0,38,3700
2025/10/24,10:42:50,910845,828198,"9,512",49,27,0,38,3909
2025/10/24,10:43:00,910833,828140,"9,518",50,27,0,38,3876
2025/10/24,10:43:10,910870,828135,"9,522",50,27,0,38,3180
2025/10/24,10:43:20,910941,828153,"9,528",50,27,0,37,3831
2025/10/24,10:43:30,910826,828001,"9,534",49,27,0,37,3986
2025/10/24,10:43:40,910815,827949,"9,539",49,27,0,37,3528
2025/10/24,10:43:50,910811,827896,"9,545",50,27,0,37,4064
2025/10/24,10:44:00,910757,827803,"9,550",49,27,0,37,3690
2025/10/24,10:44:10,910966,827940,"9,556",49,27,0,37,4449
2025/10/24,10:44:20,910764,827711,"9,562",49,27,0,37,3816
2025/10/24,10:44:30,910781,827749,"9,559",49,27,0,37,-1895
2025/10/24,10:44:40,910714,827652,"9,564",50,27,0,37,2974
2025/10/24,10:44:50,910832,827713,"9,569",49,27,0,37,3885
2025/10/24,10:45:00,910760,827606,"9,574",49,27,0,37,3493
2025/10/24,10:45:10,910731,827531,"9,580",49,27,0,37,4089
2025/10/24,10:45:20,910698,827460,"9,585",49,28,0,37,3447
2025/10/24,10:45:30,910722,827445,"9,590",49,28,0,37,3094
2025/10/24,10:45:40,910727,827409,"9,594",49,28,0,37,3408
2025/10/24,10:45:50,910757,827379,"9,601",49,28,0,37,4813
2025/10/24,10:46:00,910656,827288,"9,601",49,28,0,37,-63
2025/10/24,10:46:10,910702,827282,"9,607",49,28,0,37,4018
2025/10/24,10:46:20,910749,827288,"9,611",50,28,0,37,3023
2025/10/24,10:46:30,910724,827231,"9,616",49,28,0,37,2883
2025/10/24,10:46:40,910815,827274,"9,620",49,28,0,37,3334
2025/10/24,10:46:50,910815,827232,"9,625",50,28,0,37,3461
2025/10/24,10:47:00,910657,827054,"9,630",49,28,0,37,2901
2025/10/24,10:47:10,910627,826993,"9,634",50,28,0,37,2782
2025/10/24,10:47:20,910704,827021,"9,639",50,28,0,37,3455
2025/10/24,10:47:30,910659,826946,"9,643",50,28,0,37,2813
2025/10/24,10:47:40,910638,826889,"9,647",50,28,0,37,3127
2025/10/24,10:47:50,910582,826804,"9,652",49,28,0,37,2873
2025/10/24,10:48:00,910572,826757,"9,656",50,28,0,37,3126
2025/10/24,10:48:10,910614,826756,"9,661",49,28,0,37,3292
2025/10/24,10:48:20,910564,826678,"9,665",49,28,0,37,2743
2025/10/24,10:48:30,910623,826690,"9,670",50,28,0,37,3427
2025/10/24,10:48:40,910573,826613,"9,674",50,28,0,36,2606
2025/10/24,10:48:50,910548,826550,"9,679",50,28,0,36,3324
2025/10/24,10:49:00,910665,826623,"9,683",50,28,0,36,2738
2025/10/24,10:49:10,910609,826536,"9,687",49,28,0,36,3043
2025/10/24,10:49:20,910609,826501,"9,691",49,28,0,36,2945
2025/10/24,10:49:30,910623,826476,"9,696",49,28,0,36,3173
2025/10/24,10:49:40,910554,826380,"9,700",50,28,0,36,2753
2025/10/24,10:49:50,910576,826364,"9,704",50,28,0,36,2966
2025/10/24,10:50:00,910556,826312,"9,708",50,28,0,36,2792
2025/10/24,10:50:10,910581,826302,"9,712",50,28,0,36,2696
2025/10/24,10:50:20,910504,826197,"9,717",49,28,0,36,2957
2025/10/24,10:50:30,910528,826181,"9,721",49,28,0,36,3180
2025/10/24,10:50:40,910586,826200,"9,725",50,28,0,36,2774
2025/10/24,10:50:50,910469,826063,"9,729",50,28,0,36,2545
2025/10/24,10:51:00,910485,826035,"9,734",50,28,0,36,3508
2025/10/24,10:51:10,910509,826020,"9,738",50,28,0,36,3034
2025/10/24,10:51:20,910539,826013,"9,743",49,28,0,36,2881
2025/10/24,10:51:30,910527,825966,"9,747",50,28,0,36,2980
2025/10/24,10:51:40,910560,825957,"9,752",50,28,0,36,3213
2025/10/24,10:51:50,910573,825935,"9,756",49,28,0,36,2846
2025/10/24,10:52:00,910572,825903,"9,760",50,28,0,36,2566
2025/10/24,10:52:10,910627,825910,"9,765",49,28,0,36,3611
2025/10/24,10:52:20,910678,825905,"9,771",50,28,0,36,4230
2025/10/24,10:52:30,910569,825776,"9,775",49,28,0,36,2539
2025/10/24,10:52:40,910659,825820,"9,779",49,28,0,36,3168
2025/10/24,10:52:50,910623,825747,"9,784",49,28,0,36,3399
2025/10/24,10:53:00,910542,825635,"9,789",50,28,0,36,3182
2025/10/24,10:53:10,910502,825565,"9,793",50,28,0,36,2785
2025/10/24,10:53:20,910604,825619,"9,797",49,28,0,36,3242
2025/10/24,10:53:30,910633,825606,"9,802",49,28,0,36,3310
2025/10/24,10:53:40,910618,825553,"9,807",50,28,0,36,3253
2025/10/24,10:53:50,910608,825504,"9,812",50,28,0,36,3297
2025/10/24,10:54:00,910538,825399,"9,817",49,28,0,35,3500
2025/10/24,10:54:10,910507,825334,"9,821",49,28,0,35,3109
2025/10/24,10:54:20,910463,825251,"9,827",49,28,0,35,3634
2025/10/24,10:54:30,910573,825310,"9,831",49,28,0,35,3430
2025/10/24,10:54:40,910605,825302,"9,836",49,28,0,35,3118
2025/10/24,10:54:50,910486,825156,"9,841",49,28,0,33,3215
2025/10/24,10:55:00,910550,825175,"9,845",50,28,0,33,3222
2025/10/24,10:55:10,910543,825132,"9,850",49,28,0,33,3090
2025/10/24,10:55:20,910540,825087,"9,855",49,28,0,33,3564
2025/10/24,10:55:30,910546,825057,"9,859",49,28,0,33,2987
2025/10/24,10:55:40,910537,825010,"9,864",49,28,0,33,3275
2025/10/24,10:55:50,910555,824983,"9,869",49,28,0,33,3651
2025/10/24,10:56:00,910479,824867,"9,875",50,28,0,33,3895
2025/10/24,10:56:10,910525,824868,"9,880",50,28,0,32,3361
2025/10/24,10:56:20,910559,824861,"9,884",50,28,0,32,3124
2025/10/24,10:56:30,910571,824828,"9,890",49,28,0,32,3699
2025/10/24,10:56:40,910493,824715,"9,895",49,28,0,32,3571
2025/10/24,10:56:50,910669,824833,"9,900",50,28,0,32,3423
2025/10/24,10:57:00,910538,824672,"9,905",50,28,0,32,3500
2025/10/24,10:57:10,910488,824583,"9,910",50,28,0,32,3613
2025/10/24,10:57:20,910524,824574,"9,915",49,28,0,32,3509
2025/10/24,10:57:30,910509,824513,"9,921",49,28,0,32,4000
2025/10/24,10:57:40,910524,824483,"9,926",49,28,0,32,3676
2025/10/24,10:57:50,910563,824481,"9,931",50,28,0,32,3085
2025/10/24,10:58:00,910462,824347,"9,936",50,28,0,32,3518
2025/10/24,10:58:10,910473,824312,"9,942",50,28,0,32,3717
2025/10/24,10:58:20,910484,824280,"9,947",50,28,0,32,3470
2025/10/24,10:58:30,910485,824242,"9,951",49,28,0,32,3283
2025/10/24,10:58:40,910542,824252,"9,956",50,28,0,32,3440
2025/10/24,10:58:50,910489,824164,"9,961",49,28,0,32,3377
2025/10/24,10:59:00,910503,824134,"9,966",49,28,0,32,3601
2025/10/24,10:59:10,910437,824032,"9,972",49,28,0,32,3567
2025/10/24,10:59:20,910441,823990,"9,977",49,28,0,32,3851
2025/10/24,10:59:30,910431,823946,"9,981",49,28,0,32,2950
2025/10/24,10:59:40,910641,824092,"9,987",49,28,0,32,3718
2025/10/24,10:59:50,910635,824045,"9,992",49,28,0,32,3509
2025/10/24,11:00:00,910524,823902,"9,997",50,28,0,32,3520
2025/10/24,11:00:10,910439,823787,"10,001",49,28,0,32,3216
2025/10/24,11:00:20,910443,823747,"10,007",50,28,0,32,3609
2025/10/24,11:00:30,910389,823650,"10,013",49,28,0,32,4065
2025/10/24,11:00:40,910561,823768,"10,017",50,28,0,32,3112
2025/10/24,11:00:50,910390,823574,"10,022",49,28,0,32,3319
2025/10/24,11:01:00,910475,823602,"10,028",49,28,0,32,4129
2025/10/24,11:01:10,910521,823602,"10,033",49,28,0,32,3514
2025/10/24,11:01:20,910410,823454,"10,039",49,28,0,32,4020
2025/10/24,11:01:30,910486,823483,"10,044",49,28,0,31,3356
2025/10/24,11:01:40,910491,823443,"10,049",50,28,0,31,3685
2025/10/24,11:01:50,910422,823333,"10,055",49,28,0,31,4021
2025/10/24,11:02:00,910401,823274,"10,060",50,28,0,31,3312
2025/10/24,11:02:10,910478,823300,"10,065",49,28,0,31,3686
2025/10/24,11:02:20,910562,823336,"10,070",49,28,0,31,3375
2025/10/24,11:02:30,910460,823198,"10,075",50,28,0,31,3790
2025/10/24,11:02:40,910405,823106,"10,080",50,28,0,31,3500
2025/10/24,11:02:50,910402,823058,"10,086",50,28,0,31,3750
2025/10/24,11:03:00,910398,823010,"10,091",49,28,0,31,3751
2025/10/24,11:03:10,910372,822944,"10,097",49,28,0,31,3591
2025/10/24,11:03:20,910361,822887,"10,102",49,28,0,31,3977
2025/10/24,11:03:30,910449,822921,"10,108",50,28,0,31,3772
2025/10/24,11:03:40,910411,822849,"10,112",49,28,0,31,3183
2025/10/24,11:03:50,910371,822769,"10,118",50,28,0,31,3632
2025/10/24,11:04:00,910379,822732,"10,123",50,28,0,31,3664
2025/10/24,11:04:10,910445,822751,"10,128",49,28,0,31,3436
2025/10/24,11:04:20,910383,822652,"10,133",50,28,0,31,3560
2025/10/24,11:04:30,910373,822597,"10,139",50,28,0,31,3808
2025/10/24,11:04:40,910377,822554,"10,144",49,28,0,31,3941
2025/10/24,11:04:50,910476,822595,"10,150",49,28,0,31,4096
2025/10/24,11:05:00,910424,822506,"10,155",50,28,0,31,3482
2025/10/24,11:05:10,910500,822533,"10,161",49,28,0,31,3523
2025/10/24,11:05:20,910478,822465,"10,166",49,28,0,31,4070
2025/10/24,11:05:30,910364,822317,"10,172",50,28,0,31,3732
2025/10/24,11:05:40,910343,822249,"10,178",50,28,0,31,4064
2025/10/24,11:05:50,910428,822275,"10,184",49,28,0,31,4295
2025/10/24,11:06:00,910369,822173,"10,190",49,28,0,31,4121
2025/10/24,11:06:10,910352,822115,"10,195",49,28,0,31,3608
2025/10/24,11:06:20,910347,822062,"10,201",49,28,0,31,4102
2025/10/24,11:06:30,910303,821974,"10,207",49,28,0,31,4084
2025/10/24,11:06:40,910345,821973,"10,212",50,28,0,30,3228
2025/10/24,11:06:50,910297,821881,"10,218",49,28,0,30,4118
2025/10/24,11:07:00,910280,821820,"10,223",49,28,0,30,3863
2025/10/24,11:07:10,910374,821861,"10,228",50,28,0,30,3638
2025/10/24,11:07:20,910335,821782,"10,234",49,28,0,30,3706
2025/10/24,11:07:30,910339,821739,"10,239",49,28,0,30,3945
2025/10/24,11:07:40,910459,821804,"10,245",49,28,0,30,3666
2025/10/24,11:07:50,910418,821725,"10,250",49,28,0,30,3554
2025/10/24,11:08:00,910355,821625,"10,255",49,28,0,30,3652
2025/10/24,11:08:10,910430,821648,"10,260",50,28,0,33,3707
2025/10/24,11:08:20,910312,821497,"10,266",49,28,0,33,3768
2025/10/24,11:08:30,910385,821525,"10,271",49,28,0,33,3207
2025/10/24,11:08:40,910333,821444,"10,275",49,28,0,33,2885
2025/10/24,11:08:50,910334,821409,"10,279",49,28,0,33,3040
2025/10/24,11:09:00,910378,821418,"10,283",50,28,0,33,2548
2025/10/24,11:09:10,910352,821370,"10,286",49,28,0,33,2078
2025/10/24,11:09:20,910319,821310,"10,289",49,28,0,33,2560
2025/10/24,11:09:30,910405,821366,"10,292",50,28,0,33,1792
2025/10/24,11:09:40,910329,821261,"10,297",49,28,0,32,3085
2025/10/24,11:09:50,910345,821233,"10,302",49,28,0,32,3594
2025/10/24,11:10:00,910364,821215,"10,306",50,28,0,32,2917
2025/10/24,11:10:10,910346,821157,"10,311",49,28,0,32,3537
2025/10/24,11:10:20,910335,821111,"10,315",49,28,0,32,3056
2025/10/24,11:10:30,910289,821030,"10,320",49,28,0,32,3347
2025/10/24,11:10:40,910367,821063,"10,325",50,28,0,32,3101
2025/10/24,11:10:50,910425,821075,"10,330",49,28,0,32,3414
2025/10/24,11:11:00,910418,821033,"10,334",49,28,0,32,3023
2025/10/24,11:11:10,910300,820888,"10,339",49,28,0,32,3269
2025/10/24,11:11:20,910400,820943,"10,343",49,28,0,32,2980
2025/10/24,11:11:30,910331,820835,"10,349",49,28,0,32,3879
2025/10/24,11:11:40,910280,820755,"10,353",49,28,0,32,2882
2025/10/24,11:11:50,910366,820792,"10,358",49,28,0,32,3435
2025/10/24,11:12:00,910419,820804,"10,362",49,28,0,32,3032
2025/10/24,11:12:10,910296,820654,"10,367",50,28,0,32,3248
2025/10/24,11:12:20,910479,820780,"10,372",49,28,0,32,3303
2025/10/24,11:12:30,910268,820550,"10,376",50,28,0,32,3305
2025/10/24,11:12:40,910316,820550,"10,382",50,28,0,32,3594
2025/10/24,11:12:50,910313,820512,"10,386",50,28,0,32,2932
2025/10/24,11:13:00,910306,820465,"10,391",50,28,0,32,3380
2025/10/24,11:13:10,910256,820380,"10,396",49,28,0,32,3386
2025/10/24,11:13:20,910221,820306,"10,401",50,28,0,32,3528
2025/10/24,11:13:30,910204,820250,"10,406",49,28,0,32,3449
2025/10/24,11:13:40,910218,820224,"10,411",49,28,0,32,3274
2025/10/24,11:13:50,910253,820221,"10,415",49,28,0,32,2929
2025/10/24,11:14:00,910200,820136,"10,419",50,28,0,32,3095
2025/10/24,11:14:10,910232,820131,"10,424",50,28,0,32,2812
2025/10/24,11:14:20,910256,820117,"10,428",49,28,0,32,3021
2025/10/24,11:14:30,910307,820129,"10,432",49,28,0,32,2879
2025/10/24,11:14:40,910317,820101,"10,437",49,28,0,32,3139
2025/10/24,11:14:50,910374,820115,"10,441",50,28,0,31,3104
2025/10/24,11:15:00,910363,820061,"10,446",49,28,0,31,3739
2025/10/24,11:15:10,910277,819940,"10,452",50,28,0,31,3619
2025/10/24,11:15:20,910235,819860,"10,457",50,28,0,31,3506
2025/10/24,11:15:30,910216,819793,"10,463",49,28,0,31,4232
2025/10/24,11:15:40,910224,819758,"10,468",49,28,0,31,3581
2025/10/24,11:15:50,910254,819731,"10,475",49,28,0,31,4583
2025/10/24,11:16:00,910308,819732,"10,481",50,28,0,31,3960
2025/10/24,11:16:10,910270,819662,"10,485",50,28,0,31,2975
2025/10/24,11:16:20,910242,819587,"10,491",50,28,0,31,4140
2025/10/24,11:16:30,910244,819547,"10,496",49,28,0,31,3547
2025/10/24,11:16:40,910271,819523,"10,502",49,28,0,31,4100
2025/10/24,11:16:50,910215,819428,"10,507",49,28,0,31,3784
2025/10/24,11:17:00,910349,819498,"10,514",50,28,0,31,4211
2025/10/24,11:17:10,910208,819325,"10,519",49,28,0,31,3911
2025/10/24,11:17:20,910177,819257,"10,524",49,28,0,31,3404
2025/10/24,11:17:30,910295,819317,"10,530",49,28,0,31,3923
2025/10/24,11:17:40,910195,819189,"10,534",50,28,0,31,3161
2025/10/24,11:17:50,910184,819135,"10,540",49,28,0,31,3744
2025/10/24,11:18:00,910201,819111,"10,545",49,28,0,31,3337
2025/10/24,11:18:10,910327,819179,"10,550",49,28,0,31,3854
2025/10/24,11:18:20,910293,819088,"10,557",49,28,0,31,5129
2025/10/24,11:18:30,910315,819071,"10,562",49,28,0,31,3124
2025/10/24,11:18:40,910299,819002,"10,569",49,28,0,31,4637
2025/10/24,11:18:50,910216,818879,"10,575",49,28,0,31,4104
2025/10/24,11:19:00,910200,818809,"10,581",50,28,0,31,4629
2025/10/24,11:19:10,910312,818843,"10,590",49,28,0,31,5670
2025/10/24,11:19:20,910169,818659,"10,596",50,28,0,31,4610
2025/10/24,11:19:30,910151,818581,"10,604",50,28,0,31,5146
2025/10/24,11:19:40,910213,818582,"10,611",49,28,0,31,4653
2025/10/24,11:19:50,910186,818491,"10,619",49,28,0,31,5669
2025/10/24,11:20:00,910222,818453,"10,627",49,28,0,31,5980
2025/10/24,11:20:10,910079,818284,"10,632",49,28,0,30,3435
2025/10/24,11:20:20,910074,818222,"10,639",50,28,0,30,4790
2025/10/24,11:20:30,910123,818204,"10,647",49,28,0,30,5275
2025/10/24,11:20:40,910092,818117,"10,654",49,28,0,30,5027
2025/10/24,11:20:50,910225,818172,"10,662",49,28,0,30,5488
2025/10/24,11:21:00,910149,818044,"10,669",49,28,0,30,5074
2025/10/24,11:21:10,910112,817953,"10,676",49,28,0,30,4910
2025/10/24,11:21:20,910071,817860,"10,683",49,28,0,30,4775
2025/10/24,11:21:30,910107,817832,"10,691",49,28,0,30,5132
2025/10/24,11:21:40,909985,817662,"10,698",49,28,0,33,5135
2025/10/24,11:21:50,910085,817694,"10,705",49,28,0,33,4921
2025/10/24,11:22:00,910157,817707,"10,711",49,28,0,33,4396
2025/10/24,11:22:10,910049,817563,"10,717",49,28,0,33,3996
2025/10/24,11:22:20,910073,817538,"10,723",49,28,0,33,3961
2025/10/24,11:22:30,910095,817505,"10,729",49,28,0,33,4489
2025/10/24,11:22:40,910180,817530,"10,735",49,28,0,33,4369
2025/10/24,11:22:50,910074,817389,"10,741",49,28,0,33,3896
2025/10/24,11:23:00,910088,817351,"10,747",49,28,0,32,4303
2025/10/24,11:23:10,910053,817272,"10,753",49,28,0,32,4048
2025/10/24,11:23:20,910059,817230,"10,759",49,28,0,32,4033
2025/10/24,11:23:30,910040,817162,"10,765",49,28,0,32,4335
2025/10/24,11:23:40,910128,817196,"10,771",49,28,0,32,3831
2025/10/24,11:23:50,910081,817103,"10,777",49,28,0,32,4324
2025/10/24,11:24:00,910054,817036,"10,782",49,28,0,32,3640
2025/10/24,11:24:10,910061,816995,"10,788",49,28,0,32,4025
2025/10/24,11:24:20,910144,816996,"10,797",49,28,0,32,6258
2025/10/24,11:24:30,910038,816883,"10,799",49,28,0,32,1520
2025/10/24,11:24:40,910053,816856,"10,804",49,28,0,32,3445
2025/10/24,11:24:50,910171,816925,"10,809",50,28,0,32,3080
2025/10/24,11:25:00,910210,816919,"10,814",49,28,0,32,3491
2025/10/24,11:25:10,910230,816896,"10,819",49,28,0,32,3486
2025/10/24,11:25:20,910123,816776,"10,821",49,28,0,32,2041
2025/10/24,11:25:30,910123,816725,"10,828",49,28,0,32,4343
2025/10/24,11:25:40,910249,816796,"10,833",49,28,0,32,3582
2025/10/24,11:25:50,910200,816718,"10,837",49,28,0,32,2898
2025/10/24,11:26:00,910187,816663,"10,842",49,28,0,32,3691
2025/10/24,11:26:10,910220,816659,"10,846",49,28,0,32,2862
2025/10/24,11:26:20,910214,816605,"10,852",50,28,0,32,4058
2025/10/24,11:26:30,910165,816520,"10,857",50,28,0,32,3426
2025/10/24,11:26:40,910177,816475,"10,864",49,28,0,32,4750
2025/10/24,11:26:50,910125,816371,"10,871",49,28,0,32,4886
2025/10/24,11:27:00,910212,816399,"10,877",50,28,0,32,4177
2025/10/24,11:27:10,910054,816217,"10,882",50,28,0,32,3364
2025/10/24,11:27:20,910203,816294,"10,889",49,28,0,32,4825
2025/10/24,11:27:30,910160,816179,"10,899",49,28,0,32,6513
2025/10/24,11:27:40,910132,816118,"10,903",49,28,0,32,3059
2025/10/24,11:27:50,910157,816089,"10,909",49,28,0,32,4382
2025/10/24,11:28:00,910083,815999,"10,912",49,28,0,32,2016
2025/10/24,11:28:10,910075,815945,"10,918",49,28,0,31,3991
2025/10/24,11:28:20,910116,815931,"10,924",49,28,0,31,4327
2025/10/24,11:28:30,910063,815865,"10,926",49,28,0,31,1576
2025/10/24,11:28:40,910069,815801,"10,935",50,28,0,31,5796
2025/10/24,11:28:50,910092,815789,"10,939",49,28,0,31,2781
2025/10/24,11:29:00,910120,815755,"10,946",49,28,0,31,5039
2025/10/24,11:29:10,910131,815733,"10,950",49,28,0,31,2716
2025/10/24,11:29:20,910060,815596,"10,959",50,28,0,31,6131
2025/10/24,11:29:30,910224,815676,"10,967",49,28,0,31,5711
2025/10/24,11:29:40,910043,815491,"10,970",49,28,0,31,1945
2025/10/24,11:29:50,910026,815412,"10,978",49,28,0,31,5439
2025/10/24,11:30:00,909991,815296,"10,988",49,28,0,31,7220
2025/10/24,11:30:10,910024,815238,"10,999",50,28,0,31,7321
2025/10/24,11:30:20,909988,815173,"11,003",50,28,0,31,2738
2025/10/24,11:30:30,910135,815279,"11,006",50,28,0,31,2147
2025/10/24,11:30:40,909975,815106,"11,010",49,28,0,31,2532
2025/10/24,11:30:50,909826,814969,"11,010",49,28,0,31,302
2025/10/24,11:31:00,910023,815071,"11,019",49,28,0,31,6354
2025/10/24,11:31:10,910055,815089,"11,021",49,28,0,31,910
2025/10/24,11:31:20,909986,814995,"11,025",49,28,0,31,2748
2025/10/24,11:31:30,909983,814956,"11,029",49,28,0,31,3099
2025/10/24,11:31:40,910077,815018,"11,032",50,28,0,31,1855
2025/10/24,11:31:50,910011,814919,"11,037",49,28,0,31,3405
2025/10/24,11:32:00,909984,814781,"11,051",50,28,0,31,9521
2025/10/24,11:32:10,910192,814776,"11,074",49,28,0,31,16323
2025/10/24,11:32:20,910081,814625,"11,081",50,28,0,31,4320
2025/10/24,11:32:30,910031,814571,"11,082",50,28,0,31,774
2025/10/24,11:32:40,910039,814534,"11,087",49,28,0,31,3771
2025/10/24,11:32:50,909978,814439,"11,092",49,28,0,31,3450
2025/10/24,11:33:00,909990,814424,"11,095",50,28,0,31,2154
2025/10/24,11:33:10,910091,814445,"11,104",49,28,0,31,5926
2025/10/24,11:33:20,910139,814474,"11,105",50,28,0,31,1168
2025/10/24,11:33:30,909982,814293,"11,110",49,28,0,30,3459
2025/10/24,11:33:40,910037,814305,"11,115",49,28,0,30,3179
2025/10/24,11:33:50,909893,814151,"11,118",50,28,0,30,2105
2025/10/24,11:34:00,909908,814124,"11,123",49,28,0,30,3453
2025/10/24,11:34:10,909897,814065,"11,129",50,28,0,30,4116
2025/10/24,11:34:20,909841,813990,"11,132",49,28,0,30,2127
2025/10/24,11:34:30,909871,813950,"11,140",49,28,0,30,5711
2025/10/24,11:34:40,909808,813832,"11,148",49,28,0,30,5268
2025/10/24,11:34:50,909780,813758,"11,154",49,28,0,33,4184
2025/10/24,11:35:00,909839,813780,"11,158",49,28,0,33,2630
2025/10/24,11:35:10,909778,813686,"11,163",49,28,0,33,3371
2025/10/24,11:35:20,909806,813668,"11,168",50,28,0,33,3606
2025/10/24,11:35:30,909767,813596,"11,172",50,28,0,33,3110
2025/10/24,11:35:40,909754,813557,"11,176",49,28,0,33,2340
2025/10/24,11:35:50,909818,813597,"11,178",50,28,0,33,1444
2025/10/24,11:36:00,909843,813589,"11,182",49,28,0,33,2595
2025/10/24,11:36:10,909682,813426,"11,184",50,28,0,33,1595
2025/10/24,11:36:20,909662,813402,"11,185",50,28,0,32,513
2025/10/24,11:36:30,909683,813385,"11,189",49,28,0,32,3059
2025/10/24,11:36:40,909836,813467,"11,196",49,28,0,32,4686
2025/10/24,11:36:50,909727,813351,"11,198",50,28,0,32,1554
2025/10/24,11:37:00,909636,813239,"11,202",49,28,0,32,2620
2025/10/24,11:37:10,909541,813146,"11,203",49,28,0,32,690
2025/10/24,11:37:20,909550,813139,"11,205",49,28,0,32,1287
2025/10/24,11:37:30,909711,813253,"11,208",50,28,0,32,2509
2025/10/24,11:37:40,909625,813148,"11,212",49,28,0,32,2405
2025/10/24,11:37:50,909643,813126,"11,217",49,28,0,32,3258
2025/10/24,11:38:00,909518,812986,"11,220",49,28,0,32,2418
2025/10/24,11:38:10,909546,812981,"11,224",50,28,0,32,2518
2025/10/24,11:38:20,909543,812945,"11,228",49,28,0,32,2850
2025/10/24,11:38:30,909486,812870,"11,231",49,28,0,32,2058
2025/10/24,11:38:40,909492,812841,"11,235",49,28,0,32,2940
2025/10/24,11:38:50,909482,812795,"11,240",49,28,0,32,3171
2025/10/24,11:39:00,909545,812824,"11,243",49,28,0,32,2336
2025/10/24,11:39:10,909618,812822,"11,251",50,28,0,32,5638
2025/10/24,11:39:20,909528,812727,"11,253",49,28,0,32,1247
2025/10/24,11:39:30,909469,812676,"11,253",49,28,0,32,-147
2025/10/24,11:39:40,909473,812646,"11,257",50,28,0,32,2816
2025/10/24,11:39:50,909478,812562,"11,268",49,28,0,32,7572
2025/10/24,11:40:00,909301,812379,"11,271",50,28,0,32,2086
2025/10/24,11:40:10,909374,812372,"11,280",49,28,0,32,6183
2025/10/24,11:40:20,909242,812202,"11,286",49,28,0,32,4460
2025/10/24,11:40:30,909193,812119,"11,291",49,28,0,32,3360
2025/10/24,11:40:40,909215,812097,"11,296",50,28,0,32,3496
2025/10/24,11:40:50,909198,812055,"11,299",50,28,0,32,2251
2025/10/24,11:41:00,909270,812091,"11,303",49,28,0,32,2424
2025/10/24,11:41:10,909107,811907,"11,308",49,28,0,32,3291
2025/10/24,11:41:20,909272,812013,"11,313",49,28,0,32,3542
2025/10/24,11:41:30,909073,811801,"11,317",49,28,0,31,2937
2025/10/24,11:41:40,909063,811749,"11,322",50,28,0,31,3616
2025/10/24,11:41:50,908995,811651,"11,327",49,28,0,31,3194
2025/10/24,11:42:00,909028,811641,"11,332",49,28,0,31,3382
2025/10/24,11:42:10,908984,811558,"11,337",50,28,0,31,3671
2025/10/24,11:42:20,908978,811510,"11,342",49,29,0,31,3655
2025/10/24,11:42:30,908925,811429,"11,347",50,29,0,31,2829
2025/10/24,11:42:40,908885,811360,"11,351",49,29,0,31,2854
2025/10/24,11:42:50,908945,811373,"11,356",50,29,0,31,3407
2025/10/24,11:43:00,908826,811228,"11,360",49,29,0,31,3324
2025/10/24,11:43:10,908802,811168,"11,365",50,29,0,31,3241
2025/10/24,11:43:20,908821,811148,"11,370",49,29,0,31,3169
2025/10/24,11:43:30,908891,811184,"11,373",49,29,0,31,2270
2025/10/24,11:43:40,908806,811091,"11,375",49,29,0,31,1470
2025/10/24,11:43:50,908723,811000,"11,377",50,29,0,31,1422
2025/10/24,11:44:00,908696,810944,"11,381",49,29,0,31,2736
2025/10/24,11:44:10,908659,810883,"11,385",50,29,0,31,2352
2025/10/24,11:44:20,908639,810840,"11,388",49,29,0,31,2157
2025/10/24,11:44:30,908766,810912,"11,393",50,29,0,31,3474
2025/10/24,11:44:40,908599,810707,"11,400",49,29,0,31,4803
2025/10/24,11:44:50,908570,810634,"11,406",49,29,0,31,4043
2025/10/24,11:45:00,908621,810629,"11,412",49,29,0,31,4333
2025/10/24,11:45:10,908474,810459,"11,417",49,29,0,31,3334
2025/10/24,11:45:20,908427,810384,"11,421",50,29,0,31,2781
2025/10/24,11:45:30,908406,810333,"11,425",50,29,0,31,2714
2025/10/24,11:45:40,908578,810464,"11,427",49,29,0,31,1925
2025/10/24,11:45:50,908331,810222,"11,430",49,29,0,31,1860
2025/10/24,11:46:00,908420,810266,"11,434",50,29,0,31,2977
2025/10/24,11:46:10,908390,810183,"11,441",49,29,0,31,4828
2025/10/24,11:46:20,908477,810214,"11,447",49,29,0,31,4000
2025/10/24,11:46:30,908451,810145,"11,453",49,29,0,31,3933
2025/10/24,11:46:40,908349,810019,"11,457",49,29,0,30,3008
2025/10/24,11:46:50,908286,809928,"11,461",49,29,0,30,2990
2025/10/24,11:47:00,908357,809966,"11,465",49,29,0,30,2173
2025/10/24,11:47:10,908273,809862,"11,468",50,29,0,30,2449
2025/10/24,11:47:20,908252,809827,"11,470",49,29,0,30,1398
2025/10/24,11:47:30,908320,809869,"11,472",49,29,0,30,1600
2025/10/24,11:47:40,908244,809791,"11,474",50,29,0,30,862
2025/10/24,11:47:50,908116,809667,"11,475",50,29,0,30,831
2025/10/24,11:48:00,908189,809727,"11,476",50,29,0,30,428
2025/10/24,11:48:10,908187,809716,"11,477",49,29,0,28,792
2025/10/24,11:48:20,908163,809692,"11,477",49,29,0,28,224
2025/10/24,11:48:30,908043,809570,"11,479",49,29,0,28,1290
2025/10/24,11:48:40,908062,809578,"11,480",50,29,0,28,753
2025/10/24,11:48:50,908099,809589,"11,483",49,29,0,28,1889
2025/10/24,11:49:00,908036,809546,"11,481",49,29,0,27,-1131
2025/10/24,11:49:10,908050,809557,"11,481",50,29,0,27,125
2025/10/24,11:49:20,908061,809536,"11,485",50,29,0,27,2594
2025/10/24,11:49:30,908134,809563,"11,490",50,29,0,27,3206
2025/10/24,11:49:40,907996,809460,"11,487",49,29,0,27,-1720
2025/10/24,11:49:50,908333,809667,"11,499",49,29,0,27,8025
2025/10/24,11:50:00,907985,809396,"11,494",50,29,0,27,-3301
2025/10/24,11:50:10,908052,809425,"11,498",49,29,0,27,2640
2025/10/24,11:50:20,908010,809368,"11,500",49,29,0,27,1681
2025/10/24,11:50:30,908032,809368,"11,503",50,29,0,27,1651
2025/10/24,11:50:40,907751,809105,"11,504",49,29,0,27,1077
2025/10/24,11:50:50,907754,809081,"11,507",49,29,0,27,2293
2025/10/24,11:51:00,907894,809196,"11,509",49,29,0,27,841
2025/10/24,11:51:10,907856,809126,"11,513",49,29,0,27,3106
2025/10/24,11:51:20,907662,808933,"11,516",50,29,0,27,1693
2025/10/24,11:51:30,907738,808964,"11,520",49,29,0,27,3158
2025/10/24,11:51:40,907750,808941,"11,524",49,29,0,27,2897
2025/10/24,11:51:50,907717,808871,"11,529",49,30,0,27,3490
2025/10/24,11:52:00,907676,808808,"11,533",49,30,0,27,2276
2025/10/24,11:52:10,907652,808760,"11,536",50,30,0,27,2243
2025/10/24,11:52:20,907688,808760,"11,540",50,30,0,27,2703
2025/10/24,11:52:30,907573,808635,"11,543",49,30,0,27,1938
2025/10/24,11:52:40,907578,808621,"11,545",50,30,0,27,1556
2025/10/24,11:52:50,907674,808685,"11,548",49,30,0,27,1852
2025/10/24,11:53:00,907740,808726,"11,550",49,30,0,27,1531
2025/10/24,11:53:10,907619,808605,"11,551",49,30,0,27,1135
2025/10/24,11:53:20,907448,808435,"11,554",49,30,0,27,1519
2025/10/24,11:53:30,907409,808377,"11,556",49,30,0,27,2001
2025/10/24,11:53:40,907431,808380,"11,559",49,30,0,27,1428
2025/10/24,11:53:50,907337,808282,"11,560",50,30,0,27,1203
2025/10/24,11:54:00,907311,808244,"11,562",49,30,0,27,1277
2025/10/24,11:54:10,907308,808236,"11,563",50,30,0,26,449
2025/10/24,11:54:20,907397,808307,"11,564",50,30,0,26,698
2025/10/24,11:54:30,907282,808205,"11,564",50,30,0,26,-37
2025/10/24,11:54:40,907381,808283,"11,565",49,30,0,26,877
2025/10/24,11:54:50,907266,808172,"11,566",49,30,0,26,737
2025/10/24,11:55:00,907350,808225,"11,569",49,30,0,26,1878
2025/10/24,11:55:10,907281,808157,"11,570",49,30,0,26,563
2025/10/24,11:55:20,907293,808158,"11,571",49,30,0,26,834
2025/10/24,11:55:30,907313,808174,"11,571",50,30,0,26,153
2025/10/24,11:55:40,907194,808065,"11,571",50,30,0,26,253
2025/10/24,11:55:50,907277,808132,"11,572",49,30,0,26,596
2025/10/24,11:56:00,907262,808121,"11,572",50,30,0,26,-199
2025/10/24,11:56:10,907192,808081,"11,569",49,30,0,26,-1924
2025/10/24,11:56:20,907110,808022,"11,567",50,30,0,26,-1184
2025/10/24,11:56:30,907169,808072,"11,568",50,30,0,26,216
2025/10/24,11:56:40,907158,808079,"11,566",49,30,0,26,-1446
2025/10/24,11:56:50,907155,808095,"11,563",49,30,0,26,-1607
2025/10/24,11:57:00,907141,808100,"11,561",49,30,0,26,-1504
2025/10/24,11:57:10,907172,808150,"11,558",50,30,0,26,-1888
2025/10/24,11:57:20,907188,808198,"11,554",49,30,0,26,-2904
2025/10/24,11:57:30,907122,808144,"11,554",50,30,0,26,-405
2025/10/24,11:57:40,907179,808224,"11,550",50,30,0,26,-2464
2025/10/24,11:57:50,907137,808200,"11,548",49,30,0,26,-1155
2025/10/24,11:58:00,907081,808168,"11,546",49,30,0,26,-1540
2025/10/24,11:58:10,907094,808199,"11,544",50,30,0,26,-1638
2025/10/24,11:58:20,907063,808189,"11,542",50,30,0,26,-1486
2025/10/24,11:58:30,907072,808203,"11,541",50,30,0,26,-504
2025/10/24,11:58:40,907028,808173,"11,540",49,30,0,26,-792
2025/10/24,11:58:50,907181,808300,"11,541",50,30,0,26,786
2025/10/24,11:59:00,907082,808216,"11,540",49,30,0,26,-362
2025/10/24,11:59:10,906988,808153,"11,538",50,30,0,25,-1750
2025/10/24,11:59:20,907052,808214,"11,537",50,30,0,25,-335
2025/10/24,11:59:30,907042,808232,"11,534",50,30,0,25,-2269
2025/10/24,11:59:40,907161,808334,"11,534",50,30,0,25,340
2025/10/24,11:59:50,907017,808223,"11,532",49,30,0,25,-1490
2025/10/24,12:00:00,906906,808147,"11,529",50,30,0,25,-1932
2025/10/24,12:00:10,906928,808176,"11,528",49,30,0,25,-809
2025/10/24,12:00:20,906958,808222,"11,526",50,30,0,25,-1625
2025/10/24,12:00:30,906911,808184,"11,525",49,30,0,25,-334
2025/10/24,12:00:40,907012,808287,"11,524",49,30,0,25,-1118
2025/10/24,12:00:50,906914,808204,"11,523",50,30,0,25,-365
2025/10/24,12:01:00,906900,808209,"11,521",49,30,0,25,-1504
2025/10/24,12:01:10,906856,808187,"11,519",50,30,0,25,-1452
2025/10/24,12:01:20,906903,808231,"11,519",49,30,0,28,-182
2025/10/24,12:01:30,906842,808181,"11,518",49,30,0,28,-375
2025/10/24,12:01:40,906869,808210,"11,518",49,30,0,28,-425
2025/10/24,12:01:50,906959,808265,"11,521",49,30,0,28,2169
2025/10/24,12:02:00,906932,808231,"11,522",49,30,0,28,855
2025/10/24,12:02:10,906828,808132,"11,523",50,30,0,27,533
2025/10/24,12:02:20,906854,808156,"11,523",50,30,0,27,-70
2025/10/24,12:02:30,906838,808147,"11,522",49,30,0,27,-453
2025/10/24,12:02:40,906949,808237,"11,523",49,30,0,27,768
2025/10/24,12:02:50,906777,808111,"11,520",49,30,0,27,-2348
2025/10/24,12:03:00,906968,808268,"11,521",49,30,0,27,1137
2025/10/24,12:03:10,906945,808250,"11,521",49,30,0,27,-215
2025/10/24,12:03:20,906779,808103,"11,521",50,30,0,27,-79
2025/10/24,12:03:30,906753,808077,"11,521",49,30,0,27,244
2025/10/24,12:03:40,906823,808132,"11,522",49,30,0,27,635
2025/10/24,12:03:50,906825,808138,"11,522",50,30,0,27,-356
2025/10/24,12:04:00,906752,808065,"11,523",49,30,0,27,684
2025/10/24,12:04:10,906836,808136,"11,523",49,30,0,27,332
2025/10/24,12:04:20,906806,808105,"11,524",49,30,0,27,367
2025/10/24,12:04:30,906756,808039,"11,526",49,30,0,27,1846
2025/10/24,12:04:40,906714,807998,"11,527",49,30,0,27,308
2025/10/24,12:04:50,906752,808025,"11,528",49,30,0,27,591
2025/10/24,12:05:00,906915,808174,"11,527",50,30,0,27,-316
2025/10/24,12:05:10,906753,808015,"11,529",49,30,0,27,1260
2025/10/24,12:05:20,906657,807935,"11,528",50,30,0,27,-468
2025/10/24,12:05:30,906841,808080,"11,531",49,30,0,27,1632
2025/10/24,12:05:40,906724,807970,"11,531",49,30,0,27,494
2025/10/24,12:05:50,906701,807937,"11,533",49,30,0,27,1076
2025/10/24,12:06:00,906706,807944,"11,533",50,30,0,27,-215
2025/10/24,12:06:10,906711,807943,"11,533",49,30,0,27,470
2025/10/24,12:06:20,906710,807917,"11,536",50,30,0,27,2118
2025/10/24,12:06:30,906746,807934,"11,538",49,30,0,27,1298
2025/10/24,12:06:40,906779,807948,"11,540",50,30,0,27,1299
2025/10/24,12:06:50,906690,807836,"11,544",49,30,0,27,2815
2025/10/24,12:07:00,906743,807864,"11,547",49,30,0,27,1655
2025/10/24,12:07:10,906713,807811,"11,550",49,30,0,26,2262
2025/10/24,12:07:20,906675,807751,"11,553",49,30,0,26,2251
2025/10/24,12:07:30,906679,807731,"11,556",49,30,0,26,2029
2025/10/24,12:07:40,906654,807688,"11,559",50,30,0,26,1749
2025/10/24,12:07:50,906736,807736,"11,562",49,30,0,26,2157
2025/10/24,12:08:00,906632,807624,"11,564",50,30,0,26,1633
2025/10/24,12:08:10,906619,807596,"11,566",49,30,0,26,1414
2025/10/24,12:08:20,906722,807631,"11,573",50,30,0,26,4789
2025/10/24,12:08:30,906637,807518,"11,578",49,30,0,26,3212
2025/10/24,12:08:40,906654,807469,"11,586",49,30,0,26,5525
2025/10/24,12:08:50,906627,807409,"11,590",49,30,0,26,3097
2025/10/24,12:09:00,906610,807367,"11,593",50,30,0,26,2268
2025/10/24,12:09:10,906577,807306,"11,597",49,30,0,26,2723
2025/10/24,12:09:20,906698,807351,"11,605",49,30,0,26,5406
2025/10/24,12:09:30,906563,807198,"11,609",49,30,0,26,2825
2025/10/24,12:09:40,906508,807104,"11,615",50,30,0,26,3803
2025/10/24,12:09:50,906536,807101,"11,618",49,30,0,26,2407
2025/10/24,12:10:00,906561,807084,"11,623",50,30,0,26,3315
2025/10/24,12:10:10,906601,807072,"11,629",50,30,0,26,4021
2025/10/24,12:10:20,906581,807012,"11,634",50,30,0,26,3564
2025/10/24,12:10:30,906523,806878,"11,644",49,30,0,26,7100
2025/10/24,12:10:40,906547,806834,"11,652",49,30,0,26,5634
2025/10/24,12:10:50,906647,806870,"11,659",49,30,0,26,4568
2025/10/24,12:11:00,906547,806752,"11,663",49,31,0,26,2501
2025/10/24,12:11:10,906558,806723,"11,667",49,31,0,26,3344
2025/10/24,12:11:20,906505,806627,"11,674",49,31,0,26,4211
2025/10/24,12:11:30,906541,806564,"11,685",49,31,0,26,8194
2025/10/24,12:11:40,906638,806419,"11,714",49,31,0,26,19946
2025/10/24,12:11:50,906577,806274,"11,725",50,31,0,26,7671
2025/10/24,12:12:00,906580,806250,"11,729",49,31,0,26,2300
2025/10/24,12:12:10,906495,806149,"11,732",50,31,0,26,2148
2025/10/24,12:12:20,906468,806107,"11,734",49,31,0,25,1552
2025/10/24,12:12:30,906610,806211,"11,737",49,31,0,25,1922
2025/10/24,12:12:40,906512,806112,"11,738",49,31,0,25,1023
2025/10/24,12:12:50,906476,806074,"11,739",49,31,0,25,517
2025/10/24,12:13:00,906487,806084,"11,739",49,31,0,25,-19
2025/10/24,12:13:10,906469,806044,"11,742",50,31,0,25,2029
2025/10/24,12:13:20,906409,806011,"11,739",49,31,0,25,-1756
2025/10/24,12:13:30,906503,806051,"11,745",49,31,0,25,3761
2025/10/24,12:13:40,906382,805971,"11,741",50,31,0,25,-2333
2025/10/24,12:13:50,906486,806025,"11,746",49,31,0,25,3320
2025/10/24,12:14:00,906467,806040,"11,742",50,31,0,25,-2697
2025/10/24,12:14:10,906492,806016,"11,748",50,31,0,25,3909
2025/10/24,12:14:20,906460,805984,"11,748",50,31,0,28,300
2025/10/24,12:14:30,906412,805925,"11,750",49,31,0,28,1408
2025/10/24,12:14:40,906432,805916,"11,754",49,31,0,28,2311
2025/10/24,12:14:50,906453,805944,"11,752",49,31,0,28,-805
2025/10/24,12:15:00,906380,805872,"11,753",49,31,0,28,612
2025/10/24,12:15:10,906508,805911,"11,763",49,31,0,27,6456
2025/10/24,12:15:20,906290,805733,"11,761",49,31,0,27,-1365
2025/10/24,12:15:30,906376,805753,"11,768",49,31,0,27,4873
2025/10/24,12:15:40,906458,805784,"11,773",50,31,0,27,3544
2025/10/24,12:15:50,906462,805766,"11,776",49,31,0,27,1861
2025/10/24,12:16:00,906431,805724,"11,777",50,31,0,27,1222
2025/10/24,12:16:10,906294,805580,"11,780",49,31,0,27,1918
2025/10/24,12:16:20,906501,805724,"11,785",49,31,0,27,3452
2025/10/24,12:16:30,906429,805638,"11,788",49,31,0,27,1900
2025/10/24,12:16:40,906482,805657,"11,791",49,31,0,27,2426
2025/10/24,12:16:50,906554,805672,"11,797",49,31,0,27,4229
2025/10/24,12:17:00,906618,805729,"11,797",49,31,0,27,-11
2025/10/24,12:17:10,906479,805642,"11,793",50,31,0,27,-3091
2025/10/24,12:17:20,906447,805597,"11,795",49,31,0,27,1430
2025/10/24,12:17:30,906309,805457,"11,797",49,31,0,27,1498
2025/10/24,12:17:40,906405,805488,"11,804",50,31,0,27,4596
2025/10/24,12:17:50,906378,805439,"11,807",50,31,0,27,2116
2025/10/24,12:18:00,906423,805453,"11,810",50,31,0,27,2199
2025/10/24,12:18:10,906492,805505,"11,811",49,31,0,27,804
2025/10/24,12:18:20,906446,805419,"11,817",50,31,0,27,3819
2025/10/24,12:18:30,906361,805334,"11,818",49,31,0,27,818
2025/10/24,12:18:40,906356,805267,"11,826",49,31,0,27,5403
2025/10/24,12:18:50,906397,805267,"11,830",49,31,0,27,3146
2025/10/24,12:19:00,906334,805185,"11,834",49,31,0,27,2248
2025/10/24,12:19:10,906369,805175,"11,839",49,31,0,27,3550
2025/10/24,12:19:20,906347,805128,"11,842",50,31,0,27,2324
2025/10/24,12:19:30,906335,805082,"11,846",50,31,0,27,2992
2025/10/24,12:19:40,906310,805029,"11,850",50,31,0,27,2607
2025/10/24,12:19:50,906409,805076,"11,855",49,31,0,27,3536
2025/10/24,12:20:00,906441,805067,"11,860",50,31,0,27,3168
2025/10/24,12:20:10,906588,805164,"11,864",50,31,0,27,2841
2025/10/24,12:20:20,906471,805027,"11,868",49,31,0,26,2859
2025/10/24,12:20:30,906489,805009,"11,873",50,31,0,26,2877
2025/10/24,12:20:40,906515,804991,"11,878",50,31,0,26,3479
2025/10/24,12:20:50,906411,804860,"11,882",49,31,0,26,3340
2025/10/24,12:21:00,906449,804861,"11,887",50,31,0,26,2773
2025/10/24,12:21:10,906435,804813,"11,891",49,31,0,26,3074
2025/10/24,12:21:20,906487,804821,"11,896",50,31,0,26,3233
2025/10/24,12:21:30,906432,804741,"11,900",49,31,0,26,2694
2025/10/24,12:21:40,906423,804697,"11,904",50,31,0,26,3050
2025/10/24,12:21:50,906495,804730,"11,908",50,31,0,26,2619
2025/10/24,12:22:00,906419,804625,"11,913",49,31,0,26,3244
2025/10/24,12:22:10,906462,804633,"11,916",50,31,0,26,2556
2025/10/24,12:22:20,906566,804688,"11,921",49,31,0,26,3225
2025/10/24,12:22:30,906456,804554,"11,925",50,31,0,26,3080
2025/10/24,12:22:40,906451,804504,"11,931",50,31,0,26,3860
2025/10/24,12:22:50,906494,804497,"11,937",49,31,0,26,3904
2025/10/24,12:23:00,906503,804471,"11,941",50,31,0,26,2880
2025/10/24,12:23:10,906453,804390,"11,945",50,31,0,26,3104
2025/10/24,12:23:20,906557,804446,"11,950",49,31,0,26,3138
2025/10/24,12:23:30,906473,804331,"11,955",50,31,0,26,3429
2025/10/24,12:23:40,906529,804343,"11,960",50,31,0,26,3194
2025/10/24,12:23:50,906467,804255,"11,964",49,31,0,26,2853
2025/10/24,12:24:00,906485,804239,"11,968",49,31,0,26,2765
2025/10/24,12:24:10,906427,804151,"11,972",50,31,0,26,3097
2025/10/24,12:24:20,906498,804177,"11,977",49,31,0,26,3199
2025/10/24,12:24:30,906519,804164,"11,981",50,31,0,26,2681
2025/10/24,12:24:40,906493,804111,"11,985",50,31,0,26,2537
2025/10/24,12:24:50,906545,804126,"11,988",50,31,0,26,2638
2025/10/24,12:25:00,906631,804168,"11,993",49,31,0,26,2965
2025/10/24,12:25:10,906579,804085,"11,997",49,31,0,26,3190
2025/10/24,12:25:20,906642,804108,"12,001",49,31,0,25,2844
2025/10/24,12:25:30,906514,803963,"12,005",50,30,0,25,2668
2025/10/24,12:25:40,906571,803977,"12,010",50,30,0,25,3099
2025/10/24,12:25:50,906544,803918,"12,014",50,30,0,25,2972
2025/10/24,12:26:00,906520,803862,"12,019",49,30,0,25,3004
2025/10/24,12:26:10,906496,803808,"12,023",49,30,0,25,2831
2025/10/24,12:26:20,906591,803859,"12,027",49,30,0,25,2876
2025/10/24,12:26:30,906619,803846,"12,031",49,30,0,25,3273
2025/10/24,12:26:40,906588,803782,"12,036",49,30,0,25,3159
2025/10/24,12:26:50,906564,803724,"12,041",49,30,0,25,3178
2025/10/24,12:27:00,906624,803733,"12,046",50,30,0,25,3748
2025/10/24,12:27:10,906693,803760,"12,050",50,30,0,25,2898
2025/10/24,12:27:20,906653,803686,"12,055",49,30,0,28,3335
2025/10/24,12:27:30,906603,803608,"12,059",50,30,0,28,2856
2025/10/24,12:27:40,906546,803522,"12,064",50,30,0,28,3009
2025/10/24,12:27:50,906592,803530,"12,068",50,30,0,28,2780
2025/10/24,12:28:00,906608,803506,"12,073",50,30,0,28,3239
2025/10/24,12:28:10,906680,803533,"12,077",49,30,0,27,3186
2025/10/24,12:28:20,906653,803475,"12,081",49,30,0,27,2949
2025/10/24,12:28:30,906675,803458,"12,086",50,30,0,27,3096
2025/10/24,12:28:40,906749,803485,"12,091",49,30,0,27,3339
2025/10/24,12:28:50,906613,803325,"12,096",49,30,0,27,3419
2025/10/24,12:29:00,906645,803313,"12,101",49,30,0,27,3494
2025/10/24,12:29:10,906681,803312,"12,105",49,30,0,27,2848
2025/10/24,12:29:20,906698,803292,"12,109",49,30,0,27,3036
2025/10/24,12:29:30,906646,803204,"12,114",49,30,0,27,3631
2025/10/24,12:29:40,906688,803209,"12,118",50,30,0,27,2733
2025/10/24,12:29:50,906681,803165,"12,123",50,30,0,27,3208
2025/10/24,12:30:00,906648,803102,"12,127",50,30,0,27,2866
2025/10/24,12:30:10,906621,803042,"12,132",50,30,0,27,3063
2025/10/24,12:30:20,906657,803036,"12,136",50,30,0,27,3216
2025/10/24,12:30:30,906686,803023,"12,141",49,30,0,27,3351
2025/10/24,12:30:40,906624,802932,"12,146",50,30,0,27,3063
2025/10/24,12:30:50,906625,802892,"12,151",50,30,0,27,3471
2025/10/24,12:31:00,906728,802949,"12,155",50,30,0,27,2904
2025/10/24,12:31:10,906818,802991,"12,160",50,30,0,27,3200
2025/10/24,12:31:20,906885,803011,"12,165",50,30,0,27,3338
2025/10/24,12:31:30,906807,802908,"12,169",50,30,0,27,2881
2025/10/24,12:31:40,906658,802734,"12,174",49,30,0,27,3645
2025/10/24,12:31:50,906693,802733,"12,178",50,30,0,27,2716
2025/10/24,12:32:00,906635,802640,"12,183",49,30,0,27,3609
2025/10/24,12:32:10,906662,802627,"12,188",50,30,0,27,3134
2025/10/24,12:32:20,906671,802596,"12,193",49,30,0,27,3377
2025/10/24,12:32:30,906660,802546,"12,198",49,30,0,27,3489
2025/10/24,12:32:40,906705,802549,"12,202",50,30,0,27,3128
2025/10/24,12:32:50,906695,802498,"12,208",49,30,0,27,3653
2025/10/24,12:33:00,906672,802440,"12,212",49,30,0,27,3263
2025/10/24,12:33:10,906659,802389,"12,217",49,30,0,26,3423
2025/10/24,12:33:20,906782,802458,"12,222",50,30,0,26,3385
2025/10/24,12:33:30,906764,802402,"12,227",50,30,0,26,3404
2025/10/24,12:33:40,906743,802346,"12,232",50,30,0,26,3179
2025/10/24,12:33:50,906744,802300,"12,238",49,30,0,26,4064
2025/10/24,12:34:00,906845,802349,"12,243",50,30,0,26,3429
2025/10/24,12:34:10,906744,802222,"12,247",50,30,0,26,3198
2025/10/24,12:34:20,906710,802153,"12,252",50,30,0,26,3307
2025/10/24,12:34:30,906864,802254,"12,257",49,30,0,26,3055
2025/10/24,12:34:40,906693,802063,"12,262",49,30,0,26,3445
2025/10/24,12:34:50,906761,802088,"12,266",49,30,0,26,3048
2025/10/24,12:35:00,906734,802025,"12,271",49,30,0,26,3392
2025/10/24,12:35:10,906798,802043,"12,276",50,30,0,26,3281
2025/10/24,12:35:20,906728,801940,"12,281",50,30,0,26,3492
2025/10/24,12:35:30,906797,801963,"12,286",50,30,0,26,3232
2025/10/24,12:35:40,906761,801890,"12,291",50,30,0,26,3499
2025/10/24,12:35:50,906760,801849,"12,296",49,30,0,26,3479
2025/10/24,12:36:00,906764,801811,"12,301",50,30,0,26,3531
2025/10/24,12:36:10,906852,801851,"12,306",49,30,0,26,3280
2025/10/24,12:36:20,906764,801733,"12,311",49,30,0,26,3486
2025/10/24,12:36:30,906784,801709,"12,316",50,30,0,26,3544
2025/10/24,12:36:40,906804,801684,"12,321",50,30,0,26,3629
2025/10/24,12:36:50,906865,801697,"12,326",49,30,0,26,3551
2025/10/24,12:37:00,906804,801606,"12,331",49,30,0,26,3217
2025/10/24,12:37:10,906825,801587,"12,336",50,30,0,26,3194
2025/10/24,12:37:20,906866,801582,"12,341",49,30,0,26,3578
2025/10/24,12:37:30,906901,801576,"12,345",49,30,0,26,3205
2025/10/24,12:37:40,906829,801468,"12,351",50,30,0,26,3773
2025/10/24,12:37:50,906861,801458,"12,356",50,30,0,26,3256
2025/10/24,12:38:00,907025,801562,"12,361",50,30,0,26,3481
2025/10/24,12:38:10,906965,801473,"12,365",50,30,0,26,3059
2025/10/24,12:38:20,906897,801370,"12,371",50,30,0,25,3650
2025/10/24,12:38:30,906916,801348,"12,375",50,30,0,25,3299
2025/10/24,12:38:40,907037,801416,"12,380",49,30,0,25,3377
2025/10/24,12:38:50,906927,801282,"12,385",50,30,0,25,3131
2025/10/24,12:39:00,906924,801241,"12,390",50,30,0,25,3262
2025/10/24,12:39:10,907074,801333,"12,395",49,30,0,25,3517
2025/10/24,12:39:20,906979,801212,"12,399",49,30,0,25,3218
2025/10/24,12:39:30,907105,801286,"12,404",50,30,0,25,3173
2025/10/24,12:39:40,907101,801238,"12,410",49,30,0,25,3860
2025/10/24,12:39:50,907006,801117,"12,414",49,30,0,25,3220
2025/10/24,12:40:00,906991,801066,"12,419",49,30,0,25,3278
2025/10/24,12:40:10,907135,801157,"12,423",49,30,0,25,3141
2025/10/24,12:40:20,907094,801086,"12,428",50,30,0,23,2960
2025/10/24,12:40:30,907074,801026,"12,433",49,30,0,22,3676
2025/10/24,12:40:40,907157,801055,"12,439",49,30,0,22,3846
2025/10/24,12:40:50,907060,800940,"12,442",49,30,0,22,2548
2025/10/24,12:41:00,907121,800952,"12,447",50,30,0,22,3562
2025/10/24,12:41:10,907042,800843,"12,452",50,30,0,22,3340
2025/10/24,12:41:20,907065,800828,"12,457",49,30,0,22,3066
2025/10/24,12:41:30,907100,800816,"12,462",49,30,0,22,3726
2025/10/24,12:41:40,907164,800834,"12,467",50,30,0,22,3277
2025/10/24,12:41:50,907206,800833,"12,472",50,30,0,22,3241
2025/10/24,12:42:00,907142,800738,"12,477",49,30,0,22,3344
2025/10/24,12:42:10,907233,800780,"12,481",50,30,0,22,3262
2025/10/24,12:42:20,907201,800712,"12,486",50,30,0,22,3384
2025/10/24,12:42:30,907241,800709,"12,491",49,30,0,22,3327
2025/10/24,12:42:40,907082,800534,"12,495",49,30,0,22,3012
2025/10/24,12:42:50,907122,800532,"12,500",49,30,0,22,3241
2025/10/24,12:43:00,907240,800596,"12,505",50,30,0,22,3417
2025/10/24,12:43:10,907098,800434,"12,510",50,30,0,22,3124
2025/10/24,12:43:20,907199,800489,"12,514",49,30,0,22,2965
2025/10/24,12:43:30,907161,800415,"12,519",49,30,0,22,3516
2025/10/24,12:43:40,907279,800481,"12,524",50,30,0,22,3245
2025/10/24,12:43:50,907341,800498,"12,528",49,30,0,22,3276
2025/10/24,12:44:00,907187,800325,"12,533",50,30,0,22,3162
2025/10/24,12:44:10,907229,800322,"12,538",49,30,0,22,3481
2025/10/24,12:44:20,907202,800266,"12,542",49,30,0,22,2797
2025/10/24,12:44:30,907231,800257,"12,546",49,30,0,22,3005
2025/10/24,12:44:40,907248,800233,"12,551",49,30,0,22,3389
2025/10/24,12:44:50,907176,800133,"12,556",49,30,0,22,3172
2025/10/24,12:45:00,907157,800080,"12,560",50,30,0,22,3087
2025/10/24,12:45:10,907175,800060,"12,565",49,30,0,22,3119
2025/10/24,12:45:20,907188,800035,"12,569",50,30,0,22,3107
2025/10/24,12:45:30,907225,800032,"12,574",49,30,0,21,3097
2025/10/24,12:45:40,907239,800010,"12,578",49,30,0,21,2986
2025/10/24,12:45:50,907373,800093,"12,583",49,30,0,21,3057
2025/10/24,12:46:00,907234,799931,"12,587",49,30,0,21,3429
2025/10/24,12:46:10,907223,799888,"12,592",50,30,0,21,2838
2025/10/24,12:46:20,907330,799941,"12,597",49,30,0,21,3594
2025/10/24,12:46:30,907255,799833,"12,602",49,30,0,21,3641
2025/10/24,12:46:40,907241,799785,"12,607",50,30,0,21,3039
2025/10/24,12:46:50,907256,799761,"12,611",49,30,0,21,3237
2025/10/24,12:47:00,907268,799736,"12,616",49,30,0,21,3094
2025/10/24,12:47:10,907417,799825,"12,621",49,30,0,21,3682
2025/10/24,12:47:20,907288,799676,"12,625",49,30,0,21,3070
2025/10/24,12:47:30,907336,799684,"12,630",49,30,0,21,2984
2025/10/24,12:47:40,907388,799694,"12,634",50,30,0,21,3054
2025/10/24,12:47:50,907321,799598,"12,639",50,30,0,21,3150
2025/10/24,12:48:00,907378,799607,"12,644",50,30,0,21,3515
2025/10/24,12:48:10,907401,799591,"12,648",49,30,0,21,3155
2025/10/24,12:48:20,907436,799582,"12,653",49,30,0,21,3466
2025/10/24,12:48:30,907338,799464,"12,657",49,30,0,21,2753
2025/10/24,12:48:40,907435,799518,"12,661",49,30,0,21,2737
2025/10/24,12:48:50,907332,799390,"12,666",49,30,0,21,3241
2025/10/24,12:49:00,907325,799349,"12,670",49,30,0,21,3031
2025/10/24,12:49:10,907313,799302,"12,675",49,30,0,21,3170
2025/10/24,12:49:20,907499,799424,"12,680",49,30,0,21,3642
2025/10/24,12:49:30,907399,799301,"12,684",49,30,0,21,3038
2025/10/24,12:49:40,907294,799174,"12,689",49,30,0,21,3003
2025/10/24,12:49:50,907345,799180,"12,694",49,30,0,21,3387
2025/10/24,12:50:00,907325,799130,"12,698",50,30,0,21,2762
2025/10/24,12:50:10,907343,799110,"12,702",49,30,0,21,3120
2025/10/24,12:50:20,907363,799093,"12,707",50,30,0,21,2952
2025/10/24,12:50:30,907397,799087,"12,711",49,30,0,20,3128
2025/10/24,12:50:40,907355,799017,"12,715",49,30,0,20,2874
2025/10/24,12:50:50,907371,798993,"12,720",50,30,0,20,3249
2025/10/24,12:51:00,907372,798962,"12,724",49,30,0,20,2775
2025/10/24,12:51:10,907495,799035,"12,728",49,30,0,20,3073
2025/10/24,12:51:20,907455,798965,"12,733",49,30,0,20,3028
2025/10/24,12:51:30,907412,798892,"12,737",49,30,0,20,3059
2025/10/24,12:51:40,907428,798868,"12,742",49,30,0,20,3316
2025/10/24,12:51:50,907629,799008,"12,746",49,30,0,20,3217
2025/10/24,12:52:00,907419,798796,"12,750",49,30,0,20,2362
2025/10/24,12:52:10,907426,798766,"12,754",49,30,0,20,3149
2025/10/24,12:52:20,907484,798784,"12,759",50,30,0,20,2820
2025/10/24,12:52:30,907541,798801,"12,763",49,30,0,20,2888
2025/10/24,12:52:40,907588,798805,"12,767",49,30,0,20,3254
2025/10/24,12:52:50,907518,798711,"12,771",50,30,0,20,2764
2025/10/24,12:53:00,907495,798662,"12,775",49,30,0,20,2504
2025/10/24,12:53:10,907483,798618,"12,779",49,30,0,23,2912
2025/10/24,12:53:20,907625,798705,"12,784",49,30,0,22,3306
2025/10/24,12:53:30,907478,798546,"12,788",50,30,0,22,2530
2025/10/24,12:53:40,907460,798497,"12,792",50,30,0,22,2831
2025/10/24,12:53:50,907571,798562,"12,796",49,30,0,22,2845
2025/10/24,12:54:00,907584,798538,"12,800",50,30,0,22,3025
2025/10/24,12:54:10,907555,798482,"12,804",50,30,0,22,2602
2025/10/24,12:54:20,907528,798423,"12,809",50,30,0,22,3009
2025/10/24,12:54:30,907498,798364,"12,813",50,30,0,22,2784
2025/10/24,12:54:40,907521,798346,"12,817",50,30,0,22,3264
2025/10/24,12:54:50,907573,798355,"12,822",49,30,0,22,3201
2025/10/24,12:55:00,907501,798259,"12,826",49,30,0,22,2846
2025/10/24,12:55:10,907597,798311,"12,830",49,30,0,22,2827
2025/10/24,12:55:20,907702,798368,"12,835",50,30,0,22,3018
2025/10/24,12:55:30,907584,798230,"12,839",50,30,0,22,2921
2025/10/24,12:55:40,907745,798337,"12,843",49,30,0,22,3014
2025/10/24,12:55:50,907691,798255,"12,848",50,30,0,22,2946
2025/10/24,12:56:00,907610,798154,"12,851",50,30,0,22,2542
2025/10/24,12:56:10,907761,798255,"12,855",49,30,0,22,2770
2025/10/24,12:56:20,907634,798107,"12,860",50,30,0,22,3102
2025/10/24,12:56:30,907623,798064,"12,864",49,30,0,22,2904
2025/10/24,12:56:40,907599,798016,"12,867",50,30,0,22,2297
2025/10/24,12:56:50,907664,798039,"12,872",49,30,0,22,2976
2025/10/24,12:57:00,907696,798035,"12,876",49,30,0,22,2801
2025/10/24,12:57:10,907641,797953,"12,880",49,30,0,22,2932
2025/10/24,12:57:20,907635,797918,"12,884",49,30,0,22,2591
2025/10/24,12:57:30,907632,797882,"12,888",49,30,0,22,2908
2025/10/24,12:57:40,907678,797888,"12,892",49,30,0,22,3002
2025/10/24,12:57:50,907648,797830,"12,896",50,29,0,22,2702
2025/10/24,12:58:00,907725,797864,"12,900",49,29,0,22,2936
2025/10/24,12:58:10,907848,797937,"12,905",49,29,0,22,3061
2025/10/24,12:58:20,907681,797763,"12,908",50,29,0,21,2325
2025/10/24,12:58:30,907688,797735,"12,912",49,29,0,21,2978
2025/10/24,12:58:40,907661,797685,"12,916",49,29,0,21,2291
2025/10/24,12:58:50,907705,797689,"12,920",50,29,0,21,2962
2025/10/24,12:59:00,907844,797776,"12,924",50,29,0,21,3003
2025/10/24,12:59:10,907752,797661,"12,929",50,29,0,21,2918
2025/10/24,12:59:20,907807,797678,"12,933",49,29,0,21,2732
2025/10/24,12:59:30,907867,797700,"12,937",50,29,0,21,2625
2025/10/24,12:59:40,907923,797719,"12,940",49,29,0,21,2633
2025/10/24,12:59:50,907807,797587,"12,944",50,29,0,21,2571
2025/10/24,13:00:00,907740,797490,"12,949",49,29,0,21,3326
2025/10/24,13:00:10,907719,797441,"12,953",50,29,0,21,2611
2025/10/24,13:00:20,907762,797448,"12,957",49,29,0,21,2684
2025/10/24,13:00:30,907809,797449,"12,962",50,29,0,21,3443
2025/10/24,13:00:40,907819,797424,"12,966",49,29,0,21,2947
2025/10/24,13:00:50,907801,797375,"12,970",49,29,0,21,2895
2025/10/24,13:01:00,907840,797379,"12,974",49,29,0,21,2639
2025/10/24,13:01:10,907823,797331,"12,978",49,29,0,21,2884
2025/10/24,13:01:20,907900,797364,"12,982",49,29,0,21,3020
2025/10/24,13:01:30,907801,797248,"12,986",50,29,0,21,2484
2025/10/24,13:01:40,907834,797244,"12,990",49,29,0,21,2877
2025/10/24,13:01:50,907846,797225,"12,994",49,29,0,21,2577
2025/10/24,13:02:00,907914,797252,"12,998",50,29,0,21,2797
2025/10/24,13:02:10,907817,797131,"13,002",49,29,0,21,3126
2025/10/24,13:02:20,907840,797116,"13,007",49,29,0,21,3071
2025/10/24,13:02:30,907855,797099,"13,011",50,29,0,21,2580
2025/10/24,13:02:40,907857,797070,"13,014",49,29,0,21,2684
2025/10/24,13:02:50,907839,797025,"13,018",49,29,0,21,2548
2025/10/24,13:03:00,907810,796964,"13,023",49,29,0,21,3101
2025/10/24,13:03:10,907787,796914,"13,026",49,29,0,20,2601
2025/10/24,13:03:20,907840,796926,"13,031",49,29,0,20,3013
2025/10/24,13:03:30,907984,797023,"13,034",50,29,0,20,2515
2025/10/24,13:03:40,907901,796918,"13,038",50,29,0,20,2749
2025/10/24,13:03:50,907924,796901,"13,043",49,29,0,20,3246
2025/10/24,13:04:00,907859,796810,"13,047",49,29,0,20,2963
2025/10/24,13:04:10,907932,796844,"13,051",50,29,0,20,2572
2025/10/24,13:04:20,907928,796807,"13,055",50,29,0,20,2865
2025/10/24,13:04:30,907885,796733,"13,060",50,29,0,20,3102
2025/10/24,13:04:40,908082,796874,"13,064",49,29,0,20,2783
2025/10/24,13:04:50,907904,796689,"13,067",50,29,0,20,2464
2025/10/24,13:05:00,907940,796683,"13,072",49,29,0,20,3282
2025/10/24,13:05:10,907983,796690,"13,076",49,29,0,20,2683
2025/10/24,13:05:20,907998,796666,"13,081",50,29,0,20,3179
2025/10/24,13:05:30,907996,796629,"13,085",50,29,0,20,3016
2025/10/24,13:05:40,907972,796581,"13,088",49,29,0,20,2352
2025/10/24,13:05:50,907930,796511,"13,093",50,29,0,23,2837
2025/10/24,13:06:00,907952,796496,"13,097",49,29,0,22,2995
2025/10/24,13:06:10,907912,796432,"13,101",49,29,0,22,2525
2025/10/24,13:06:20,908095,796555,"13,105",49,29,0,22,3277
2025/10/24,13:06:30,908039,796477,"13,109",50,29,0,22,2471
2025/10/24,13:06:40,907952,796364,"13,114",49,29,0,22,3204
2025/10/24,13:06:50,908070,796437,"13,117",49,29,0,22,2663
2025/10/24,13:07:00,908034,796371,"13,122",49,29,0,22,3006
2025/10/24,13:07:10,907967,796282,"13,125",50,29,0,22,2588
2025/10/24,13:07:20,908091,796357,"13,130",49,29,0,22,2947
2025/10/24,13:07:30,908014,796257,"13,134",49,29,0,22,2836
2025/10/24,13:07:40,908192,796377,"13,138",49,29,0,22,3152
2025/10/24,13:07:50,908027,796197,"13,143",50,29,0,22,3023
2025/10/24,13:08:00,908059,796191,"13,147",50,29,0,22,2916
2025/10/24,13:08:10,908015,796116,"13,152",49,29,0,22,3182
2025/10/24,13:08:20,908068,796122,"13,157",49,29,0,22,3535
2025/10/24,13:08:30,908072,796094,"13,161",49,29,0,22,2753
2025/10/24,13:08:40,908076,796061,"13,165",50,29,0,22,3126
2025/10/24,13:08:50,908234,796164,"13,170",49,29,0,22,3102
2025/10/24,13:09:00,908169,796080,"13,173",49,29,0,22,2361
2025/10/24,13:09:10,908233,796100,"13,178",49,29,0,22,3154
2025/10/24,13:09:20,908110,795955,"13,182",50,29,0,22,3184
2025/10/24,13:09:30,908202,795999,"13,187",49,29,0,22,3201
2025/10/24,13:09:40,908136,795912,"13,191",49,29,0,22,2548
2025/10/24,13:09:50,908158,795896,"13,195",50,29,0,22,3021
2025/10/24,13:10:00,908186,795889,"13,199",49,29,0,22,2756
2025/10/24,13:10:10,908090,795774,"13,203",50,29,0,22,2644
2025/10/24,13:10:20,908128,795771,"13,207",49,29,0,22,3173
2025/10/24,13:10:30,908212,795806,"13,212",49,29,0,22,3374
2025/10/24,13:10:40,908177,795746,"13,216",50,29,0,22,2512
2025/10/24,13:10:50,908155,795694,"13,220",49,29,0,21,2860
2025/10/24,13:11:00,908105,795620,"13,224",50,29,0,21,2586
2025/10/24,13:11:10,908251,795713,"13,228",49,29,0,21,3052
2025/10/24,13:11:20,908135,795580,"13,232",50,29,0,21,2688
2025/10/24,13:11:30,908108,795527,"13,236",49,29,0,21,2566
2025/10/24,13:11:40,908130,795507,"13,241",49,29,0,21,3434
2025/10/24,13:11:50,908216,795547,"13,245",49,29,0,21,3089
2025/10/24,13:12:00,908198,795500,"13,249",49,29,0,21,2731
2025/10/24,13:12:10,908179,795450,"13,253",49,29,0,21,2917
2025/10/24,13:12:20,908210,795445,"13,257",49,29,0,21,2811
2025/10/24,13:12:30,908276,795469,"13,262",50,29,0,21,2897
2025/10/24,13:12:40,908169,795344,"13,266",50,29,0,21,2681
2025/10/24,13:12:50,908200,795327,"13,271",50,29,0,21,3783
2025/10/24,13:13:00,908279,795366,"13,275",49,29,0,21,2639
2025/10/24,13:13:10,908278,795331,"13,279",49,29,0,21,2984
2025/10/24,13:13:20,908264,795290,"13,283",49,29,0,21,2513
2025/10/24,13:13:30,908242,795239,"13,287",50,29,0,21,2720
2025/10/24,13:13:40,908278,795235,"13,291",50,29,0,21,3044
2025/10/24,13:13:50,908234,795164,"13,295",50,29,0,21,2784
2025/10/24,13:14:00,908199,795100,"13,300",50,29,0,21,2859
2025/10/24,13:14:10,908358,795207,"13,304",49,29,0,21,2816
2025/10/24,13:14:20,908265,795093,"13,308",50,29,0,21,2793
2025/10/24,13:14:30,908257,795054,"13,312",49,29,0,21,2799
2025/10/24,13:14:40,908271,795035,"13,316",50,29,0,21,2680
2025/10/24,13:14:50,908288,795015,"13,320",50,29,0,21,2990
2025/10/24,13:15:00,908324,795014,"13,324",49,29,0,21,2844
2025/10/24,13:15:10,908385,795032,"13,329",50,29,0,21,3034
2025/10/24,13:15:20,908313,794937,"13,333",50,29,0,21,2742
2025/10/24,13:15:30,908256,794852,"13,337",49,29,0,21,3073
2025/10/24,13:15:40,908388,794935,"13,341",50,29,0,20,2788
2025/10/24,13:15:50,908312,794837,"13,345",50,29,0,20,2700
2025/10/24,13:16:00,908457,794932,"13,349",49,29,0,20,2790
2025/10/24,13:16:10,908505,794940,"13,353",49,29,0,20,2975
2025/10/24,13:16:20,908382,794802,"13,357",50,29,0,20,2605
2025/10/24,13:16:30,908371,794757,"13,362",50,29,0,20,3034
2025/10/24,13:16:40,908384,794736,"13,366",50,29,0,20,2776
2025/10/24,13:16:50,908315,794643,"13,370",49,29,0,20,2856
2025/10/24,13:17:00,908319,794610,"13,374",50,29,0,20,3131
2025/10/24,13:17:10,908414,794661,"13,378",49,29,0,20,2810
2025/10/24,13:17:20,908334,794557,"13,383",49,29,0,20,2978
2025/10/24,13:17:30,908316,794506,"13,387",49,29,0,20,3086
2025/10/24,13:17:40,908400,794547,"13,391",49,29,0,20,2843
2025/10/24,13:17:50,908290,794419,"13,395",50,29,0,20,2727
2025/10/24,13:18:00,908336,794426,"13,399",49,29,0,20,2909
2025/10/24,13:18:10,908360,794414,"13,404",49,29,0,23,2888
2025/10/24,13:18:20,908368,794390,"13,408",50,29,0,22,2659
2025/10/24,13:18:30,908489,794457,"13,412",49,29,0,22,3398
2025/10/24,13:18:40,908357,794309,"13,416",49,29,0,22,2852
2025/10/24,13:18:50,908364,794286,"13,420",49,29,0,22,2550
2025/10/24,13:19:00,908368,794257,"13,424",49,29,0,22,2846
2025/10/24,13:19:10,908363,794220,"13,428",50,29,0,22,2800
2025/10/24,13:19:20,908345,794174,"13,432",50,29,0,22,2597
2025/10/24,13:19:30,908338,794135,"13,436",49,29,0,22,2880
2025/10/24,13:19:40,908415,794170,"13,440",50,29,0,22,2774
2025/10/24,13:19:50,908515,794222,"13,445",50,29,0,22,3040
2025/10/24,13:20:00,908420,794107,"13,449",50,29,0,22,2742
2025/10/24,13:20:10,908341,794006,"13,453",50,29,0,22,2742
2025/10/24,13:20:20,908408,794009,"13,460",50,29,0,22,4770
2025/10/24,13:20:30,908447,793911,"13,477",50,29,0,22,11339
2025/10/24,13:20:40,908546,793971,"13,480",50,29,0,22,2276
2025/10/24,13:20:50,908529,793904,"13,486",50,29,0,22,4477
2025/10/24,13:21:00,908488,793832,"13,491",49,29,0,22,3169
2025/10/24,13:21:10,908562,793855,"13,496",49,29,0,22,3650
2025/10/24,13:21:20,908446,793737,"13,498",49,29,0,22,1459
2025/10/24,13:21:30,908694,793918,"13,503",49,29,0,22,3126
2025/10/24,13:21:40,908633,793839,"13,506",49,29,0,22,2252
2025/10/24,13:21:50,908529,793725,"13,509",50,29,0,22,1987
2025/10/24,13:22:00,908480,793656,"13,512",50,29,0,22,2249
2025/10/24,13:22:10,908525,793668,"13,516",49,29,0,22,2393
2025/10/24,13:22:20,908491,793620,"13,518",49,29,0,22,1604
2025/10/24,13:22:30,908567,793654,"13,522",49,29,0,22,2838
2025/10/24,13:22:40,908500,793564,"13,526",49,29,0,22,2758
2025/10/24,13:22:50,908551,793588,"13,529",50,29,0,22,1765
2025/10/24,13:23:00,908512,793518,"13,533",49,29,0,21,3150
2025/10/24,13:23:10,908522,793506,"13,536",49,29,0,21,1817
2025/10/24,13:23:20,908529,793478,"13,540",50,29,0,21,2930
2025/10/24,13:23:30,908673,793548,"13,547",49,29,0,21,4887
2025/10/24,13:23:40,908563,793446,"13,548",49,29,0,21,520
2025/10/24,13:23:50,908464,793301,"13,555",50,29,0,21,5030
2025/10/24,13:24:00,908664,793424,"13,562",50,29,0,21,4437
2025/10/24,13:24:10,908512,793234,"13,569",49,29,0,21,5022
2025/10/24,13:24:20,908512,793173,"13,577",49,29,0,21,5349
2025/10/24,13:24:30,908564,793158,"13,584",49,29,0,21,5296
2025/10/24,13:24:40,908514,793026,"13,595",49,29,0,21,7748
2025/10/24,13:24:50,908601,793011,"13,607",49,29,1,21,7976
2025/10/24,13:25:00,908616,792954,"13,616",49,29,1,21,6148
2025/10/24,13:25:10,908574,792856,"13,623",49,29,1,21,5381
2025/10/24,13:25:20,908526,792741,"13,633",50,29,1,21,6286
2025/10/24,13:25:30,908588,792743,"13,639",49,29,1,21,4571
2025/10/24,13:25:40,908552,792677,"13,644",49,29,1,21,3035
2025/10/24,13:25:50,908584,792636,"13,652",49,29,1,21,6047
2025/10/24,13:26:00,908671,792657,"13,659",50,29,1,21,4720
2025/10/24,13:26:10,908599,792552,"13,665",49,29,1,21,3703
2025/10/24,13:26:20,908567,792490,"13,669",49,29,1,21,2992
2025/10/24,13:26:30,908632,792489,"13,676",49,29,1,21,5063
2025/10/24,13:26:40,908675,792464,"13,684",49,29,1,21,5485
2025/10/24,13:26:50,908604,792337,"13,692",49,29,1,21,5712
2025/10/24,13:27:00,908540,792226,"13,699",49,29,1,21,4845
2025/10/24,13:27:10,908518,792158,"13,705",50,29,1,21,4200
2025/10/24,13:27:20,908551,792144,"13,711",49,29,1,21,3755
2025/10/24,13:27:30,908572,792119,"13,716",49,29,1,21,3803
2025/10/24,13:27:40,908574,792074,"13,722",49,29,1,20,4104
2025/10/24,13:27:50,908509,791967,"13,729",49,29,1,20,4420
2025/10/24,13:28:00,908483,791887,"13,736",49,29,1,20,5036
2025/10/24,13:28:10,908516,791853,"13,744",49,29,1,20,5513
2025/10/24,13:28:20,908647,791896,"13,753",49,29,1,20,6251
2025/10/24,13:28:30,908597,791810,"13,758",49,29,1,20,3726
2025/10/24,13:28:40,908592,791772,"13,762",50,29,1,20,2896
2025/10/24,13:28:50,908411,791570,"13,768",49,29,1,20,3890
2025/10/24,13:29:00,908490,791593,"13,774",49,29,1,20,4027
2025/10/24,13:29:10,908453,791499,"13,781",50,29,1,20,5318
2025/10/24,13:29:20,908401,791399,"13,788",50,29,1,20,4710
2025/10/24,13:29:30,908597,791513,"13,796",49,29,1,20,4987
2025/10/24,13:29:40,908478,791322,"13,807",49,29,1,20,7676
2025/10/24,13:29:50,908452,791197,"13,820",50,29,1,20,8817
2025/10/24,13:30:00,908543,791026,"13,851",49,29,1,17,22000
2025/10/24,13:30:10,908487,790890,"13,862",49,29,1,17,7672
2025/10/24,13:30:20,908467,790833,"13,867",49,29,1,17,3482
2025/10/24,13:30:30,908483,790800,"13,873",49,29,1,17,4127
2025/10/24,13:30:40,908474,790756,"13,878",50,29,1,17,3117
2025/10/24,13:30:50,908420,790677,"13,882",50,29,1,17,2758
2025/10/24,13:31:00,908466,790680,"13,886",50,29,1,17,3193
2025/10/24,13:31:10,908464,790648,"13,890",49,29,1,17,2662
2025/10/24,13:31:20,908479,790631,"13,894",49,29,1,17,2644
2025/10/24,13:31:30,908457,790575,"13,899",49,29,1,17,3242
2025/10/24,13:31:40,908439,790529,"13,903",49,29,1,17,2669
2025/10/24,13:31:50,908423,790486,"13,906",50,29,1,17,2507
2025/10/24,13:32:00,908508,790530,"13,910",49,29,1,17,2636
2025/10/24,13:32:10,908426,790431,"13,914",49,29,1,17,2433
2025/10/24,13:32:20,908412,790385,"13,918",49,29,1,17,2976
2025/10/24,13:32:30,908473,790410,"13,921",49,29,1,17,2470
2025/10/24,13:32:40,908393,790313,"13,925",49,29,1,17,2411
2025/10/24,13:32:50,908329,790233,"13,928",50,29,1,17,2098
2025/10/24,13:33:00,908451,790312,"13,931",49,29,1,17,2388
2025/10/24,13:33:10,908443,790285,"13,934",49,29,1,17,1764
2025/10/24,13:33:20,908401,790232,"13,936",50,29,1,17,1420
2025/10/24,13:33:30,908501,790295,"13,939",49,29,1,17,2111
2025/10/24,13:33:40,908569,790328,"13,942",49,29,1,17,2301
2025/10/24,13:33:50,908348,790121,"13,944",49,29,1,17,1299
2025/10/24,13:34:00,908379,790127,"13,947",49,29,1,16,1845
2025/10/24,13:34:10,908365,790084,"13,951",49,29,1,16,2713
2025/10/24,13:34:20,908319,790011,"13,955",49,29,1,16,2904
2025/10/24,13:34:30,908286,789961,"13,958",50,29,1,16,1838
2025/10/24,13:34:40,908369,790007,"13,961",49,29,1,16,2305
2025/10/24,13:34:50,908395,790013,"13,963",49,29,1,16,1462
2025/10/24,13:35:00,908330,789936,"13,966",49,29,1,16,1802
2025/10/24,13:35:10,908377,789953,"13,969",49,29,1,16,2102
2025/10/24,13:35:20,908218,789792,"13,971",49,29,1,16,2002
2025/10/24,13:35:30,908317,789857,"13,974",49,29,1,16,1857
2025/10/24,13:35:40,908341,789816,"13,982",49,29,1,16,5448
2025/10/24,13:35:50,908458,789886,"13,986",49,29,1,16,2794
