Sample File,C:\TSI\Aerosol Instrument Manager\20252410.1.C07
Model,3007

Sample #,2,,
Start Date,10/24/25,,
Start Time,08:38:14,,
Sample Length,06:53:21,,
Averaging Interval (secs),1,,
Title,,,
Instrument ID,3007-06190009 3.1,,
Instrument Errors,None,,

Mean,36134.5,,
Min,8653,,
Max,176945,,
Std. Dev.,22833.2,,

Time,Concentration (#/cm³),
08:38:15,11307,
08:38:16,11605,
08:38:17,12151,
08:38:18,10706,
08:38:19,10305,
08:38:20,9758,
08:38:21,10974,
08:38:22,9150,
08:38:23,11552,
08:38:24,10679,
08:38:25,10327,
08:38:26,10262,
08:38:27,9793,
08:38:28,9159,
08:38:29,9090,
08:38:30,9282,
08:38:31,11822,
08:38:32,10042,
08:38:33,11118,
08:38:34,10702,
08:38:35,10317,
08:38:36,10150,
08:38:37,10535,
08:38:38,11613,
08:38:39,10648,
08:38:40,11261,
08:38:41,10561,
08:38:42,11804,
08:38:43,11310,
08:38:44,13039,
08:38:45,13289,
08:38:46,13247,
08:38:47,11966,
08:38:48,12684,
08:38:49,12986,
08:38:50,10746,
08:38:51,10577,
08:38:52,10432,
08:38:53,12073,
08:38:54,11029,
08:38:55,10338,
08:38:56,11065,
08:38:57,10841,
08:38:58,9735,
08:38:59,10838,
08:39:00,10360,
08:39:01,11460,
08:39:02,8653,
08:39:03,11241,
08:39:04,10943,
08:39:05,10887,
08:39:06,10813,
08:39:07,10394,
08:39:08,12382,
08:39:09,11178,
08:39:10,10667,
08:39:11,10060,
08:39:12,10699,
08:39:13,10743,
08:39:14,11781,
08:39:15,10990,
08:39:16,12561,
08:39:17,12201,
08:39:18,12413,
08:39:19,12060,
08:39:20,14179,
08:39:21,12427,
08:39:22,11724,
08:39:23,10799,
08:39:24,12166,
08:39:25,11544,
08:39:26,11736,
08:39:27,11808,
08:39:28,10809,
08:39:29,12030,
08:39:30,11282,
08:39:31,11131,
08:39:32,11918,
08:39:33,12111,
08:39:34,12766,
08:39:35,10799,
08:39:36,12219,
08:39:37,12572,
08:39:38,13055,
08:39:39,14257,
08:39:40,13640,
08:39:41,12192,
08:39:42,13227,
08:39:43,10934,
08:39:44,13447,
08:39:45,12283,
08:39:46,12618,
08:39:47,12226,
08:39:48,11564,
08:39:49,12659,
08:39:50,12343,
08:39:51,12173,
08:39:52,13442,
08:39:53,12909,
08:39:54,12821,
08:39:55,12138,
08:39:56,12479,
08:39:57,14374,
08:39:58,12543,
08:39:59,11658,
08:40:00,12565,
08:40:01,13135,
08:40:02,12933,
08:40:03,13334,
08:40:04,12700,
08:40:05,12538,
08:40:06,12800,
08:40:07,12031,
08:40:08,11935,
08:40:09,12649,
08:40:10,13787,
08:40:11,12089,
08:40:12,12849,
08:40:13,14158,
08:40:14,14554,
08:40:15,13211,
08:40:16,13491,
08:40:17,12166,
08:40:18,15180,
08:40:19,13365,
08:40:20,13194,
08:40:21,12435,
08:40:22,13051,
08:40:23,12958,
08:40:24,14490,
08:40:25,12201,
08:40:26,13002,
08:40:27,13426,
08:40:28,11955,
08:40:29,14015,
08:40:30,13345,
08:40:31,12769,
08:40:32,13762,
08:40:33,13324,
08:40:34,11864,
08:40:35,10470,
08:40:36,13225,
08:40:37,12347,
08:40:38,11817,
08:40:39,12515,
08:40:40,12659,
08:40:41,11870,
08:40:42,13812,
08:40:43,12192,
08:40:44,12351,
08:40:45,14030,
08:40:46,12636,
08:40:47,13674,
08:40:48,12293,
08:40:49,13266,
08:40:50,12578,
08:40:51,15148,
08:40:52,13355,
08:40:53,13140,
08:40:54,12823,
08:40:55,11551,
08:40:56,11585,
08:40:57,11365,
08:40:58,13330,
08:40:59,11979,
08:41:00,12269,
08:41:01,10825,
08:41:02,13835,
08:41:03,13026,
08:41:04,12748,
08:41:05,14154,
08:41:06,13288,
08:41:07,12712,
08:41:08,14164,
08:41:09,13988,
08:41:10,12613,
08:41:11,11630,
08:41:12,12379,
08:41:13,12894,
08:41:14,12942,
08:41:15,13625,
08:41:16,13987,
08:41:17,13775,
08:41:18,13181,
08:41:19,13927,
08:41:20,13697,
08:41:21,13458,
08:41:22,13846,
08:41:23,14151,
08:41:24,14228,
08:41:25,12032,
08:41:26,14465,
08:41:27,14068,
08:41:28,13488,
08:41:29,12874,
08:41:30,13171,
08:41:31,12941,
08:41:32,14145,
08:41:33,12886,
08:41:34,14466,
08:41:35,14268,
08:41:36,12926,
08:41:37,12760,
08:41:38,13508,
08:41:39,14835,
08:41:40,15018,
08:41:41,13087,
08:41:42,12749,
08:41:43,12386,
08:41:44,14037,
08:41:45,12312,
08:41:46,13458,
08:41:47,12682,
08:41:48,14103,
08:41:49,16239,
08:41:50,14289,
08:41:51,14461,
08:41:52,14520,
08:41:53,14683,
08:41:54,15393,
08:41:55,14891,
08:41:56,14429,
08:41:57,14862,
08:41:58,14418,
08:41:59,13878,
08:42:00,15112,
08:42:01,14228,
08:42:02,14761,
08:42:03,14991,
08:42:04,14400,
08:42:05,14164,
08:42:06,13985,
08:42:07,14416,
08:42:08,13535,
08:42:09,15536,
08:42:10,13731,
08:42:11,15137,
08:42:12,14305,
08:42:13,14658,
08:42:14,14834,
08:42:15,14121,
08:42:16,14570,
08:42:17,12669,
08:42:18,14840,
08:42:19,15528,
08:42:20,16542,
08:42:21,13823,
08:42:22,14890,
08:42:23,14129,
08:42:24,15011,
08:42:25,13759,
08:42:26,14793,
08:42:27,15389,
08:42:28,15648,
08:42:29,14458,
08:42:30,15241,
08:42:31,14496,
08:42:32,15153,
08:42:33,14413,
08:42:34,14836,
08:42:35,15734,
08:42:36,16026,
08:42:37,16742,
08:42:38,16389,
08:42:39,15617,
08:42:40,15672,
08:42:41,14737,
08:42:42,16187,
08:42:43,14882,
08:42:44,17136,
08:42:45,17343,
08:42:46,17798,
08:42:47,16124,
08:42:48,15823,
08:42:49,16689,
08:42:50,16134,
08:42:51,14652,
08:42:52,16704,
08:42:53,16156,
08:42:54,16454,
08:42:55,15972,
08:42:56,16056,
08:42:57,15642,
08:42:58,16054,
08:42:59,14711,
08:43:00,16663,
08:43:01,15683,
08:43:02,15163,
08:43:03,14939,
08:43:04,13540,
08:43:05,17273,
08:43:06,16609,
08:43:07,16480,
08:43:08,17982,
08:43:09,17606,
08:43:10,15856,
08:43:11,18068,
08:43:12,14763,
08:43:13,16019,
08:43:14,16669,
08:43:15,15349,
08:43:16,16448,
08:43:17,15917,
08:43:18,16235,
08:43:19,17479,
08:43:20,15265,
08:43:21,16312,
08:43:22,17584,
08:43:23,17744,
08:43:24,16440,
08:43:25,18259,
08:43:26,17024,
08:43:27,18077,
08:43:28,16775,
08:43:29,16556,
08:43:30,16516,
08:43:31,15929,
08:43:32,16196,
08:43:33,16214,
08:43:34,16963,
08:43:35,17197,
08:43:36,17215,
08:43:37,18632,
08:43:38,16593,
08:43:39,16969,
08:43:40,15737,
08:43:41,18115,
08:43:42,17949,
08:43:43,18623,
08:43:44,18874,
08:43:45,18641,
08:43:46,17538,
08:43:47,16886,
08:43:48,18111,
08:43:49,18725,
08:43:50,17790,
08:43:51,18886,
08:43:52,19564,
08:43:53,15947,
08:43:54,16251,
08:43:55,17406,
08:43:56,15338,
08:43:57,17363,
08:43:58,16726,
08:43:59,18427,
08:44:00,18060,
08:44:01,17972,
08:44:02,16953,
08:44:03,17986,
08:44:04,19115,
08:44:05,17698,
08:44:06,17835,
08:44:07,19351,
08:44:08,17457,
08:44:09,15589,
08:44:10,16276,
08:44:11,17979,
08:44:12,17553,
08:44:13,18496,
08:44:14,17171,
08:44:15,18734,
08:44:16,17969,
08:44:17,18083,
08:44:18,17734,
08:44:19,19271,
08:44:20,19498,
08:44:21,19569,
08:44:22,17636,
08:44:23,21036,
08:44:24,20450,
08:44:25,18797,
08:44:26,20164,
08:44:27,21100,
08:44:28,19598,
08:44:29,18847,
08:44:30,21622,
08:44:31,19947,
08:44:32,19666,
08:44:33,19883,
08:44:34,20305,
08:44:35,20468,
08:44:36,18825,
08:44:37,20885,
08:44:38,20521,
08:44:39,21154,
08:44:40,19470,
08:44:41,19651,
08:44:42,20575,
08:44:43,21750,
08:44:44,20422,
08:44:45,21324,
08:44:46,19100,
08:44:47,21969,
08:44:48,23013,
08:44:49,23117,
08:44:50,22684,
08:44:51,23476,
08:44:52,21159,
08:44:53,23093,
08:44:54,20051,
08:44:55,19772,
08:44:56,19819,
08:44:57,20086,
08:44:58,20196,
08:44:59,22883,
08:45:00,23987,
08:45:01,22773,
08:45:02,22785,
08:45:03,21499,
08:45:04,23687,
08:45:05,23044,
08:45:06,22509,
08:45:07,19791,
08:45:08,22974,
08:45:09,23995,
08:45:10,22057,
08:45:11,23934,
08:45:12,22695,
08:45:13,24012,
08:45:14,23978,
08:45:15,24438,
08:45:16,23663,
08:45:17,23476,
08:45:18,24580,
08:45:19,23603,
08:45:20,24911,
08:45:21,23827,
08:45:22,24837,
08:45:23,24549,
08:45:24,22210,
08:45:25,23817,
08:45:26,25293,
08:45:27,23896,
08:45:28,22913,
08:45:29,23916,
08:45:30,22911,
08:45:31,23421,
08:45:32,23470,
08:45:33,24097,
08:45:34,25692,
08:45:35,24566,
08:45:36,24584,
08:45:37,25204,
08:45:38,24924,
08:45:39,23533,
08:45:40,27180,
08:45:41,28291,
08:45:42,24197,
08:45:43,25516,
08:45:44,23902,
08:45:45,23754,
08:45:46,22837,
08:45:47,23856,
08:45:48,25791,
08:45:49,27457,
08:45:50,23983,
08:45:51,25223,
08:45:52,26128,
08:45:53,29527,
08:45:54,27019,
08:45:55,27831,
08:45:56,27182,
08:45:57,27868,
08:45:58,24594,
08:45:59,27155,
08:46:00,26665,
08:46:01,27297,
08:46:02,27690,
08:46:03,27304,
08:46:04,27116,
08:46:05,26391,
08:46:06,27456,
08:46:07,26583,
08:46:08,27852,
08:46:09,26653,
08:46:10,26354,
08:46:11,28251,
08:46:12,27748,
08:46:13,27800,
08:46:14,28451,
08:46:15,25400,
08:46:16,30325,
08:46:17,30206,
08:46:18,30202,
08:46:19,32199,
08:46:20,31763,
08:46:21,32088,
08:46:22,30689,
08:46:23,35347,
08:46:24,28655,
08:46:25,30159,
08:46:26,31058,
08:46:27,32393,
08:46:28,34136,
08:46:29,35240,
08:46:30,33724,
08:46:31,35436,
08:46:32,34792,
08:46:33,30367,
08:46:34,29868,
08:46:35,31556,
08:46:36,31810,
08:46:37,33363,
08:46:38,33888,
08:46:39,33767,
08:46:40,36513,
08:46:41,35188,
08:46:42,37584,
08:46:43,39190,
08:46:44,41340,
08:46:45,40966,
08:46:46,42595,
08:46:47,38676,
08:46:48,39603,
08:46:49,40685,
08:46:50,40329,
08:46:51,39464,
08:46:52,42899,
08:46:53,39769,
08:46:54,37556,
08:46:55,38894,
08:46:56,39079,
08:46:57,38617,
08:46:58,39502,
08:46:59,40084,
08:47:00,43303,
08:47:01,44442,
08:47:02,40531,
08:47:03,38092,
08:47:04,40219,
08:47:05,40001,
08:47:06,40776,
08:47:07,40325,
08:47:08,42377,
08:47:09,41876,
08:47:10,43651,
08:47:11,42112,
08:47:12,42955,
08:47:13,39933,
08:47:14,42351,
08:47:15,37617,
08:47:16,39554,
08:47:17,41006,
08:47:18,38153,
08:47:19,39302,
08:47:20,43418,
08:47:21,44116,
08:47:22,41291,
08:47:23,43767,
08:47:24,42240,
08:47:25,39832,
08:47:26,38866,
08:47:27,38992,
08:47:28,43322,
08:47:29,40322,
08:47:30,41514,
08:47:31,41991,
08:47:32,43355,
08:47:33,44063,
08:47:34,46707,
08:47:35,45332,
08:47:36,43607,
08:47:37,43000,
08:47:38,45731,
08:47:39,43123,
08:47:40,36729,
08:47:41,42097,
08:47:42,44257,
08:47:43,46826,
08:47:44,45164,
08:47:45,43736,
08:47:46,43460,
08:47:47,42389,
08:47:48,45828,
08:47:49,43631,
08:47:50,44915,
08:47:51,45531,
08:47:52,39619,
08:47:53,46005,
08:47:54,48611,
08:47:55,47027,
08:47:56,48404,
08:47:57,51599,
08:47:58,47803,
08:47:59,37112,
08:48:00,43105,
08:48:01,45719,
08:48:02,43422,
08:48:03,46983,
08:48:04,49449,
08:48:05,44123,
08:48:06,48159,
08:48:07,45260,
08:48:08,46508,
08:48:09,43098,
08:48:10,44304,
08:48:11,44931,
08:48:12,50049,
08:48:13,45983,
08:48:14,44001,
08:48:15,43619,
08:48:16,43355,
08:48:17,46257,
08:48:18,45263,
08:48:19,45052,
08:48:20,44252,
08:48:21,47119,
08:48:22,44355,
08:48:23,49701,
08:48:24,39783,
08:48:25,41246,
08:48:26,45454,
08:48:27,44065,
08:48:28,46232,
08:48:29,43109,
08:48:30,45596,
08:48:31,43940,
08:48:32,45139,
08:48:33,44258,
08:48:34,45252,
08:48:35,47196,
08:48:36,43343,
08:48:37,47485,
08:48:38,45755,
08:48:39,43715,
08:48:40,41411,
08:48:41,43229,
08:48:42,45382,
08:48:43,45865,
08:48:44,43915,
08:48:45,43447,
08:48:46,40277,
08:48:47,43891,
08:48:48,45917,
08:48:49,43415,
08:48:50,42922,
08:48:51,48828,
08:48:52,43343,
08:48:53,46446,
08:48:54,47719,
08:48:55,47982,
08:48:56,47082,
08:48:57,45663,
08:48:58,46177,
08:48:59,46811,
08:49:00,45194,
08:49:01,43284,
08:49:02,40175,
08:49:03,46881,
08:49:04,46879,
08:49:05,46070,
08:49:06,46864,
08:49:07,49123,
08:49:08,44320,
08:49:09,48907,
08:49:10,49193,
08:49:11,43607,
08:49:12,45329,
08:49:13,44304,
08:49:14,37554,
08:49:15,26736,
08:49:16,25457,
08:49:17,27539,
08:49:18,27949,
08:49:19,28372,
08:49:20,28275,
08:49:21,28622,
08:49:22,28517,
08:49:23,28169,
08:49:24,27988,
08:49:25,27495,
08:49:26,26960,
08:49:27,26910,
08:49:28,26439,
08:49:29,26129,
08:49:30,26061,
08:49:31,25771,
08:49:32,25678,
08:49:33,26044,
08:49:34,25894,
08:49:35,25881,
08:49:36,25796,
08:49:37,25713,
08:49:38,25660,
08:49:39,25617,
08:49:40,25655,
08:49:41,25812,
08:49:42,25850,
08:49:43,25867,
08:49:44,25882,
08:49:45,25848,
08:49:46,25788,
08:49:47,25732,
08:49:48,26147,
08:49:49,26203,
08:49:50,25848,
08:49:51,25650,
08:49:52,25860,
08:49:53,26155,
08:49:54,26286,
08:49:55,25637,
08:49:56,25230,
08:49:57,25809,
08:49:58,26037,
08:49:59,25940,
08:50:00,25251,
08:50:01,25528,
08:50:02,25643,
08:50:03,24460,
08:50:04,25773,
08:50:05,25751,
08:50:06,25507,
08:50:07,26018,
08:50:08,26023,
08:50:09,26484,
08:50:10,26471,
08:50:11,26472,
08:50:12,26564,
08:50:13,26577,
08:50:14,26770,
08:50:15,26567,
08:50:16,26655,
08:50:17,26571,
08:50:18,26625,
08:50:19,26592,
08:50:20,26573,
08:50:21,26444,
08:50:22,26381,
08:50:23,26375,
08:50:24,26388,
08:50:25,26457,
08:50:26,26363,
08:50:27,26560,
08:50:28,26549,
08:50:29,26442,
08:50:30,26458,
08:50:31,26542,
08:50:32,26573,
08:50:33,26751,
08:50:34,26066,
08:50:35,25535,
08:50:36,25202,
08:50:37,25700,
08:50:38,25967,
08:50:39,25450,
08:50:40,25494,
08:50:41,24567,
08:50:42,26332,
08:50:43,26615,
08:50:44,26220,
08:50:45,26424,
08:50:46,26130,
08:50:47,26623,
08:50:48,26931,
08:50:49,26614,
08:50:50,26773,
08:50:51,26537,
08:50:52,26249,
08:50:53,26420,
08:50:54,26520,
08:50:55,24506,
08:50:56,24731,
08:50:57,24919,
08:50:58,24973,
08:50:59,26221,
08:51:00,25304,
08:51:01,26022,
08:51:02,26447,
08:51:03,26285,
08:51:04,25907,
08:51:05,26001,
08:51:06,25586,
08:51:07,25559,
08:51:08,25875,
08:51:09,26573,
08:51:10,26923,
08:51:11,26869,
08:51:12,26510,
08:51:13,26339,
08:51:14,26636,
08:51:15,26781,
08:51:16,26922,
08:51:17,26862,
08:51:18,26878,
08:51:19,26847,
08:51:20,26857,
08:51:21,26813,
08:51:22,26510,
08:51:23,26120,
08:51:24,25759,
08:51:25,26361,
08:51:26,26793,
08:51:27,26298,
08:51:28,26396,
08:51:29,26715,
08:51:30,26531,
08:51:31,26684,
08:51:32,26625,
08:51:33,26300,
08:51:34,26522,
08:51:35,26867,
08:51:36,26881,
08:51:37,26002,
08:51:38,26781,
08:51:39,26920,
08:51:40,26846,
08:51:41,27162,
08:51:42,26964,
08:51:43,27124,
08:51:44,26505,
08:51:45,26825,
08:51:46,26859,
08:51:47,26927,
08:51:48,27194,
08:51:49,26796,
08:51:50,26304,
08:51:51,26563,
08:51:52,25328,
08:51:53,25846,
08:51:54,26665,
08:51:55,27134,
08:51:56,26470,
08:51:57,26686,
08:51:58,27192,
08:51:59,27059,
08:52:00,26797,
08:52:01,26880,
08:52:02,26833,
08:52:03,26885,
08:52:04,27086,
08:52:05,27293,
08:52:06,27060,
08:52:07,26962,
08:52:08,26403,
08:52:09,26889,
08:52:10,27033,
08:52:11,26960,
08:52:12,26796,
08:52:13,27025,
08:52:14,26622,
08:52:15,25694,
08:52:16,26391,
08:52:17,26666,
08:52:18,24558,
08:52:19,24540,
08:52:20,26235,
08:52:21,26271,
08:52:22,26459,
08:52:23,25393,
08:52:24,26029,
08:52:25,26675,
08:52:26,26934,
08:52:27,26841,
08:52:28,26963,
08:52:29,26949,
08:52:30,27051,
08:52:31,27194,
08:52:32,27254,
08:52:33,27231,
08:52:34,27176,
08:52:35,27240,
08:52:36,27407,
08:52:37,27259,
08:52:38,27446,
08:52:39,27076,
08:52:40,27144,
08:52:41,26485,
08:52:42,26992,
08:52:43,27335,
08:52:44,27227,
08:52:45,27031,
08:52:46,27159,
08:52:47,27315,
08:52:48,27388,
08:52:49,27146,
08:52:50,26630,
08:52:51,27044,
08:52:52,27357,
08:52:53,27150,
08:52:54,27097,
08:52:55,25803,
08:52:56,25813,
08:52:57,25424,
08:52:58,26229,
08:52:59,27189,
08:53:00,27627,
08:53:01,27430,
08:53:02,27452,
08:53:03,27328,
08:53:04,27656,
08:53:05,27503,
08:53:06,27321,
08:53:07,27743,
08:53:08,27959,
08:53:09,27548,
08:53:10,27311,
08:53:11,27511,
08:53:12,27531,
08:53:13,26914,
08:53:14,27023,
08:53:15,27620,
08:53:16,27643,
08:53:17,27615,
08:53:18,26930,
08:53:19,26920,
08:53:20,27525,
08:53:21,27174,
08:53:22,26782,
08:53:23,27196,
08:53:24,27409,
08:53:25,27179,
08:53:26,27237,
08:53:27,27272,
08:53:28,27445,
08:53:29,27418,
08:53:30,27425,
08:53:31,27476,
08:53:32,27393,
08:53:33,27279,
08:53:34,27478,
08:53:35,27249,
08:53:36,27415,
08:53:37,27627,
08:53:38,27491,
08:53:39,27850,
08:53:40,27872,
08:53:41,27775,
08:53:42,28053,
08:53:43,27645,
08:53:44,26989,
08:53:45,27271,
08:53:46,27023,
08:53:47,27425,
08:53:48,27235,
08:53:49,26940,
08:53:50,26033,
08:53:51,27102,
08:53:52,27286,
08:53:53,27440,
08:53:54,27450,
08:53:55,27396,
08:53:56,27322,
08:53:57,27628,
08:53:58,27849,
08:53:59,27784,
08:54:00,27632,
08:54:01,26503,
08:54:02,27050,
08:54:03,27489,
08:54:04,27449,
08:54:05,27308,
08:54:06,27442,
08:54:07,27499,
08:54:08,27677,
08:54:09,27853,
08:54:10,27904,
08:54:11,27777,
08:54:12,27897,
08:54:13,28199,
08:54:14,28213,
08:54:15,27582,
08:54:16,27587,
08:54:17,28010,
08:54:18,28085,
08:54:19,27258,
08:54:20,27804,
08:54:21,27525,
08:54:22,26638,
08:54:23,26805,
08:54:24,27452,
08:54:25,27805,
08:54:26,27332,
08:54:27,27544,
08:54:28,27687,
08:54:29,27762,
08:54:30,27595,
08:54:31,27734,
08:54:32,27751,
08:54:33,27470,
08:54:34,27528,
08:54:35,27474,
08:54:36,27725,
08:54:37,26517,
08:54:38,26551,
08:54:39,27167,
08:54:40,26636,
08:54:41,27276,
08:54:42,27794,
08:54:43,27811,
08:54:44,27861,
08:54:45,27507,
08:54:46,27565,
08:54:47,27936,
08:54:48,27711,
08:54:49,27699,
08:54:50,27563,
08:54:51,27652,
08:54:52,27746,
08:54:53,27112,
08:54:54,27084,
08:54:55,27435,
08:54:56,27851,
08:54:57,27817,
08:54:58,27833,
08:54:59,28004,
08:55:00,27686,
08:55:01,27677,
08:55:02,27648,
08:55:03,27835,
08:55:04,27507,
08:55:05,27249,
08:55:06,27691,
08:55:07,27901,
08:55:08,27342,
08:55:09,26917,
08:55:10,27764,
08:55:11,27991,
08:55:12,28013,
08:55:13,28273,
08:55:14,28316,
08:55:15,28309,
08:55:16,28257,
08:55:17,28120,
08:55:18,28221,
08:55:19,28202,
08:55:20,28323,
08:55:21,27920,
08:55:22,28061,
08:55:23,28050,
08:55:24,27974,
08:55:25,27881,
08:55:26,27822,
08:55:27,27695,
08:55:28,27414,
08:55:29,28101,
08:55:30,28122,
08:55:31,27686,
08:55:32,27891,
08:55:33,28142,
08:55:34,28003,
08:55:35,27883,
08:55:36,27797,
08:55:37,27828,
08:55:38,28336,
08:55:39,28333,
08:55:40,28246,
08:55:41,28053,
08:55:42,26983,
08:55:43,25891,
08:55:44,26590,
08:55:45,26517,
08:55:46,27477,
08:55:47,28055,
08:55:48,27893,
08:55:49,28121,
08:55:50,27868,
08:55:51,28152,
08:55:52,27943,
08:55:53,27838,
08:55:54,28137,
08:55:55,27766,
08:55:56,28123,
08:55:57,27929,
08:55:58,27604,
08:55:59,27680,
08:56:00,27766,
08:56:01,26757,
08:56:02,27407,
08:56:03,27879,
08:56:04,28007,
08:56:05,27929,
08:56:06,28264,
08:56:07,27647,
08:56:08,27090,
08:56:09,27529,
08:56:10,27502,
08:56:11,26832,
08:56:12,26645,
08:56:13,25519,
08:56:14,25596,
08:56:15,27127,
08:56:16,28139,
08:56:17,28257,
08:56:18,27954,
08:56:19,28117,
08:56:20,28111,
08:56:21,28317,
08:56:22,28436,
08:56:23,28362,
08:56:24,28150,
08:56:25,28305,
08:56:26,27556,
08:56:27,27434,
08:56:28,26945,
08:56:29,26569,
08:56:30,26384,
08:56:31,23366,
08:56:32,24481,
08:56:33,25258,
08:56:34,24533,
08:56:35,26413,
08:56:36,27470,
08:56:37,27954,
08:56:38,28284,
08:56:39,27901,
08:56:40,28039,
08:56:41,28181,
08:56:42,28343,
08:56:43,28168,
08:56:44,28048,
08:56:45,27418,
08:56:46,26823,
08:56:47,26601,
08:56:48,27391,
08:56:49,28227,
08:56:50,28070,
08:56:51,28253,
08:56:52,27833,
08:56:53,27212,
08:56:54,27438,
08:56:55,28040,
08:56:56,28241,
08:56:57,28331,
08:56:58,28179,
08:56:59,28182,
08:57:00,27093,
08:57:01,28057,
08:57:02,28436,
08:57:03,28463,
08:57:04,27753,
08:57:05,27150,
08:57:06,28000,
08:57:07,28354,
08:57:08,28552,
08:57:09,28909,
08:57:10,28507,
08:57:11,28469,
08:57:12,28695,
08:57:13,28679,
08:57:14,28564,
08:57:15,28573,
08:57:16,28707,
08:57:17,28689,
08:57:18,28529,
08:57:19,28701,
08:57:20,28558,
08:57:21,28708,
08:57:22,28497,
08:57:23,28600,
08:57:24,28689,
08:57:25,28730,
08:57:26,28532,
08:57:27,28305,
08:57:28,32285,
08:57:29,40823,
08:57:30,51859,
08:57:31,52728,
08:57:32,50443,
08:57:33,49475,
08:57:34,50453,
08:57:35,51882,
08:57:36,53200,
08:57:37,52177,
08:57:38,52320,
08:57:39,52151,
08:57:40,52656,
08:57:41,53451,
08:57:42,53534,
08:57:43,53309,
08:57:44,53633,
08:57:45,53607,
08:57:46,53787,
08:57:47,53506,
08:57:48,53584,
08:57:49,53479,
08:57:50,52780,
08:57:51,53413,
08:57:52,52809,
08:57:53,52815,
08:57:54,53212,
08:57:55,53541,
08:57:56,51151,
08:57:57,50709,
08:57:58,51739,
08:57:59,52709,
08:58:00,53216,
08:58:01,53002,
08:58:02,53841,
08:58:03,53046,
08:58:04,53618,
08:58:05,53506,
08:58:06,53955,
08:58:07,49664,
08:58:08,50003,
08:58:09,51075,
08:58:10,51544,
08:58:11,50950,
08:58:12,51707,
08:58:13,52247,
08:58:14,52363,
08:58:15,52773,
08:58:16,53099,
08:58:17,53296,
08:58:18,52809,
08:58:19,52857,
08:58:20,52812,
08:58:21,52977,
08:58:22,53219,
08:58:23,52212,
08:58:24,43050,
08:58:25,47699,
08:58:26,47467,
08:58:27,50104,
08:58:28,52215,
08:58:29,52425,
08:58:30,52735,
08:58:31,52115,
08:58:32,52361,
08:58:33,52387,
08:58:34,52478,
08:58:35,52374,
08:58:36,52350,
08:58:37,52629,
08:58:38,52609,
08:58:39,51049,
08:58:40,50790,
08:58:41,51665,
08:58:42,51444,
08:58:43,50806,
08:58:44,50376,
08:58:45,51704,
08:58:46,52324,
08:58:47,52544,
08:58:48,51185,
08:58:49,48623,
08:58:50,49871,
08:58:51,50889,
08:58:52,48447,
08:58:53,47583,
08:58:54,47872,
08:58:55,51249,
08:58:56,51540,
08:58:57,52058,
08:58:58,51840,
08:58:59,47071,
08:59:00,47663,
08:59:01,49757,
08:59:02,51406,
08:59:03,52302,
08:59:04,51187,
08:59:05,49788,
08:59:06,50524,
08:59:07,51407,
08:59:08,51401,
08:59:09,50384,
08:59:10,46971,
08:59:11,49083,
08:59:12,51413,
08:59:13,52219,
08:59:14,51688,
08:59:15,49263,
08:59:16,51084,
08:59:17,51647,
08:59:18,51743,
08:59:19,51576,
08:59:20,51283,
08:59:21,52509,
08:59:22,52263,
08:59:23,51328,
08:59:24,51881,
08:59:25,51620,
08:59:26,52699,
08:59:27,52006,
08:59:28,51530,
08:59:29,51238,
08:59:30,52207,
08:59:31,51655,
08:59:32,51864,
08:59:33,51665,
08:59:34,52402,
08:59:35,51389,
08:59:36,51238,
08:59:37,52245,
08:59:38,52297,
08:59:39,51984,
08:59:40,51760,
08:59:41,50942,
08:59:42,50285,
08:59:43,47769,
08:59:44,50460,
08:59:45,50305,
08:59:46,51345,
08:59:47,51342,
08:59:48,50305,
08:59:49,49175,
08:59:50,50831,
08:59:51,49716,
08:59:52,45697,
08:59:53,47172,
08:59:54,50615,
08:59:55,51515,
08:59:56,52145,
08:59:57,51036,
08:59:58,50724,
08:59:59,51946,
09:00:00,51821,
09:00:01,52283,
09:00:02,52386,
09:00:03,52240,
09:00:04,52174,
09:00:05,52180,
09:00:06,50736,
09:00:07,47731,
09:00:08,46411,
09:00:09,50675,
09:00:10,50287,
09:00:11,49301,
09:00:12,47957,
09:00:13,50549,
09:00:14,51383,
09:00:15,51613,
09:00:16,50600,
09:00:17,50175,
09:00:18,50695,
09:00:19,51064,
09:00:20,51419,
09:00:21,51530,
09:00:22,51244,
09:00:23,51124,
09:00:24,51511,
09:00:25,51608,
09:00:26,51300,
09:00:27,51626,
09:00:28,51432,
09:00:29,51471,
09:00:30,51483,
09:00:31,51313,
09:00:32,51319,
09:00:33,51561,
09:00:34,51285,
09:00:35,50048,
09:00:36,50145,
09:00:37,50648,
09:00:38,50093,
09:00:39,50367,
09:00:40,50987,
09:00:41,49884,
09:00:42,49962,
09:00:43,47474,
09:00:44,48925,
09:00:45,50571,
09:00:46,50516,
09:00:47,50835,
09:00:48,50213,
09:00:49,47052,
09:00:50,44163,
09:00:51,44989,
09:00:52,49507,
09:00:53,46110,
09:00:54,49857,
09:00:55,50042,
09:00:56,51015,
09:00:57,51492,
09:00:58,51103,
09:00:59,51190,
09:01:00,51137,
09:01:01,51247,
09:01:02,51764,
09:01:03,51181,
09:01:04,51011,
09:01:05,51251,
09:01:06,50107,
09:01:07,49154,
09:01:08,50161,
09:01:09,50612,
09:01:10,50188,
09:01:11,50447,
09:01:12,50580,
09:01:13,51051,
09:01:14,49704,
09:01:15,48712,
09:01:16,48057,
09:01:17,47893,
09:01:18,46717,
09:01:19,47027,
09:01:20,45570,
09:01:21,47646,
09:01:22,48493,
09:01:23,48524,
09:01:24,49694,
09:01:25,49520,
09:01:26,49817,
09:01:27,49401,
09:01:28,40810,
09:01:29,43503,
09:01:30,44740,
09:01:31,46650,
09:01:32,48131,
09:01:33,48368,
09:01:34,47629,
09:01:35,44670,
09:01:36,44478,
09:01:37,46530,
09:01:38,47543,
09:01:39,45315,
09:01:40,45776,
09:01:41,46000,
09:01:42,45711,
09:01:43,47055,
09:01:44,47392,
09:01:45,47773,
09:01:46,48073,
09:01:47,48312,
09:01:48,48637,
09:01:49,49040,
09:01:50,49678,
09:01:51,49544,
09:01:52,49037,
09:01:53,48128,
09:01:54,49210,
09:01:55,48226,
09:01:56,49203,
09:01:57,49300,
09:01:58,48284,
09:01:59,49394,
09:02:00,49745,
09:02:01,49667,
09:02:02,49324,
09:02:03,49515,
09:02:04,48799,
09:02:05,48596,
09:02:06,48618,
09:02:07,48979,
09:02:08,48449,
09:02:09,48135,
09:02:10,45406,
09:02:11,44925,
09:02:12,46577,
09:02:13,46815,
09:02:14,48026,
09:02:15,48240,
09:02:16,48419,
09:02:17,48696,
09:02:18,48987,
09:02:19,48752,
09:02:20,48621,
09:02:21,48586,
09:02:22,48402,
09:02:23,48080,
09:02:24,48189,
09:02:25,47165,
09:02:26,46593,
09:02:27,46977,
09:02:28,47145,
09:02:29,47611,
09:02:30,48111,
09:02:31,48289,
09:02:32,47834,
09:02:33,47659,
09:02:34,47505,
09:02:35,47637,
09:02:36,47783,
09:02:37,47966,
09:02:38,47806,
09:02:39,47908,
09:02:40,47970,
09:02:41,47825,
09:02:42,48643,
09:02:43,48082,
09:02:44,47950,
09:02:45,48436,
09:02:46,48386,
09:02:47,48462,
09:02:48,48621,
09:02:49,48199,
09:02:50,49165,
09:02:51,45335,
09:02:52,46848,
09:02:53,47680,
09:02:54,47364,
09:02:55,47252,
09:02:56,47704,
09:02:57,47687,
09:02:58,41183,
09:02:59,42053,
09:03:00,41885,
09:03:01,45375,
09:03:02,45424,
09:03:03,47929,
09:03:04,47417,
09:03:05,47823,
09:03:06,47718,
09:03:07,46831,
09:03:08,44911,
09:03:09,47052,
09:03:10,47605,
09:03:11,46931,
09:03:12,43849,
09:03:13,44715,
09:03:14,46410,
09:03:15,47892,
09:03:16,47964,
09:03:17,47244,
09:03:18,46869,
09:03:19,48074,
09:03:20,48106,
09:03:21,48249,
09:03:22,48438,
09:03:23,48541,
09:03:24,48900,
09:03:25,48828,
09:03:26,48997,
09:03:27,48979,
09:03:28,48979,
09:03:29,49051,
09:03:30,48643,
09:03:31,48834,
09:03:32,47941,
09:03:33,47762,
09:03:34,47668,
09:03:35,46565,
09:03:36,41876,
09:03:37,40218,
09:03:38,39134,
09:03:39,41619,
09:03:40,44927,
09:03:41,46482,
09:03:42,42950,
09:03:43,44930,
09:03:44,47199,
09:03:45,48022,
09:03:46,48955,
09:03:47,48941,
09:03:48,49261,
09:03:49,48951,
09:03:50,48864,
09:03:51,48827,
09:03:52,48987,
09:03:53,48840,
09:03:54,48882,
09:03:55,47633,
09:03:56,48243,
09:03:57,48627,
09:03:58,47920,
09:03:59,48618,
09:04:00,48076,
09:04:01,47694,
09:04:02,47979,
09:04:03,48231,
09:04:04,48621,
09:04:05,48533,
09:04:06,48704,
09:04:07,48221,
09:04:08,48582,
09:04:09,48291,
09:04:10,48022,
09:04:11,48306,
09:04:12,47222,
09:04:13,47111,
09:04:14,47268,
09:04:15,48275,
09:04:16,46919,
09:04:17,43700,
09:04:18,42584,
09:04:19,47078,
09:04:20,47279,
09:04:21,47585,
09:04:22,47740,
09:04:23,48302,
09:04:24,48604,
09:04:25,48259,
09:04:26,48506,
09:04:27,48413,
09:04:28,48680,
09:04:29,47950,
09:04:30,47085,
09:04:31,46872,
09:04:32,46332,
09:04:33,43845,
09:04:34,39747,
09:04:35,42300,
09:04:36,45976,
09:04:37,47631,
09:04:38,43567,
09:04:39,46703,
09:04:40,36132,
09:04:41,39565,
09:04:42,45919,
09:04:43,45948,
09:04:44,47148,
09:04:45,47128,
09:04:46,47929,
09:04:47,47519,
09:04:48,47217,
09:04:49,47088,
09:04:50,46901,
09:04:51,45933,
09:04:52,44247,
09:04:53,46821,
09:04:54,46661,
09:04:55,46696,
09:04:56,47949,
09:04:57,48156,
09:04:58,47491,
09:04:59,47639,
09:05:00,47100,
09:05:01,46516,
09:05:02,45713,
09:05:03,47105,
09:05:04,47979,
09:05:05,47993,
09:05:06,46758,
09:05:07,47403,
09:05:08,48130,
09:05:09,47499,
09:05:10,45401,
09:05:11,47121,
09:05:12,46303,
09:05:13,41145,
09:05:14,46640,
09:05:15,43914,
09:05:16,43701,
09:05:17,45121,
09:05:18,46557,
09:05:19,46369,
09:05:20,46069,
09:05:21,46799,
09:05:22,46185,
09:05:23,46398,
09:05:24,46576,
09:05:25,46569,
09:05:26,46598,
09:05:27,46569,
09:05:28,46535,
09:05:29,44949,
09:05:30,40449,
09:05:31,46516,
09:05:32,46930,
09:05:33,46725,
09:05:34,46931,
09:05:35,47321,
09:05:36,47333,
09:05:37,42797,
09:05:38,45152,
09:05:39,46569,
09:05:40,47194,
09:05:41,46743,
09:05:42,42861,
09:05:43,44962,
09:05:44,46936,
09:05:45,46629,
09:05:46,47121,
09:05:47,40521,
09:05:48,45738,
09:05:49,46366,
09:05:50,46288,
09:05:51,39884,
09:05:52,44607,
09:05:53,45461,
09:05:54,43466,
09:05:55,42466,
09:05:56,45539,
09:05:57,44921,
09:05:58,39092,
09:05:59,44479,
09:06:00,44996,
09:06:01,39433,
09:06:02,44538,
09:06:03,45113,
09:06:04,39435,
09:06:05,44750,
09:06:06,45080,
09:06:07,39751,
09:06:08,44875,
09:06:09,41434,
09:06:10,41991,
09:06:11,44769,
09:06:12,39386,
09:06:13,45018,
09:06:14,42077,
09:06:15,42748,
09:06:16,45526,
09:06:17,39548,
09:06:18,44429,
09:06:19,39958,
09:06:20,42748,
09:06:21,39971,
09:06:22,42102,
09:06:23,43200,
09:06:24,40424,
09:06:25,44732,
09:06:26,39350,
09:06:27,44206,
09:06:28,39396,
09:06:29,43416,
09:06:30,38236,
09:06:31,43170,
09:06:32,39099,
09:06:33,43761,
09:06:34,38273,
09:06:35,42780,
09:06:36,38157,
09:06:37,42484,
09:06:38,37766,
09:06:39,38577,
09:06:40,41250,
09:06:41,38354,
09:06:42,42650,
09:06:43,39001,
09:06:44,40730,
09:06:45,35842,
09:06:46,38732,
09:06:47,41468,
09:06:48,38942,
09:06:49,42410,
09:06:50,38498,
09:06:51,39725,
09:06:52,40396,
09:06:53,37822,
09:06:54,40122,
09:06:55,38336,
09:06:56,39479,
09:06:57,42103,
09:06:58,37871,
09:06:59,38952,
09:07:00,41877,
09:07:01,38453,
09:07:02,38923,
09:07:03,40769,
09:07:04,39974,
09:07:05,38158,
09:07:06,39545,
09:07:07,41839,
09:07:08,38181,
09:07:09,39113,
09:07:10,39441,
09:07:11,41244,
09:07:12,38618,
09:07:13,38948,
09:07:14,34697,
09:07:15,39410,
09:07:16,36445,
09:07:17,37270,
09:07:18,37736,
09:07:19,37631,
09:07:20,34562,
09:07:21,38237,
09:07:22,35809,
09:07:23,33501,
09:07:24,34562,
09:07:25,36256,
09:07:26,37570,
09:07:27,37311,
09:07:28,37168,
09:07:29,37743,
09:07:30,37646,
09:07:31,38352,
09:07:32,38868,
09:07:33,38165,
09:07:34,37901,
09:07:35,37876,
09:07:36,37663,
09:07:37,34537,
09:07:38,37199,
09:07:39,37911,
09:07:40,37423,
09:07:41,37570,
09:07:42,38017,
09:07:43,38087,
09:07:44,38041,
09:07:45,37918,
09:07:46,37133,
09:07:47,36697,
09:07:48,36160,
09:07:49,36363,
09:07:50,37020,
09:07:51,37390,
09:07:52,37329,
09:07:53,37054,
09:07:54,36866,
09:07:55,36950,
09:07:56,37048,
09:07:57,37076,
09:07:58,37077,
09:07:59,36741,
09:08:00,34958,
09:08:01,36190,
09:08:02,36390,
09:08:03,36329,
09:08:04,35657,
09:08:05,33714,
09:08:06,32090,
09:08:07,30624,
09:08:08,34316,
09:08:09,35489,
09:08:10,34301,
09:08:11,35844,
09:08:12,36155,
09:08:13,34118,
09:08:14,35600,
09:08:15,35851,
09:08:16,35638,
09:08:17,34848,
09:08:18,34346,
09:08:19,36161,
09:08:20,35925,
09:08:21,36647,
09:08:22,34048,
09:08:23,36230,
09:08:24,36481,
09:08:25,36682,
09:08:26,34052,
09:08:27,36145,
09:08:28,37224,
09:08:29,36714,
09:08:30,33947,
09:08:31,36744,
09:08:32,36290,
09:08:33,34076,
09:08:34,36157,
09:08:35,36304,
09:08:36,34282,
09:08:37,35258,
09:08:38,35947,
09:08:39,34289,
09:08:40,35152,
09:08:41,35793,
09:08:42,33829,
09:08:43,35233,
09:08:44,35156,
09:08:45,32879,
09:08:46,35159,
09:08:47,35390,
09:08:48,33436,
09:08:49,34588,
09:08:50,32833,
09:08:51,35180,
09:08:52,35668,
09:08:53,33505,
09:08:54,35407,
09:08:55,33494,
09:08:56,35240,
09:08:57,34318,
09:08:58,34768,
09:08:59,35368,
09:09:00,33214,
09:09:01,32576,
09:09:02,31878,
09:09:03,34308,
09:09:04,32315,
09:09:05,35378,
09:09:06,33315,
09:09:07,35316,
09:09:08,32449,
09:09:09,34161,
09:09:10,33517,
09:09:11,33761,
09:09:12,33903,
09:09:13,34050,
09:09:14,33620,
09:09:15,34273,
09:09:16,32922,
09:09:17,34910,
09:09:18,32450,
09:09:19,32070,
09:09:20,31760,
09:09:21,34857,
09:09:22,32827,
09:09:23,34836,
09:09:24,32517,
09:09:25,33558,
09:09:26,33461,
09:09:27,32802,
09:09:28,34878,
09:09:29,32424,
09:09:30,34508,
09:09:31,32907,
09:09:32,32648,
09:09:33,34464,
09:09:34,32062,
09:09:35,33111,
09:09:36,34069,
09:09:37,32535,
09:09:38,33604,
09:09:39,33141,
09:09:40,32459,
09:09:41,34103,
09:09:42,33500,
09:09:43,32511,
09:09:44,32815,
09:09:45,32283,
09:09:46,31828,
09:09:47,31863,
09:09:48,34534,
09:09:49,32418,
09:09:50,32460,
09:09:51,32194,
09:09:52,34217,
09:09:53,32148,
09:09:54,32339,
09:09:55,32066,
09:09:56,33617,
09:09:57,33016,
09:09:58,32040,
09:09:59,32261,
09:10:00,32533,
09:10:01,32521,
09:10:02,33508,
09:10:03,32198,
09:10:04,31989,
09:10:05,31985,
09:10:06,32059,
09:10:07,31985,
09:10:08,31136,
09:10:09,27300,
09:10:10,28597,
09:10:11,31367,
09:10:12,32098,
09:10:13,31629,
09:10:14,31437,
09:10:15,30898,
09:10:16,28595,
09:10:17,25335,
09:10:18,31311,
09:10:19,31504,
09:10:20,32146,
09:10:21,31445,
09:10:22,28401,
09:10:23,31732,
09:10:24,31716,
09:10:25,31784,
09:10:26,31627,
09:10:27,31462,
09:10:28,31725,
09:10:29,31993,
09:10:30,31623,
09:10:31,31679,
09:10:32,32248,
09:10:33,32065,
09:10:34,27761,
09:10:35,30546,
09:10:36,30607,
09:10:37,30559,
09:10:38,30964,
09:10:39,31467,
09:10:40,29683,
09:10:41,31082,
09:10:42,31269,
09:10:43,31327,
09:10:44,31284,
09:10:45,30991,
09:10:46,31265,
09:10:47,31412,
09:10:48,30862,
09:10:49,30326,
09:10:50,31140,
09:10:51,31147,
09:10:52,30835,
09:10:53,31066,
09:10:54,31429,
09:10:55,30704,
09:10:56,30592,
09:10:57,31234,
09:10:58,30718,
09:10:59,30948,
09:11:00,30999,
09:11:01,28137,
09:11:02,29291,
09:11:03,31117,
09:11:04,31301,
09:11:05,31008,
09:11:06,31231,
09:11:07,30142,
09:11:08,29983,
09:11:09,30796,
09:11:10,30576,
09:11:11,30704,
09:11:12,30102,
09:11:13,30200,
09:11:14,31168,
09:11:15,30944,
09:11:16,31065,
09:11:17,30933,
09:11:18,30778,
09:11:19,30465,
09:11:20,30014,
09:11:21,30617,
09:11:22,31156,
09:11:23,31252,
09:11:24,31288,
09:11:25,31138,
09:11:26,31077,
09:11:27,31436,
09:11:28,31385,
09:11:29,31296,
09:11:30,30896,
09:11:31,31002,
09:11:32,30521,
09:11:33,30034,
09:11:34,30118,
09:11:35,30378,
09:11:36,30646,
09:11:37,30962,
09:11:38,30775,
09:11:39,30867,
09:11:40,30536,
09:11:41,30882,
09:11:42,30922,
09:11:43,30692,
09:11:44,30963,
09:11:45,30258,
09:11:46,29775,
09:11:47,29401,
09:11:48,30067,
09:11:49,30746,
09:11:50,29896,
09:11:51,30163,
09:11:52,30261,
09:11:53,30756,
09:11:54,30609,
09:11:55,31018,
09:11:56,30763,
09:11:57,30991,
09:11:58,29966,
09:11:59,30027,
09:12:00,29982,
09:12:01,30364,
09:12:02,30300,
09:12:03,30576,
09:12:04,30061,
09:12:05,28729,
09:12:06,29143,
09:12:07,29623,
09:12:08,29163,
09:12:09,29375,
09:12:10,28668,
09:12:11,26962,
09:12:12,26391,
09:12:13,25088,
09:12:14,23398,
09:12:15,26521,
09:12:16,26524,
09:12:17,29966,
09:12:18,30097,
09:12:19,29829,
09:12:20,29631,
09:12:21,27803,
09:12:22,27874,
09:12:23,26336,
09:12:24,23618,
09:12:25,24751,
09:12:26,27052,
09:12:27,29144,
09:12:28,29412,
09:12:29,29473,
09:12:30,29481,
09:12:31,29451,
09:12:32,28045,
09:12:33,27114,
09:12:34,27986,
09:12:35,27287,
09:12:36,26272,
09:12:37,28699,
09:12:38,25067,
09:12:39,28863,
09:12:40,29735,
09:12:41,29680,
09:12:42,29766,
09:12:43,29541,
09:12:44,29910,
09:12:45,29925,
09:12:46,29645,
09:12:47,29113,
09:12:48,28871,
09:12:49,29450,
09:12:50,29651,
09:12:51,29689,
09:12:52,29403,
09:12:53,28980,
09:12:54,29108,
09:12:55,28136,
09:12:56,25605,
09:12:57,27052,
09:12:58,27021,
09:12:59,28023,
09:13:00,28043,
09:13:01,28506,
09:13:02,28962,
09:13:03,28906,
09:13:04,28981,
09:13:05,28849,
09:13:06,27830,
09:13:07,27344,
09:13:08,28375,
09:13:09,28756,
09:13:10,28440,
09:13:11,27712,
09:13:12,27189,
09:13:13,26693,
09:13:14,28418,
09:13:15,29023,
09:13:16,29068,
09:13:17,28800,
09:13:18,28819,
09:13:19,28878,
09:13:20,28753,
09:13:21,28806,
09:13:22,28671,
09:13:23,28522,
09:13:24,27940,
09:13:25,27805,
09:13:26,27707,
09:13:27,28058,
09:13:28,28330,
09:13:29,28398,
09:13:30,28465,
09:13:31,28280,
09:13:32,28109,
09:13:33,28502,
09:13:34,28449,
09:13:35,28475,
09:13:36,28325,
09:13:37,28423,
09:13:38,27681,
09:13:39,27582,
09:13:40,27599,
09:13:41,27869,
09:13:42,24901,
09:13:43,26774,
09:13:44,28629,
09:13:45,28018,
09:13:46,27556,
09:13:47,27909,
09:13:48,28395,
09:13:49,27832,
09:13:50,25968,
09:13:51,27407,
09:13:52,27403,
09:13:53,27683,
09:13:54,26864,
09:13:55,24421,
09:13:56,25179,
09:13:57,27989,
09:13:58,28344,
09:13:59,28506,
09:14:00,28391,
09:14:01,28490,
09:14:02,28795,
09:14:03,28998,
09:14:04,28668,
09:14:05,28785,
09:14:06,29026,
09:14:07,28856,
09:14:08,28893,
09:14:09,28658,
09:14:10,28384,
09:14:11,27800,
09:14:12,27659,
09:14:13,25816,
09:14:14,27201,
09:14:15,26825,
09:14:16,28077,
09:14:17,28852,
09:14:18,28647,
09:14:19,28835,
09:14:20,28724,
09:14:21,28796,
09:14:22,28540,
09:14:23,28767,
09:14:24,28742,
09:14:25,28891,
09:14:26,28064,
09:14:27,27733,
09:14:28,26683,
09:14:29,26950,
09:14:30,26796,
09:14:31,27613,
09:14:32,27831,
09:14:33,27479,
09:14:34,28106,
09:14:35,28256,
09:14:36,28181,
09:14:37,28314,
09:14:38,27606,
09:14:39,26699,
09:14:40,28318,
09:14:41,28633,
09:14:42,28004,
09:14:43,27475,
09:14:44,27432,
09:14:45,27723,
09:14:46,26686,
09:14:47,25664,
09:14:48,27026,
09:14:49,27178,
09:14:50,27010,
09:14:51,26395,
09:14:52,27236,
09:14:53,27177,
09:14:54,27618,
09:14:55,27922,
09:14:56,27901,
09:14:57,27615,
09:14:58,27756,
09:14:59,27332,
09:15:00,27179,
09:15:01,27563,
09:15:02,27496,
09:15:03,27467,
09:15:04,24793,
09:15:05,23910,
09:15:06,23849,
09:15:07,26585,
09:15:08,27489,
09:15:09,27254,
09:15:10,27220,
09:15:11,27222,
09:15:12,27145,
09:15:13,27074,
09:15:14,27594,
09:15:15,27648,
09:15:16,27448,
09:15:17,27734,
09:15:18,27227,
09:15:19,26095,
09:15:20,27846,
09:15:21,27933,
09:15:22,28110,
09:15:23,28102,
09:15:24,28108,
09:15:25,28188,
09:15:26,28264,
09:15:27,28386,
09:15:28,28241,
09:15:29,28182,
09:15:30,28462,
09:15:31,28517,
09:15:32,28377,
09:15:33,28281,
09:15:34,28072,
09:15:35,28083,
09:15:36,28163,
09:15:37,27950,
09:15:38,27698,
09:15:39,26124,
09:15:40,27883,
09:15:41,28195,
09:15:42,28008,
09:15:43,28476,
09:15:44,28192,
09:15:45,28133,
09:15:46,28036,
09:15:47,27961,
09:15:48,27815,
09:15:49,27531,
09:15:50,27997,
09:15:51,27429,
09:15:52,28251,
09:15:53,27517,
09:15:54,27957,
09:15:55,28194,
09:15:56,27544,
09:15:57,27382,
09:15:58,25406,
09:15:59,26597,
09:16:00,23637,
09:16:01,22180,
09:16:02,25870,
09:16:03,27096,
09:16:04,27197,
09:16:05,27350,
09:16:06,27316,
09:16:07,26889,
09:16:08,26625,
09:16:09,26690,
09:16:10,26544,
09:16:11,26788,
09:16:12,26920,
09:16:13,26454,
09:16:14,26430,
09:16:15,26473,
09:16:16,26089,
09:16:17,26200,
09:16:18,26298,
09:16:19,26667,
09:16:20,24991,
09:16:21,25518,
09:16:22,25666,
09:16:23,24776,
09:16:24,26777,
09:16:25,27214,
09:16:26,26910,
09:16:27,25493,
09:16:28,24911,
09:16:29,25979,
09:16:30,26318,
09:16:31,26104,
09:16:32,26214,
09:16:33,26214,
09:16:34,26207,
09:16:35,25607,
09:16:36,24034,
09:16:37,25354,
09:16:38,25244,
09:16:39,23388,
09:16:40,25208,
09:16:41,25478,
09:16:42,25724,
09:16:43,25582,
09:16:44,25668,
09:16:45,25698,
09:16:46,25645,
09:16:47,25638,
09:16:48,25478,
09:16:49,25841,
09:16:50,25837,
09:16:51,25679,
09:16:52,26050,
09:16:53,25727,
09:16:54,25728,
09:16:55,25823,
09:16:56,25627,
09:16:57,25908,
09:16:58,25725,
09:16:59,25812,
09:17:00,25514,
09:17:01,25742,
09:17:02,25894,
09:17:03,25355,
09:17:04,24369,
09:17:05,25308,
09:17:06,25200,
09:17:07,24442,
09:17:08,24777,
09:17:09,25566,
09:17:10,25074,
09:17:11,25457,
09:17:12,25305,
09:17:13,25482,
09:17:14,25360,
09:17:15,24795,
09:17:16,24888,
09:17:17,25297,
09:17:18,25604,
09:17:19,25372,
09:17:20,25262,
09:17:21,25347,
09:17:22,25974,
09:17:23,25420,
09:17:24,24524,
09:17:25,25727,
09:17:26,25547,
09:17:27,25315,
09:17:28,25652,
09:17:29,26312,
09:17:30,25436,
09:17:31,26935,
09:17:32,26828,
09:17:33,26587,
09:17:34,26129,
09:17:35,25894,
09:17:36,26213,
09:17:37,26193,
09:17:38,26294,
09:17:39,25911,
09:17:40,26115,
09:17:41,26543,
09:17:42,26309,
09:17:43,26086,
09:17:44,26091,
09:17:45,26161,
09:17:46,26153,
09:17:47,26301,
09:17:48,25881,
09:17:49,26106,
09:17:50,26604,
09:17:51,26369,
09:17:52,27070,
09:17:53,26476,
09:17:54,25539,
09:17:55,25447,
09:17:56,25468,
09:17:57,24208,
09:17:58,24943,
09:17:59,23874,
09:18:00,24774,
09:18:01,26144,
09:18:02,26450,
09:18:03,26616,
09:18:04,26065,
09:18:05,25715,
09:18:06,25557,
09:18:07,25543,
09:18:08,24818,
09:18:09,24397,
09:18:10,25461,
09:18:11,25443,
09:18:12,25992,
09:18:13,26329,
09:18:14,26062,
09:18:15,25522,
09:18:16,25622,
09:18:17,25906,
09:18:18,25402,
09:18:19,25294,
09:18:20,25041,
09:18:21,25736,
09:18:22,26432,
09:18:23,24277,
09:18:24,24423,
09:18:25,26145,
09:18:26,26384,
09:18:27,26601,
09:18:28,26705,
09:18:29,26237,
09:18:30,25348,
09:18:31,25702,
09:18:32,25887,
09:18:33,24855,
09:18:34,24928,
09:18:35,25249,
09:18:36,25433,
09:18:37,25582,
09:18:38,26146,
09:18:39,26247,
09:18:40,26689,
09:18:41,26475,
09:18:42,25393,
09:18:43,26059,
09:18:44,25472,
09:18:45,25513,
09:18:46,25797,
09:18:47,25770,
09:18:48,25806,
09:18:49,25898,
09:18:50,24850,
09:18:51,23295,
09:18:52,23320,
09:18:53,22378,
09:18:54,22790,
09:18:55,21434,
09:18:56,20421,
09:18:57,22162,
09:18:58,24697,
09:18:59,25547,
09:19:00,26440,
09:19:01,26571,
09:19:02,26913,
09:19:03,27194,
09:19:04,26942,
09:19:05,26553,
09:19:06,26812,
09:19:07,26798,
09:19:08,26884,
09:19:09,26576,
09:19:10,26622,
09:19:11,26739,
09:19:12,26297,
09:19:13,26101,
09:19:14,26341,
09:19:15,25999,
09:19:16,26239,
09:19:17,26353,
09:19:18,25966,
09:19:19,25701,
09:19:20,24126,
09:19:21,25245,
09:19:22,25543,
09:19:23,26150,
09:19:24,26110,
09:19:25,26222,
09:19:26,26235,
09:19:27,26075,
09:19:28,26058,
09:19:29,24478,
09:19:30,23262,
09:19:31,24875,
09:19:32,20504,
09:19:33,24646,
09:19:34,25905,
09:19:35,26198,
09:19:36,25780,
09:19:37,25181,
09:19:38,24509,
09:19:39,25528,
09:19:40,25160,
09:19:41,24733,
09:19:42,24594,
09:19:43,24190,
09:19:44,23003,
09:19:45,24313,
09:19:46,24689,
09:19:47,24437,
09:19:48,23865,
09:19:49,23741,
09:19:50,22608,
09:19:51,22898,
09:19:52,22833,
09:19:53,23553,
09:19:54,24097,
09:19:55,23604,
09:19:56,23363,
09:19:57,24864,
09:19:58,25754,
09:19:59,25525,
09:20:00,25371,
09:20:01,25560,
09:20:02,25046,
09:20:03,24986,
09:20:04,24364,
09:20:05,24695,
09:20:06,25251,
09:20:07,25493,
09:20:08,25218,
09:20:09,23939,
09:20:10,24392,
09:20:11,24442,
09:20:12,23687,
09:20:13,24874,
09:20:14,24760,
09:20:15,25062,
09:20:16,24468,
09:20:17,22337,
09:20:18,22993,
09:20:19,22999,
09:20:20,23532,
09:20:21,24748,
09:20:22,24665,
09:20:23,24334,
09:20:24,23368,
09:20:25,24611,
09:20:26,25213,
09:20:27,25486,
09:20:28,25803,
09:20:29,25975,
09:20:30,25442,
09:20:31,24834,
09:20:32,24533,
09:20:33,23804,
09:20:34,24191,
09:20:35,24261,
09:20:36,24020,
09:20:37,24225,
09:20:38,23756,
09:20:39,23627,
09:20:40,23715,
09:20:41,25423,
09:20:42,25417,
09:20:43,26441,
09:20:44,26164,
09:20:45,25134,
09:20:46,24139,
09:20:47,24623,
09:20:48,25376,
09:20:49,25322,
09:20:50,25204,
09:20:51,24926,
09:20:52,24932,
09:20:53,25773,
09:20:54,26193,
09:20:55,25937,
09:20:56,25416,
09:20:57,24712,
09:20:58,24937,
09:20:59,25201,
09:21:00,25575,
09:21:01,25235,
09:21:02,25029,
09:21:03,24843,
09:21:04,24971,
09:21:05,25076,
09:21:06,25095,
09:21:07,24595,
09:21:08,23787,
09:21:09,23167,
09:21:10,22077,
09:21:11,21029,
09:21:12,23635,
09:21:13,24516,
09:21:14,23876,
09:21:15,23736,
09:21:16,24055,
09:21:17,24834,
09:21:18,23848,
09:21:19,23077,
09:21:20,23439,
09:21:21,23414,
09:21:22,23278,
09:21:23,23022,
09:21:24,22986,
09:21:25,23351,
09:21:26,18883,
09:21:27,22679,
09:21:28,22974,
09:21:29,22801,
09:21:30,22585,
09:21:31,21319,
09:21:32,22889,
09:21:33,23352,
09:21:34,24122,
09:21:35,25158,
09:21:36,25515,
09:21:37,25225,
09:21:38,24254,
09:21:39,23721,
09:21:40,22716,
09:21:41,22961,
09:21:42,23195,
09:21:43,22687,
09:21:44,24225,
09:21:45,24810,
09:21:46,24631,
09:21:47,23837,
09:21:48,23789,
09:21:49,23906,
09:21:50,23894,
09:21:51,23549,
09:21:52,23669,
09:21:53,24266,
09:21:54,24784,
09:21:55,24329,
09:21:56,24072,
09:21:57,24029,
09:21:58,23976,
09:21:59,23815,
09:22:00,24104,
09:22:01,23669,
09:22:02,24430,
09:22:03,25153,
09:22:04,24042,
09:22:05,19648,
09:22:06,21328,
09:22:07,22913,
09:22:08,22810,
09:22:09,22974,
09:22:10,23199,
09:22:11,24059,
09:22:12,23941,
09:22:13,23854,
09:22:14,23291,
09:22:15,22825,
09:22:16,22720,
09:22:17,22904,
09:22:18,22375,
09:22:19,22482,
09:22:20,23283,
09:22:21,23450,
09:22:22,22821,
09:22:23,22205,
09:22:24,22081,
09:22:25,21708,
09:22:26,21431,
09:22:27,21938,
09:22:28,22713,
09:22:29,23305,
09:22:30,21890,
09:22:31,20892,
09:22:32,21175,
09:22:33,21342,
09:22:34,21546,
09:22:35,21422,
09:22:36,22178,
09:22:37,23167,
09:22:38,22734,
09:22:39,21135,
09:22:40,21185,
09:22:41,22002,
09:22:42,21533,
09:22:43,21767,
09:22:44,22826,
09:22:45,22957,
09:22:46,23273,
09:22:47,22582,
09:22:48,22525,
09:22:49,22718,
09:22:50,22905,
09:22:51,22793,
09:22:52,22496,
09:22:53,22695,
09:22:54,22679,
09:22:55,23925,
09:22:56,23859,
09:22:57,23672,
09:22:58,23291,
09:22:59,23036,
09:23:00,23000,
09:23:01,22504,
09:23:02,22582,
09:23:03,22804,
09:23:04,23301,
09:23:05,23720,
09:23:06,23550,
09:23:07,23039,
09:23:08,22553,
09:23:09,22626,
09:23:10,22498,
09:23:11,22000,
09:23:12,21409,
09:23:13,21622,
09:23:14,21868,
09:23:15,23305,
09:23:16,21599,
09:23:17,21588,
09:23:18,21665,
09:23:19,21913,
09:23:20,21420,
09:23:21,21816,
09:23:22,22069,
09:23:23,21970,
09:23:24,21778,
09:23:25,21828,
09:23:26,22425,
09:23:27,22216,
09:23:28,22457,
09:23:29,21608,
09:23:30,19029,
09:23:31,18302,
09:23:32,20699,
09:23:33,21494,
09:23:34,20850,
09:23:35,19354,
09:23:36,19758,
09:23:37,21331,
09:23:38,18249,
09:23:39,16834,
09:23:40,24757,
09:23:41,24756,
09:23:42,24297,
09:23:43,24194,
09:23:44,23149,
09:23:45,21178,
09:23:46,19278,
09:23:47,21423,
09:23:48,21735,
09:23:49,21491,
09:23:50,22823,
09:23:51,23430,
09:23:52,23253,
09:23:53,23549,
09:23:54,23647,
09:23:55,23856,
09:23:56,24367,
09:23:57,24414,
09:23:58,24475,
09:23:59,24215,
09:24:00,23728,
09:24:01,23870,
09:24:02,23599,
09:24:03,24113,
09:24:04,24151,
09:24:05,24154,
09:24:06,24417,
09:24:07,25310,
09:24:08,25383,
09:24:09,25062,
09:24:10,24533,
09:24:11,23974,
09:24:12,23658,
09:24:13,22551,
09:24:14,23116,
09:24:15,23057,
09:24:16,24470,
09:24:17,24531,
09:24:18,24678,
09:24:19,22972,
09:24:20,21314,
09:24:21,18326,
09:24:22,21715,
09:24:23,23632,
09:24:24,24093,
09:24:25,24122,
09:24:26,23642,
09:24:27,23398,
09:24:28,23444,
09:24:29,23703,
09:24:30,23979,
09:24:31,23699,
09:24:32,21753,
09:24:33,19909,
09:24:34,20192,
09:24:35,16183,
09:24:36,17087,
09:24:37,20979,
09:24:38,22805,
09:24:39,23488,
09:24:40,23229,
09:24:41,23365,
09:24:42,22670,
09:24:43,23007,
09:24:44,22869,
09:24:45,23078,
09:24:46,22881,
09:24:47,22903,
09:24:48,23785,
09:24:49,23643,
09:24:50,21508,
09:24:51,22489,
09:24:52,23341,
09:24:53,22941,
09:24:54,22456,
09:24:55,22527,
09:24:56,22775,
09:24:57,23462,
09:24:58,23728,
09:24:59,22347,
09:25:00,22787,
09:25:01,22783,
09:25:02,22159,
09:25:03,21563,
09:25:04,19662,
09:25:05,18529,
09:25:06,18367,
09:25:07,18781,
09:25:08,20449,
09:25:09,21238,
09:25:10,20769,
09:25:11,20962,
09:25:12,21670,
09:25:13,22330,
09:25:14,21767,
09:25:15,21574,
09:25:16,22889,
09:25:17,23737,
09:25:18,24190,
09:25:19,23479,
09:25:20,23181,
09:25:21,22585,
09:25:22,21473,
09:25:23,20841,
09:25:24,20660,
09:25:25,21963,
09:25:26,22132,
09:25:27,22193,
09:25:28,22596,
09:25:29,22433,
09:25:30,22451,
09:25:31,22318,
09:25:32,22278,
09:25:33,22894,
09:25:34,22676,
09:25:35,22595,
09:25:36,24023,
09:25:37,23972,
09:25:38,23684,
09:25:39,23572,
09:25:40,23389,
09:25:41,23350,
09:25:42,23199,
09:25:43,22608,
09:25:44,21640,
09:25:45,21120,
09:25:46,19413,
09:25:47,18938,
09:25:48,18352,
09:25:49,19345,
09:25:50,20804,
09:25:51,20150,
09:25:52,19395,
09:25:53,22070,
09:25:54,22489,
09:25:55,24002,
09:25:56,23537,
09:25:57,23656,
09:25:58,21664,
09:25:59,19755,
09:26:00,22265,
09:26:01,23782,
09:26:02,21899,
09:26:03,22424,
09:26:04,22212,
09:26:05,23443,
09:26:06,23202,
09:26:07,22792,
09:26:08,22087,
09:26:09,21270,
09:26:10,21417,
09:26:11,21678,
09:26:12,21327,
09:26:13,21586,
09:26:14,21620,
09:26:15,21934,
09:26:16,19860,
09:26:17,20446,
09:26:18,21051,
09:26:19,20983,
09:26:20,21348,
09:26:21,22080,
09:26:22,22756,
09:26:23,22298,
09:26:24,22527,
09:26:25,21707,
09:26:26,21335,
09:26:27,21122,
09:26:28,21835,
09:26:29,22219,
09:26:30,22867,
09:26:31,21693,
09:26:32,21877,
09:26:33,22237,
09:26:34,22452,
09:26:35,22232,
09:26:36,21726,
09:26:37,21477,
09:26:38,21853,
09:26:39,20984,
09:26:40,21214,
09:26:41,22574,
09:26:42,21225,
09:26:43,21525,
09:26:44,20445,
09:26:45,21134,
09:26:46,21593,
09:26:47,21109,
09:26:48,20189,
09:26:49,21197,
09:26:50,21981,
09:26:51,21404,
09:26:52,22335,
09:26:53,22292,
09:26:54,22570,
09:26:55,21905,
09:26:56,20483,
09:26:57,22228,
09:26:58,22030,
09:26:59,22512,
09:27:00,23556,
09:27:01,22374,
09:27:02,20906,
09:27:03,25182,
09:27:04,23226,
09:27:05,22908,
09:27:06,23302,
09:27:07,23450,
09:27:08,23219,
09:27:09,23272,
09:27:10,23021,
09:27:11,23361,
09:27:12,23550,
09:27:13,23604,
09:27:14,23604,
09:27:15,23391,
09:27:16,23974,
09:27:17,24509,
09:27:18,24324,
09:27:19,24749,
09:27:20,24501,
09:27:21,25099,
09:27:22,24902,
09:27:23,24776,
09:27:24,24708,
09:27:25,24903,
09:27:26,25120,
09:27:27,24926,
09:27:28,24808,
09:27:29,24917,
09:27:30,24361,
09:27:31,24482,
09:27:32,24962,
09:27:33,24666,
09:27:34,24509,
09:27:35,24114,
09:27:36,23692,
09:27:37,23959,
09:27:38,23878,
09:27:39,23891,
09:27:40,23777,
09:27:41,23413,
09:27:42,23408,
09:27:43,23877,
09:27:44,24188,
09:27:45,23932,
09:27:46,23493,
09:27:47,21977,
09:27:48,21292,
09:27:49,21278,
09:27:50,18846,
09:27:51,18478,
09:27:52,21069,
09:27:53,21957,
09:27:54,21688,
09:27:55,21967,
09:27:56,22083,
09:27:57,21342,
09:27:58,20113,
09:27:59,18663,
09:28:00,18722,
09:28:01,20035,
09:28:02,21551,
09:28:03,21778,
09:28:04,21837,
09:28:05,22121,
09:28:06,22218,
09:28:07,22109,
09:28:08,21444,
09:28:09,21351,
09:28:10,21132,
09:28:11,21259,
09:28:12,22304,
09:28:13,22734,
09:28:14,22395,
09:28:15,22537,
09:28:16,22425,
09:28:17,22609,
09:28:18,23026,
09:28:19,22716,
09:28:20,22240,
09:28:21,22267,
09:28:22,22274,
09:28:23,22937,
09:28:24,22507,
09:28:25,22031,
09:28:26,22653,
09:28:27,23043,
09:28:28,22914,
09:28:29,22779,
09:28:30,22207,
09:28:31,21544,
09:28:32,21640,
09:28:33,21263,
09:28:34,20955,
09:28:35,19904,
09:28:36,20211,
09:28:37,21163,
09:28:38,21566,
09:28:39,21871,
09:28:40,21366,
09:28:41,20505,
09:28:42,20225,
09:28:43,20835,
09:28:44,20895,
09:28:45,20693,
09:28:46,20170,
09:28:47,21309,
09:28:48,20940,
09:28:49,21239,
09:28:50,21462,
09:28:51,21405,
09:28:52,21361,
09:28:53,21100,
09:28:54,20944,
09:28:55,21033,
09:28:56,21566,
09:28:57,19505,
09:28:58,17165,
09:28:59,19753,
09:29:00,21107,
09:29:01,21463,
09:29:02,20773,
09:29:03,20797,
09:29:04,20323,
09:29:05,20031,
09:29:06,20489,
09:29:07,21421,
09:29:08,22393,
09:29:09,22183,
09:29:10,21386,
09:29:11,20184,
09:29:12,19316,
09:29:13,20560,
09:29:14,20610,
09:29:15,20968,
09:29:16,19698,
09:29:17,20437,
09:29:18,20178,
09:29:19,19233,
09:29:20,21353,
09:29:21,20726,
09:29:22,21033,
09:29:23,21157,
09:29:24,21182,
09:29:25,20366,
09:29:26,19478,
09:29:27,19830,
09:29:28,21923,
09:29:29,21928,
09:29:30,21926,
09:29:31,22109,
09:29:32,21237,
09:29:33,21778,
09:29:34,21694,
09:29:35,21207,
09:29:36,20940,
09:29:37,21656,
09:29:38,22122,
09:29:39,21715,
09:29:40,21299,
09:29:41,21038,
09:29:42,22035,
09:29:43,21857,
09:29:44,21294,
09:29:45,21296,
09:29:46,21860,
09:29:47,21544,
09:29:48,21636,
09:29:49,21280,
09:29:50,21643,
09:29:51,21239,
09:29:52,21303,
09:29:53,21420,
09:29:54,21800,
09:29:55,21338,
09:29:56,21498,
09:29:57,20859,
09:29:58,20590,
09:29:59,20942,
09:30:00,20618,
09:30:01,20025,
09:30:02,20259,
09:30:03,20081,
09:30:04,19986,
09:30:05,19029,
09:30:06,19053,
09:30:07,20070,
09:30:08,20695,
09:30:09,20608,
09:30:10,20509,
09:30:11,21259,
09:30:12,21227,
09:30:13,20890,
09:30:14,20405,
09:30:15,20631,
09:30:16,20962,
09:30:17,20667,
09:30:18,20468,
09:30:19,20883,
09:30:20,20386,
09:30:21,20117,
09:30:22,19819,
09:30:23,19549,
09:30:24,18306,
09:30:25,18489,
09:30:26,19229,
09:30:27,19219,
09:30:28,19023,
09:30:29,19267,
09:30:30,19705,
09:30:31,19237,
09:30:32,19051,
09:30:33,19309,
09:30:34,19322,
09:30:35,19396,
09:30:36,19217,
09:30:37,19279,
09:30:38,19822,
09:30:39,19926,
09:30:40,19815,
09:30:41,19186,
09:30:42,19448,
09:30:43,18680,
09:30:44,18760,
09:30:45,18877,
09:30:46,18277,
09:30:47,17933,
09:30:48,18838,
09:30:49,19900,
09:30:50,19848,
09:30:51,19693,
09:30:52,19790,
09:30:53,19852,
09:30:54,19722,
09:30:55,19803,
09:30:56,19403,
09:30:57,19421,
09:30:58,19955,
09:30:59,20187,
09:31:00,19399,
09:31:01,17956,
09:31:02,18500,
09:31:03,19437,
09:31:04,19559,
09:31:05,18969,
09:31:06,15401,
09:31:07,17695,
09:31:08,19721,
09:31:09,19591,
09:31:10,19989,
09:31:11,19956,
09:31:12,19942,
09:31:13,19605,
09:31:14,19268,
09:31:15,19196,
09:31:16,18722,
09:31:17,19081,
09:31:18,18648,
09:31:19,18747,
09:31:20,17889,
09:31:21,17794,
09:31:22,18568,
09:31:23,18380,
09:31:24,18820,
09:31:25,19073,
09:31:26,17522,
09:31:27,18885,
09:31:28,17838,
09:31:29,18504,
09:31:30,18465,
09:31:31,18213,
09:31:32,18816,
09:31:33,17758,
09:31:34,18446,
09:31:35,18852,
09:31:36,19004,
09:31:37,19573,
09:31:38,18602,
09:31:39,19580,
09:31:40,17977,
09:31:41,17964,
09:31:42,18086,
09:31:43,17735,
09:31:44,17513,
09:31:45,17070,
09:31:46,16598,
09:31:47,17351,
09:31:48,18193,
09:31:49,19087,
09:31:50,19166,
09:31:51,19274,
09:31:52,17506,
09:31:53,17785,
09:31:54,18767,
09:31:55,18362,
09:31:56,17621,
09:31:57,17810,
09:31:58,19161,
09:31:59,18592,
09:32:00,19201,
09:32:01,17890,
09:32:02,16356,
09:32:03,17208,
09:32:04,18593,
09:32:05,19471,
09:32:06,20291,
09:32:07,19564,
09:32:08,20528,
09:32:09,19748,
09:32:10,19345,
09:32:11,19042,
09:32:12,18776,
09:32:13,17145,
09:32:14,18734,
09:32:15,18547,
09:32:16,19096,
09:32:17,19676,
09:32:18,20309,
09:32:19,19342,
09:32:20,19144,
09:32:21,19239,
09:32:22,19122,
09:32:23,18992,
09:32:24,19580,
09:32:25,18040,
09:32:26,18903,
09:32:27,19058,
09:32:28,19817,
09:32:29,20379,
09:32:30,20212,
09:32:31,20056,
09:32:32,19778,
09:32:33,20104,
09:32:34,20436,
09:32:35,19748,
09:32:36,20024,
09:32:37,19704,
09:32:38,20455,
09:32:39,20379,
09:32:40,19090,
09:32:41,19144,
09:32:42,19706,
09:32:43,19206,
09:32:44,19535,
09:32:45,20525,
09:32:46,19269,
09:32:47,19794,
09:32:48,20369,
09:32:49,18772,
09:32:50,19684,
09:32:51,20439,
09:32:52,17988,
09:32:53,18360,
09:32:54,19034,
09:32:55,17494,
09:32:56,16803,
09:32:57,16316,
09:32:58,18746,
09:32:59,20029,
09:33:00,20224,
09:33:01,20679,
09:33:02,19817,
09:33:03,19675,
09:33:04,19116,
09:33:05,19473,
09:33:06,18214,
09:33:07,17989,
09:33:08,18662,
09:33:09,18110,
09:33:10,17283,
09:33:11,17982,
09:33:12,18109,
09:33:13,18193,
09:33:14,19360,
09:33:15,18407,
09:33:16,19326,
09:33:17,17141,
09:33:18,18696,
09:33:19,18854,
09:33:20,19850,
09:33:21,20088,
09:33:22,19753,
09:33:23,19383,
09:33:24,19308,
09:33:25,19554,
09:33:26,18752,
09:33:27,19288,
09:33:28,19780,
09:33:29,20423,
09:33:30,20243,
09:33:31,20834,
09:33:32,18969,
09:33:33,19879,
09:33:34,19698,
09:33:35,19205,
09:33:36,18668,
09:33:37,20024,
09:33:38,20284,
09:33:39,19808,
09:33:40,20149,
09:33:41,20738,
09:33:42,19545,
09:33:43,19772,
09:33:44,19845,
09:33:45,19001,
09:33:46,19671,
09:33:47,20284,
09:33:48,19466,
09:33:49,20248,
09:33:50,19245,
09:33:51,20171,
09:33:52,19503,
09:33:53,17998,
09:33:54,17313,
09:33:55,19281,
09:33:56,19213,
09:33:57,19008,
09:33:58,19677,
09:33:59,20259,
09:34:00,20049,
09:34:01,18860,
09:34:02,18779,
09:34:03,19580,
09:34:04,19314,
09:34:05,19518,
09:34:06,19078,
09:34:07,18639,
09:34:08,19637,
09:34:09,19272,
09:34:10,19739,
09:34:11,19718,
09:34:12,19445,
09:34:13,19620,
09:34:14,19564,
09:34:15,19481,
09:34:16,19524,
09:34:17,17444,
09:34:18,17509,
09:34:19,17213,
09:34:20,18971,
09:34:21,19016,
09:34:22,18868,
09:34:23,18053,
09:34:24,16491,
09:34:25,18613,
09:34:26,17209,
09:34:27,17511,
09:34:28,18474,
09:34:29,18865,
09:34:30,18503,
09:34:31,18368,
09:34:32,18945,
09:34:33,18956,
09:34:34,18966,
09:34:35,18771,
09:34:36,18791,
09:34:37,18838,
09:34:38,19175,
09:34:39,18824,
09:34:40,19518,
09:34:41,19062,
09:34:42,16395,
09:34:43,18155,
09:34:44,18098,
09:34:45,17737,
09:34:46,18714,
09:34:47,18021,
09:34:48,18481,
09:34:49,18064,
09:34:50,16885,
09:34:51,18206,
09:34:52,19016,
09:34:53,18980,
09:34:54,19943,
09:34:55,19460,
09:34:56,18777,
09:34:57,19654,
09:34:58,19502,
09:34:59,20025,
09:35:00,19973,
09:35:01,19886,
09:35:02,19386,
09:35:03,19633,
09:35:04,19449,
09:35:05,18883,
09:35:06,19845,
09:35:07,19385,
09:35:08,19291,
09:35:09,19927,
09:35:10,20589,
09:35:11,19928,
09:35:12,20165,
09:35:13,18713,
09:35:14,19118,
09:35:15,19651,
09:35:16,17797,
09:35:17,18767,
09:35:18,18696,
09:35:19,17279,
09:35:20,15628,
09:35:21,16765,
09:35:22,16264,
09:35:23,15944,
09:35:24,14361,
09:35:25,14136,
09:35:26,14998,
09:35:27,16405,
09:35:28,18835,
09:35:29,19396,
09:35:30,18176,
09:35:31,18133,
09:35:32,18147,
09:35:33,16062,
09:35:34,15912,
09:35:35,18311,
09:35:36,18211,
09:35:37,18213,
09:35:38,18704,
09:35:39,19698,
09:35:40,18559,
09:35:41,18948,
09:35:42,18700,
09:35:43,18837,
09:35:44,19049,
09:35:45,17718,
09:35:46,18480,
09:35:47,18867,
09:35:48,19016,
09:35:49,18036,
09:35:50,18930,
09:35:51,19283,
09:35:52,18593,
09:35:53,17688,
09:35:54,18576,
09:35:55,16774,
09:35:56,16529,
09:35:57,17227,
09:35:58,17479,
09:35:59,18182,
09:36:00,17804,
09:36:01,18053,
09:36:02,16006,
09:36:03,14328,
09:36:04,15642,
09:36:05,17414,
09:36:06,17357,
09:36:07,17581,
09:36:08,18178,
09:36:09,18091,
09:36:10,18364,
09:36:11,19417,
09:36:12,19570,
09:36:13,18317,
09:36:14,17762,
09:36:15,17158,
09:36:16,18450,
09:36:17,18457,
09:36:18,17686,
09:36:19,17600,
09:36:20,18185,
09:36:21,18997,
09:36:22,19008,
09:36:23,17922,
09:36:24,17716,
09:36:25,17902,
09:36:26,18551,
09:36:27,16722,
09:36:28,16664,
09:36:29,14590,
09:36:30,15194,
09:36:31,14867,
09:36:32,16281,
09:36:33,17872,
09:36:34,17542,
09:36:35,16517,
09:36:36,15262,
09:36:37,15600,
09:36:38,17031,
09:36:39,17648,
09:36:40,18149,
09:36:41,18902,
09:36:42,18708,
09:36:43,17812,
09:36:44,17128,
09:36:45,16541,
09:36:46,17889,
09:36:47,16803,
09:36:48,16532,
09:36:49,17038,
09:36:50,18419,
09:36:51,18352,
09:36:52,18222,
09:36:53,18391,
09:36:54,18677,
09:36:55,17691,
09:36:56,18516,
09:36:57,17451,
09:36:58,17948,
09:36:59,17799,
09:37:00,18073,
09:37:01,18898,
09:37:02,18636,
09:37:03,18064,
09:37:04,17393,
09:37:05,17743,
09:37:06,17442,
09:37:07,17457,
09:37:08,17374,
09:37:09,16867,
09:37:10,17135,
09:37:11,17826,
09:37:12,17640,
09:37:13,18170,
09:37:14,17215,
09:37:15,17940,
09:37:16,17437,
09:37:17,17304,
09:37:18,17405,
09:37:19,17563,
09:37:20,17327,
09:37:21,17357,
09:37:22,17923,
09:37:23,18582,
09:37:24,17962,
09:37:25,17996,
09:37:26,17215,
09:37:27,18783,
09:37:28,16999,
09:37:29,17574,
09:37:30,17581,
09:37:31,18176,
09:37:32,18355,
09:37:33,18511,
09:37:34,18455,
09:37:35,18405,
09:37:36,17453,
09:37:37,16722,
09:37:38,16483,
09:37:39,16636,
09:37:40,17066,
09:37:41,15533,
09:37:42,17634,
09:37:43,18404,
09:37:44,17699,
09:37:45,17211,
09:37:46,16867,
09:37:47,16531,
09:37:48,17957,
09:37:49,16687,
09:37:50,17602,
09:37:51,17840,
09:37:52,18135,
09:37:53,17440,
09:37:54,17642,
09:37:55,16562,
09:37:56,16604,
09:37:57,16005,
09:37:58,16097,
09:37:59,16157,
09:38:00,16530,
09:38:01,17486,
09:38:02,17805,
09:38:03,18369,
09:38:04,18448,
09:38:05,18438,
09:38:06,17993,
09:38:07,17086,
09:38:08,18163,
09:38:09,17471,
09:38:10,18149,
09:38:11,17883,
09:38:12,18190,
09:38:13,17969,
09:38:14,18986,
09:38:15,18600,
09:38:16,18365,
09:38:17,18212,
09:38:18,18456,
09:38:19,18220,
09:38:20,18732,
09:38:21,18718,
09:38:22,18306,
09:38:23,18869,
09:38:24,18657,
09:38:25,19342,
09:38:26,18853,
09:38:27,18993,
09:38:28,16991,
09:38:29,17208,
09:38:30,16872,
09:38:31,17279,
09:38:32,16408,
09:38:33,15645,
09:38:34,13661,
09:38:35,17193,
09:38:36,18406,
09:38:37,18631,
09:38:38,18916,
09:38:39,17578,
09:38:40,18299,
09:38:41,18436,
09:38:42,19247,
09:38:43,17174,
09:38:44,18103,
09:38:45,17582,
09:38:46,17116,
09:38:47,18409,
09:38:48,18385,
09:38:49,18288,
09:38:50,18420,
09:38:51,17091,
09:38:52,17514,
09:38:53,17182,
09:38:54,15792,
09:38:55,16995,
09:38:56,17993,
09:38:57,17562,
09:38:58,17539,
09:38:59,16567,
09:39:00,18028,
09:39:01,19453,
09:39:02,17066,
09:39:03,18533,
09:39:04,17301,
09:39:05,18169,
09:39:06,17957,
09:39:07,17095,
09:39:08,18000,
09:39:09,17399,
09:39:10,16723,
09:39:11,18289,
09:39:12,18115,
09:39:13,18622,
09:39:14,17215,
09:39:15,16860,
09:39:16,17890,
09:39:17,18421,
09:39:18,17898,
09:39:19,17476,
09:39:20,17063,
09:39:21,17440,
09:39:22,18015,
09:39:23,17856,
09:39:24,17249,
09:39:25,17995,
09:39:26,18703,
09:39:27,18604,
09:39:28,18429,
09:39:29,18280,
09:39:30,17256,
09:39:31,17690,
09:39:32,17652,
09:39:33,17997,
09:39:34,17371,
09:39:35,17155,
09:39:36,18077,
09:39:37,17136,
09:39:38,17775,
09:39:39,17066,
09:39:40,17727,
09:39:41,16388,
09:39:42,17401,
09:39:43,18228,
09:39:44,17489,
09:39:45,18587,
09:39:46,16778,
09:39:47,18094,
09:39:48,18531,
09:39:49,15940,
09:39:50,17027,
09:39:51,17752,
09:39:52,18213,
09:39:53,17266,
09:39:54,17944,
09:39:55,18155,
09:39:56,18041,
09:39:57,18386,
09:39:58,18393,
09:39:59,18558,
09:40:00,18309,
09:40:01,18398,
09:40:02,17064,
09:40:03,17678,
09:40:04,17264,
09:40:05,18200,
09:40:06,17978,
09:40:07,17659,
09:40:08,18528,
09:40:09,18528,
09:40:10,18285,
09:40:11,17883,
09:40:12,17446,
09:40:13,17212,
09:40:14,16864,
09:40:15,16803,
09:40:16,14293,
09:40:17,17277,
09:40:18,15912,
09:40:19,17653,
09:40:20,18443,
09:40:21,18844,
09:40:22,17425,
09:40:23,18217,
09:40:24,18259,
09:40:25,19104,
09:40:26,17539,
09:40:27,17961,
09:40:28,17639,
09:40:29,18892,
09:40:30,19005,
09:40:31,18922,
09:40:32,18852,
09:40:33,18849,
09:40:34,17721,
09:40:35,17417,
09:40:36,17726,
09:40:37,17238,
09:40:38,16791,
09:40:39,16278,
09:40:40,16548,
09:40:41,17347,
09:40:42,18494,
09:40:43,18422,
09:40:44,19186,
09:40:45,17219,
09:40:46,18092,
09:40:47,17149,
09:40:48,17659,
09:40:49,16881,
09:40:50,18297,
09:40:51,18270,
09:40:52,18325,
09:40:53,17100,
09:40:54,16645,
09:40:55,16386,
09:40:56,17048,
09:40:57,17339,
09:40:58,17368,
09:40:59,17606,
09:41:00,17306,
09:41:01,16379,
09:41:02,16636,
09:41:03,18268,
09:41:04,18348,
09:41:05,17356,
09:41:06,17748,
09:41:07,17017,
09:41:08,15875,
09:41:09,16095,
09:41:10,16154,
09:41:11,16495,
09:41:12,17017,
09:41:13,17173,
09:41:14,18039,
09:41:15,17223,
09:41:16,16636,
09:41:17,17528,
09:41:18,17563,
09:41:19,17450,
09:41:20,17155,
09:41:21,16244,
09:41:22,17375,
09:41:23,17885,
09:41:24,17440,
09:41:25,17656,
09:41:26,17640,
09:41:27,17856,
09:41:28,16999,
09:41:29,14970,
09:41:30,16030,
09:41:31,16652,
09:41:32,17603,
09:41:33,18105,
09:41:34,17884,
09:41:35,17391,
09:41:36,17087,
09:41:37,17101,
09:41:38,16586,
09:41:39,16719,
09:41:40,14770,
09:41:41,15571,
09:41:42,17256,
09:41:43,17823,
09:41:44,18128,
09:41:45,16825,
09:41:46,17538,
09:41:47,16543,
09:41:48,16492,
09:41:49,17661,
09:41:50,15955,
09:41:51,16935,
09:41:52,17708,
09:41:53,16593,
09:41:54,16502,
09:41:55,14108,
09:41:56,14896,
09:41:57,15366,
09:41:58,17066,
09:41:59,15439,
09:42:00,16607,
09:42:01,15525,
09:42:02,14580,
09:42:03,16496,
09:42:04,17222,
09:42:05,17160,
09:42:06,16276,
09:42:07,15534,
09:42:08,14786,
09:42:09,15390,
09:42:10,15957,
09:42:11,16314,
09:42:12,16683,
09:42:13,16577,
09:42:14,16352,
09:42:15,16169,
09:42:16,16557,
09:42:17,17688,
09:42:18,17494,
09:42:19,17808,
09:42:20,17344,
09:42:21,17359,
09:42:22,16193,
09:42:23,16975,
09:42:24,16779,
09:42:25,16846,
09:42:26,16249,
09:42:27,17155,
09:42:28,16420,
09:42:29,16867,
09:42:30,15439,
09:42:31,15150,
09:42:32,15814,
09:42:33,14666,
09:42:34,15809,
09:42:35,16550,
09:42:36,17297,
09:42:37,17535,
09:42:38,17231,
09:42:39,16880,
09:42:40,16797,
09:42:41,16500,
09:42:42,16556,
09:42:43,17002,
09:42:44,17073,
09:42:45,16132,
09:42:46,16651,
09:42:47,14835,
09:42:48,15361,
09:42:49,16913,
09:42:50,17392,
09:42:51,17556,
09:42:52,15945,
09:42:53,16061,
09:42:54,16956,
09:42:55,17240,
09:42:56,17476,
09:42:57,17549,
09:42:58,16883,
09:42:59,16832,
09:43:00,17350,
09:43:01,16807,
09:43:02,15115,
09:43:03,17633,
09:43:04,17109,
09:43:05,18044,
09:43:06,18065,
09:43:07,17608,
09:43:08,17704,
09:43:09,17629,
09:43:10,16936,
09:43:11,16698,
09:43:12,17436,
09:43:13,17609,
09:43:14,18006,
09:43:15,17766,
09:43:16,17556,
09:43:17,17590,
09:43:18,17509,
09:43:19,17679,
09:43:20,17538,
09:43:21,17881,
09:43:22,17258,
09:43:23,17656,
09:43:24,17692,
09:43:25,17951,
09:43:26,17588,
09:43:27,17240,
09:43:28,17422,
09:43:29,17521,
09:43:30,17067,
09:43:31,17254,
09:43:32,16222,
09:43:33,16271,
09:43:34,16805,
09:43:35,17129,
09:43:36,17073,
09:43:37,16381,
09:43:38,14154,
09:43:39,14982,
09:43:40,16604,
09:43:41,17428,
09:43:42,15571,
09:43:43,16099,
09:43:44,17137,
09:43:45,17232,
09:43:46,17509,
09:43:47,16764,
09:43:48,15149,
09:43:49,15220,
09:43:50,15685,
09:43:51,17035,
09:43:52,16676,
09:43:53,15594,
09:43:54,15514,
09:43:55,16959,
09:43:56,16812,
09:43:57,15597,
09:43:58,15827,
09:43:59,16820,
09:44:00,17825,
09:44:01,17764,
09:44:02,17088,
09:44:03,16795,
09:44:04,17438,
09:44:05,17556,
09:44:06,16865,
09:44:07,16568,
09:44:08,16430,
09:44:09,16989,
09:44:10,16579,
09:44:11,16779,
09:44:12,16622,
09:44:13,16998,
09:44:14,17038,
09:44:15,17037,
09:44:16,16983,
09:44:17,16645,
09:44:18,16285,
09:44:19,16718,
09:44:20,16465,
09:44:21,16498,
09:44:22,16256,
09:44:23,16416,
09:44:24,16452,
09:44:25,16873,
09:44:26,16715,
09:44:27,16385,
09:44:28,15600,
09:44:29,16195,
09:44:30,16445,
09:44:31,16771,
09:44:32,15711,
09:44:33,16051,
09:44:34,17008,
09:44:35,17322,
09:44:36,17081,
09:44:37,16577,
09:44:38,16641,
09:44:39,14410,
09:44:40,13098,
09:44:41,13739,
09:44:42,15721,
09:44:43,16953,
09:44:44,15948,
09:44:45,14493,
09:44:46,15969,
09:44:47,14368,
09:44:48,15011,
09:44:49,15934,
09:44:50,16606,
09:44:51,16730,
09:44:52,16253,
09:44:53,16008,
09:44:54,15711,
09:44:55,14640,
09:44:56,15576,
09:44:57,17244,
09:44:58,16959,
09:44:59,16459,
09:45:00,16764,
09:45:01,16896,
09:45:02,17750,
09:45:03,17631,
09:45:04,17067,
09:45:05,16329,
09:45:06,16925,
09:45:07,17368,
09:45:08,17848,
09:45:09,17643,
09:45:10,16359,
09:45:11,16136,
09:45:12,16544,
09:45:13,17272,
09:45:14,16129,
09:45:15,15294,
09:45:16,17389,
09:45:17,18270,
09:45:18,17229,
09:45:19,17527,
09:45:20,17283,
09:45:21,16223,
09:45:22,16052,
09:45:23,18221,
09:45:24,18181,
09:45:25,18073,
09:45:26,17238,
09:45:27,18015,
09:45:28,18817,
09:45:29,18692,
09:45:30,19007,
09:45:31,18018,
09:45:32,19877,
09:45:33,17194,
09:45:34,17780,
09:45:35,16416,
09:45:36,18254,
09:45:37,18296,
09:45:38,19169,
09:45:39,18845,
09:45:40,18632,
09:45:41,18377,
09:45:42,18233,
09:45:43,18346,
09:45:44,17975,
09:45:45,16969,
09:45:46,16441,
09:45:47,16330,
09:45:48,18626,
09:45:49,18543,
09:45:50,17780,
09:45:51,18090,
09:45:52,18057,
09:45:53,17031,
09:45:54,18096,
09:45:55,17831,
09:45:56,16972,
09:45:57,17750,
09:45:58,17757,
09:45:59,17263,
09:46:00,17752,
09:46:01,17693,
09:46:02,17463,
09:46:03,18628,
09:46:04,16971,
09:46:05,18019,
09:46:06,18197,
09:46:07,19123,
09:46:08,17811,
09:46:09,18970,
09:46:10,18809,
09:46:11,18354,
09:46:12,18004,
09:46:13,18080,
09:46:14,17882,
09:46:15,16686,
09:46:16,17809,
09:46:17,17922,
09:46:18,18164,
09:46:19,18826,
09:46:20,18051,
09:46:21,17677,
09:46:22,18136,
09:46:23,16491,
09:46:24,15939,
09:46:25,17016,
09:46:26,16512,
09:46:27,17779,
09:46:28,17315,
09:46:29,16419,
09:46:30,17218,
09:46:31,17142,
09:46:32,17304,
09:46:33,17460,
09:46:34,17645,
09:46:35,16747,
09:46:36,15437,
09:46:37,16684,
09:46:38,17389,
09:46:39,17567,
09:46:40,18332,
09:46:41,17959,
09:46:42,16490,
09:46:43,17333,
09:46:44,14348,
09:46:45,18937,
09:46:46,17578,
09:46:47,17285,
09:46:48,18650,
09:46:49,18591,
09:46:50,18896,
09:46:51,18891,
09:46:52,19126,
09:46:53,19157,
09:46:54,19490,
09:46:55,19353,
09:46:56,18946,
09:46:57,18879,
09:46:58,18998,
09:46:59,18965,
09:47:00,19359,
09:47:01,19325,
09:47:02,18851,
09:47:03,18744,
09:47:04,18585,
09:47:05,18704,
09:47:06,18067,
09:47:07,16710,
09:47:08,17064,
09:47:09,18210,
09:47:10,17318,
09:47:11,17257,
09:47:12,17077,
09:47:13,15917,
09:47:14,16870,
09:47:15,17111,
09:47:16,17571,
09:47:17,17519,
09:47:18,16457,
09:47:19,16913,
09:47:20,15990,
09:47:21,15703,
09:47:22,16885,
09:47:23,17357,
09:47:24,17244,
09:47:25,17468,
09:47:26,17593,
09:47:27,17625,
09:47:28,17736,
09:47:29,17737,
09:47:30,17826,
09:47:31,17837,
09:47:32,18256,
09:47:33,18567,
09:47:34,18239,
09:47:35,18184,
09:47:36,17930,
09:47:37,17943,
09:47:38,17857,
09:47:39,18027,
09:47:40,18144,
09:47:41,18014,
09:47:42,18195,
09:47:43,17871,
09:47:44,18052,
09:47:45,17119,
09:47:46,17933,
09:47:47,15511,
09:47:48,14832,
09:47:49,17254,
09:47:50,17671,
09:47:51,17950,
09:47:52,17796,
09:47:53,17636,
09:47:54,17889,
09:47:55,17158,
09:47:56,16425,
09:47:57,15546,
09:47:58,15574,
09:47:59,14120,
09:48:00,14587,
09:48:01,14989,
09:48:02,15759,
09:48:03,16624,
09:48:04,16959,
09:48:05,16845,
09:48:06,16416,
09:48:07,16706,
09:48:08,16951,
09:48:09,16032,
09:48:10,15216,
09:48:11,15752,
09:48:12,16619,
09:48:13,16660,
09:48:14,16738,
09:48:15,16887,
09:48:16,16740,
09:48:17,16633,
09:48:18,17482,
09:48:19,17588,
09:48:20,17233,
09:48:21,17264,
09:48:22,17084,
09:48:23,17286,
09:48:24,17418,
09:48:25,17271,
09:48:26,17005,
09:48:27,17090,
09:48:28,16836,
09:48:29,16074,
09:48:30,17087,
09:48:31,17425,
09:48:32,17100,
09:48:33,17041,
09:48:34,17027,
09:48:35,17112,
09:48:36,16723,
09:48:37,16916,
09:48:38,17480,
09:48:39,18231,
09:48:40,18250,
09:48:41,17843,
09:48:42,17467,
09:48:43,17447,
09:48:44,17121,
09:48:45,17227,
09:48:46,17115,
09:48:47,16140,
09:48:48,16023,
09:48:49,16799,
09:48:50,18237,
09:48:51,17061,
09:48:52,16469,
09:48:53,16146,
09:48:54,17079,
09:48:55,16781,
09:48:56,17356,
09:48:57,17269,
09:48:58,18445,
09:48:59,17768,
09:49:00,18307,
09:49:01,19193,
09:49:02,18279,
09:49:03,18172,
09:49:04,18674,
09:49:05,17297,
09:49:06,18292,
09:49:07,17700,
09:49:08,17456,
09:49:09,17119,
09:49:10,18487,
09:49:11,18476,
09:49:12,18439,
09:49:13,17779,
09:49:14,18114,
09:49:15,18252,
09:49:16,18636,
09:49:17,17653,
09:49:18,17621,
09:49:19,16741,
09:49:20,16565,
09:49:21,18600,
09:49:22,18043,
09:49:23,18164,
09:49:24,19322,
09:49:25,17729,
09:49:26,18387,
09:49:27,17888,
09:49:28,18730,
09:49:29,17999,
09:49:30,15766,
09:49:31,17128,
09:49:32,18032,
09:49:33,18870,
09:49:34,19981,
09:49:35,17645,
09:49:36,18633,
09:49:37,18131,
09:49:38,18607,
09:49:39,18529,
09:49:40,18430,
09:49:41,18198,
09:49:42,18553,
09:49:43,18525,
09:49:44,18389,
09:49:45,18151,
09:49:46,17883,
09:49:47,18845,
09:49:48,18859,
09:49:49,19218,
09:49:50,17956,
09:49:51,19309,
09:49:52,18529,
09:49:53,19700,
09:49:54,18564,
09:49:55,17794,
09:49:56,16292,
09:49:57,14197,
09:49:58,15539,
09:49:59,17288,
09:50:00,18095,
09:50:01,17441,
09:50:02,17931,
09:50:03,17919,
09:50:04,17744,
09:50:05,18217,
09:50:06,18153,
09:50:07,17995,
09:50:08,17917,
09:50:09,17679,
09:50:10,18515,
09:50:11,17609,
09:50:12,18415,
09:50:13,18142,
09:50:14,18349,
09:50:15,17950,
09:50:16,17745,
09:50:17,17819,
09:50:18,17603,
09:50:19,17749,
09:50:20,17755,
09:50:21,17405,
09:50:22,18358,
09:50:23,18091,
09:50:24,17922,
09:50:25,19197,
09:50:26,18025,
09:50:27,18647,
09:50:28,18567,
09:50:29,18252,
09:50:30,18731,
09:50:31,19192,
09:50:32,18362,
09:50:33,17982,
09:50:34,18448,
09:50:35,18861,
09:50:36,19182,
09:50:37,19634,
09:50:38,17779,
09:50:39,17376,
09:50:40,17794,
09:50:41,18123,
09:50:42,17881,
09:50:43,18380,
09:50:44,18398,
09:50:45,18284,
09:50:46,18442,
09:50:47,18924,
09:50:48,18568,
09:50:49,19658,
09:50:50,17597,
09:50:51,17774,
09:50:52,18421,
09:50:53,18629,
09:50:54,18188,
09:50:55,18070,
09:50:56,18528,
09:50:57,18479,
09:50:58,18844,
09:50:59,18707,
09:51:00,18046,
09:51:01,18315,
09:51:02,18134,
09:51:03,17375,
09:51:04,16858,
09:51:05,16881,
09:51:06,17669,
09:51:07,17411,
09:51:08,18837,
09:51:09,18357,
09:51:10,18242,
09:51:11,15637,
09:51:12,15965,
09:51:13,16931,
09:51:14,16775,
09:51:15,18188,
09:51:16,16511,
09:51:17,15791,
09:51:18,17574,
09:51:19,17206,
09:51:20,16322,
09:51:21,17212,
09:51:22,15196,
09:51:23,16467,
09:51:24,17425,
09:51:25,17675,
09:51:26,17543,
09:51:27,17604,
09:51:28,17873,
09:51:29,17915,
09:51:30,17854,
09:51:31,17769,
09:51:32,17097,
09:51:33,18280,
09:51:34,16854,
09:51:35,17774,
09:51:36,17794,
09:51:37,17435,
09:51:38,17375,
09:51:39,18739,
09:51:40,19030,
09:51:41,18804,
09:51:42,17916,
09:51:43,17945,
09:51:44,17987,
09:51:45,18004,
09:51:46,18008,
09:51:47,17524,
09:51:48,18440,
09:51:49,18435,
09:51:50,18734,
09:51:51,18950,
09:51:52,18718,
09:51:53,18693,
09:51:54,16963,
09:51:55,17597,
09:51:56,14592,
09:51:57,14895,
09:51:58,17644,
09:51:59,18006,
09:52:00,18284,
09:52:01,18826,
09:52:02,18543,
09:52:03,18514,
09:52:04,17646,
09:52:05,18282,
09:52:06,17749,
09:52:07,17764,
09:52:08,18257,
09:52:09,17229,
09:52:10,17742,
09:52:11,18689,
09:52:12,17356,
09:52:13,18405,
09:52:14,17974,
09:52:15,18410,
09:52:16,17142,
09:52:17,17986,
09:52:18,18089,
09:52:19,17416,
09:52:20,18025,
09:52:21,17944,
09:52:22,18481,
09:52:23,17961,
09:52:24,18623,
09:52:25,17265,
09:52:26,16792,
09:52:27,16771,
09:52:28,17744,
09:52:29,18362,
09:52:30,16945,
09:52:31,18434,
09:52:32,17777,
09:52:33,18728,
09:52:34,17947,
09:52:35,18107,
09:52:36,17553,
09:52:37,18195,
09:52:38,18702,
09:52:39,17298,
09:52:40,18005,
09:52:41,17393,
09:52:42,18373,
09:52:43,18280,
09:52:44,17528,
09:52:45,18114,
09:52:46,15591,
09:52:47,16470,
09:52:48,16979,
09:52:49,16710,
09:52:50,16792,
09:52:51,17371,
09:52:52,17575,
09:52:53,17794,
09:52:54,18352,
09:52:55,19218,
09:52:56,17931,
09:52:57,18052,
09:52:58,16340,
09:52:59,16807,
09:53:00,19269,
09:53:01,17138,
09:53:02,18096,
09:53:03,18249,
09:53:04,18493,
09:53:05,17638,
09:53:06,17346,
09:53:07,18439,
09:53:08,18654,
09:53:09,18394,
09:53:10,18393,
09:53:11,17632,
09:53:12,18046,
09:53:13,18386,
09:53:14,17646,
09:53:15,18084,
09:53:16,18118,
09:53:17,18592,
09:53:18,18144,
09:53:19,17513,
09:53:20,17008,
09:53:21,17953,
09:53:22,16172,
09:53:23,16187,
09:53:24,16394,
09:53:25,16629,
09:53:26,17168,
09:53:27,17077,
09:53:28,17386,
09:53:29,18172,
09:53:30,18168,
09:53:31,17962,
09:53:32,17556,
09:53:33,17523,
09:53:34,17101,
09:53:35,16994,
09:53:36,17856,
09:53:37,17912,
09:53:38,17988,
09:53:39,17279,
09:53:40,17914,
09:53:41,17989,
09:53:42,17162,
09:53:43,18418,
09:53:44,16738,
09:53:45,18149,
09:53:46,16728,
09:53:47,17269,
09:53:48,17293,
09:53:49,17641,
09:53:50,17691,
09:53:51,17901,
09:53:52,17766,
09:53:53,17476,
09:53:54,15980,
09:53:55,17153,
09:53:56,16784,
09:53:57,17073,
09:53:58,16960,
09:53:59,17421,
09:54:00,18469,
09:54:01,17166,
09:54:02,17845,
09:54:03,17796,
09:54:04,16082,
09:54:05,15342,
09:54:06,16789,
09:54:07,17205,
09:54:08,16766,
09:54:09,17911,
09:54:10,18098,
09:54:11,17041,
09:54:12,17588,
09:54:13,17357,
09:54:14,17664,
09:54:15,17070,
09:54:16,16202,
09:54:17,16019,
09:54:18,16627,
09:54:19,17042,
09:54:20,16665,
09:54:21,14962,
09:54:22,16786,
09:54:23,17016,
09:54:24,16962,
09:54:25,15713,
09:54:26,15963,
09:54:27,17090,
09:54:28,17836,
09:54:29,16114,
09:54:30,17203,
09:54:31,17470,
09:54:32,17434,
09:54:33,18015,
09:54:34,18385,
09:54:35,17723,
09:54:36,17184,
09:54:37,16797,
09:54:38,17833,
09:54:39,17641,
09:54:40,18240,
09:54:41,17009,
09:54:42,16844,
09:54:43,18009,
09:54:44,18360,
09:54:45,17955,
09:54:46,18155,
09:54:47,15956,
09:54:48,16576,
09:54:49,17941,
09:54:50,15490,
09:54:51,16637,
09:54:52,16665,
09:54:53,17600,
09:54:54,16310,
09:54:55,17505,
09:54:56,16903,
09:54:57,17575,
09:54:58,17393,
09:54:59,16776,
09:55:00,17361,
09:55:01,17208,
09:55:02,17380,
09:55:03,16529,
09:55:04,17247,
09:55:05,17938,
09:55:06,17657,
09:55:07,16724,
09:55:08,17162,
09:55:09,17315,
09:55:10,15415,
09:55:11,16289,
09:55:12,16441,
09:55:13,17344,
09:55:14,17579,
09:55:15,17392,
09:55:16,18040,
09:55:17,17166,
09:55:18,17213,
09:55:19,17736,
09:55:20,16676,
09:55:21,18475,
09:55:22,18174,
09:55:23,17189,
09:55:24,17505,
09:55:25,16849,
09:55:26,17374,
09:55:27,18302,
09:55:28,18227,
09:55:29,18698,
09:55:30,17989,
09:55:31,18129,
09:55:32,16370,
09:55:33,16904,
09:55:34,16792,
09:55:35,17047,
09:55:36,16014,
09:55:37,15779,
09:55:38,16651,
09:55:39,17283,
09:55:40,17352,
09:55:41,16865,
09:55:42,17695,
09:55:43,17434,
09:55:44,16135,
09:55:45,17342,
09:55:46,17559,
09:55:47,17660,
09:55:48,17632,
09:55:49,18328,
09:55:50,18249,
09:55:51,18742,
09:55:52,16915,
09:55:53,17565,
09:55:54,17829,
09:55:55,16744,
09:55:56,17626,
09:55:57,17762,
09:55:58,17234,
09:55:59,18041,
09:56:00,17671,
09:56:01,17851,
09:56:02,18204,
09:56:03,17222,
09:56:04,17114,
09:56:05,15794,
09:56:06,15741,
09:56:07,15607,
09:56:08,14129,
09:56:09,15427,
09:56:10,16442,
09:56:11,17911,
09:56:12,18064,
09:56:13,17513,
09:56:14,17441,
09:56:15,18114,
09:56:16,16926,
09:56:17,17494,
09:56:18,17873,
09:56:19,17237,
09:56:20,17154,
09:56:21,15146,
09:56:22,15106,
09:56:23,15589,
09:56:24,17691,
09:56:25,18052,
09:56:26,17375,
09:56:27,17196,
09:56:28,17304,
09:56:29,16010,
09:56:30,17654,
09:56:31,17226,
09:56:32,17929,
09:56:33,17548,
09:56:34,17010,
09:56:35,15482,
09:56:36,16665,
09:56:37,15696,
09:56:38,16120,
09:56:39,16406,
09:56:40,16410,
09:56:41,17649,
09:56:42,14744,
09:56:43,16051,
09:56:44,13533,
09:56:45,14406,
09:56:46,17739,
09:56:47,18223,
09:56:48,16615,
09:56:49,17620,
09:56:50,17272,
09:56:51,16622,
09:56:52,17128,
09:56:53,16877,
09:56:54,17599,
09:56:55,18007,
09:56:56,18014,
09:56:57,18103,
09:56:58,17943,
09:56:59,17794,
09:57:00,17578,
09:57:01,17535,
09:57:02,17210,
09:57:03,17852,
09:57:04,18341,
09:57:05,17027,
09:57:06,17950,
09:57:07,18131,
09:57:08,18064,
09:57:09,18509,
09:57:10,18412,
09:57:11,17148,
09:57:12,17905,
09:57:13,17364,
09:57:14,17428,
09:57:15,18700,
09:57:16,16882,
09:57:17,17853,
09:57:18,18744,
09:57:19,17967,
09:57:20,18598,
09:57:21,17256,
09:57:22,17817,
09:57:23,17437,
09:57:24,17482,
09:57:25,17428,
09:57:26,17508,
09:57:27,16968,
09:57:28,17349,
09:57:29,16984,
09:57:30,17063,
09:57:31,17918,
09:57:32,16917,
09:57:33,17096,
09:57:34,16864,
09:57:35,17087,
09:57:36,16506,
09:57:37,17264,
09:57:38,18050,
09:57:39,16734,
09:57:40,18192,
09:57:41,17146,
09:57:42,17801,
09:57:43,17396,
09:57:44,17421,
09:57:45,16829,
09:57:46,16130,
09:57:47,16570,
09:57:48,16628,
09:57:49,17754,
09:57:50,15125,
09:57:51,16221,
09:57:52,16776,
09:57:53,17808,
09:57:54,17721,
09:57:55,18136,
09:57:56,16657,
09:57:57,18037,
09:57:58,16803,
09:57:59,18184,
09:58:00,17408,
09:58:01,16671,
09:58:02,18280,
09:58:03,17783,
09:58:04,16267,
09:58:05,16644,
09:58:06,16831,
09:58:07,17489,
09:58:08,16982,
09:58:09,16749,
09:58:10,16323,
09:58:11,16466,
09:58:12,16253,
09:58:13,17041,
09:58:14,15657,
09:58:15,16229,
09:58:16,17073,
09:58:17,16033,
09:58:18,16744,
09:58:19,17166,
09:58:20,16462,
09:58:21,16852,
09:58:22,17595,
09:58:23,16013,
09:58:24,17001,
09:58:25,17509,
09:58:26,17438,
09:58:27,17240,
09:58:28,16823,
09:58:29,16808,
09:58:30,16704,
09:58:31,17093,
09:58:32,15244,
09:58:33,16516,
09:58:34,16636,
09:58:35,16122,
09:58:36,17372,
09:58:37,16795,
09:58:38,15536,
09:58:39,13759,
09:58:40,15688,
09:58:41,16487,
09:58:42,17071,
09:58:43,17948,
09:58:44,16296,
09:58:45,17523,
09:58:46,16776,
09:58:47,15095,
09:58:48,17006,
09:58:49,16249,
09:58:50,17274,
09:58:51,17914,
09:58:52,17810,
09:58:53,18083,
09:58:54,17159,
09:58:55,17191,
09:58:56,16966,
09:58:57,16864,
09:58:58,17116,
09:58:59,17218,
09:59:00,17385,
09:59:01,17617,
09:59:02,17971,
09:59:03,18167,
09:59:04,18398,
09:59:05,18066,
09:59:06,17830,
09:59:07,17541,
09:59:08,17346,
09:59:09,17411,
09:59:10,17081,
09:59:11,16936,
09:59:12,16904,
09:59:13,17235,
09:59:14,17078,
09:59:15,17050,
09:59:16,16675,
09:59:17,17107,
09:59:18,17512,
09:59:19,16604,
09:59:20,17212,
09:59:21,16994,
09:59:22,16340,
09:59:23,13779,
09:59:24,14325,
09:59:25,14869,
09:59:26,16399,
09:59:27,16569,
09:59:28,16573,
09:59:29,16720,
09:59:30,16345,
09:59:31,16826,
09:59:32,16714,
09:59:33,16781,
09:59:34,16732,
09:59:35,16584,
09:59:36,16366,
09:59:37,16401,
09:59:38,16337,
09:59:39,16044,
09:59:40,16104,
09:59:41,16524,
09:59:42,15565,
09:59:43,15684,
09:59:44,16459,
09:59:45,15877,
09:59:46,15309,
09:59:47,16309,
09:59:48,16211,
09:59:49,16079,
09:59:50,16167,
09:59:51,16028,
09:59:52,15867,
09:59:53,14593,
09:59:54,14218,
09:59:55,15671,
09:59:56,15703,
09:59:57,16683,
09:59:58,16762,
09:59:59,16097,
10:00:00,15554,
10:00:01,15012,
10:00:02,14009,
10:00:03,14778,
10:00:04,15294,
10:00:05,14692,
10:00:06,13728,
10:00:07,14189,
10:00:08,13970,
10:00:09,13100,
10:00:10,15356,
10:00:11,13476,
10:00:12,12712,
10:00:13,13096,
10:00:14,13927,
10:00:15,12619,
10:00:16,12476,
10:00:17,13889,
10:00:18,13593,
10:00:19,12993,
10:00:20,15194,
10:00:21,15700,
10:00:22,15202,
10:00:23,15060,
10:00:24,14836,
10:00:25,14305,
10:00:26,15198,
10:00:27,15067,
10:00:28,15330,
10:00:29,15396,
10:00:30,16128,
10:00:31,16221,
10:00:32,16061,
10:00:33,15965,
10:00:34,15607,
10:00:35,15799,
10:00:36,15928,
10:00:37,15992,
10:00:38,15952,
10:00:39,16105,
10:00:40,16068,
10:00:41,16244,
10:00:42,16565,
10:00:43,16910,
10:00:44,17016,
10:00:45,17012,
10:00:46,16219,
10:00:47,16484,
10:00:48,16613,
10:00:49,17440,
10:00:50,16116,
10:00:51,17134,
10:00:52,16101,
10:00:53,16866,
10:00:54,16786,
10:00:55,16035,
10:00:56,14793,
10:00:57,13541,
10:00:58,15564,
10:00:59,16352,
10:01:00,17405,
10:01:01,14359,
10:01:02,14709,
10:01:03,15973,
10:01:04,18006,
10:01:05,16885,
10:01:06,16769,
10:01:07,15810,
10:01:08,14850,
10:01:09,15270,
10:01:10,15519,
10:01:11,15852,
10:01:12,16073,
10:01:13,16152,
10:01:14,16402,
10:01:15,16798,
10:01:16,16899,
10:01:17,16552,
10:01:18,16603,
10:01:19,15256,
10:01:20,16279,
10:01:21,16070,
10:01:22,15805,
10:01:23,16318,
10:01:24,16553,
10:01:25,14513,
10:01:26,13980,
10:01:27,13483,
10:01:28,14964,
10:01:29,15099,
10:01:30,17134,
10:01:31,16107,
10:01:32,17335,
10:01:33,16104,
10:01:34,16815,
10:01:35,16756,
10:01:36,16391,
10:01:37,17989,
10:01:38,17123,
10:01:39,16850,
10:01:40,16072,
10:01:41,15323,
10:01:42,15453,
10:01:43,15680,
10:01:44,16333,
10:01:45,16422,
10:01:46,13895,
10:01:47,14207,
10:01:48,16747,
10:01:49,16743,
10:01:50,17021,
10:01:51,17237,
10:01:52,17058,
10:01:53,16202,
10:01:54,16217,
10:01:55,15663,
10:01:56,17255,
10:01:57,15539,
10:01:58,16771,
10:01:59,16303,
10:02:00,16601,
10:02:01,16697,
10:02:02,15635,
10:02:03,16110,
10:02:04,16895,
10:02:05,16891,
10:02:06,17225,
10:02:07,16532,
10:02:08,16399,
10:02:09,16992,
10:02:10,16813,
10:02:11,17163,
10:02:12,17465,
10:02:13,17889,
10:02:14,17180,
10:02:15,17581,
10:02:16,16800,
10:02:17,16608,
10:02:18,16543,
10:02:19,16773,
10:02:20,16207,
10:02:21,16354,
10:02:22,13487,
10:02:23,15649,
10:02:24,15750,
10:02:25,15002,
10:02:26,16452,
10:02:27,16331,
10:02:28,16176,
10:02:29,16034,
10:02:30,16062,
10:02:31,14224,
10:02:32,14466,
10:02:33,16388,
10:02:34,14684,
10:02:35,13935,
10:02:36,15806,
10:02:37,15073,
10:02:38,14527,
10:02:39,15923,
10:02:40,17461,
10:02:41,16445,
10:02:42,17297,
10:02:43,17735,
10:02:44,16229,
10:02:45,17114,
10:02:46,17470,
10:02:47,17517,
10:02:48,17109,
10:02:49,15936,
10:02:50,16534,
10:02:51,16690,
10:02:52,14021,
10:02:53,16885,
10:02:54,15752,
10:02:55,16442,
10:02:56,17712,
10:02:57,17153,
10:02:58,17654,
10:02:59,16832,
10:03:00,16312,
10:03:01,17263,
10:03:02,15841,
10:03:03,15618,
10:03:04,16244,
10:03:05,16082,
10:03:06,16104,
10:03:07,16183,
10:03:08,16409,
10:03:09,12344,
10:03:10,15635,
10:03:11,15847,
10:03:12,13917,
10:03:13,15981,
10:03:14,15766,
10:03:15,16928,
10:03:16,16934,
10:03:17,17119,
10:03:18,16059,
10:03:19,16736,
10:03:20,17024,
10:03:21,17397,
10:03:22,16776,
10:03:23,17193,
10:03:24,16911,
10:03:25,16157,
10:03:26,16523,
10:03:27,17075,
10:03:28,15783,
10:03:29,16786,
10:03:30,16938,
10:03:31,16278,
10:03:32,17676,
10:03:33,16735,
10:03:34,17563,
10:03:35,17009,
10:03:36,17321,
10:03:37,16004,
10:03:38,16752,
10:03:39,16943,
10:03:40,16012,
10:03:41,15067,
10:03:42,15596,
10:03:43,17066,
10:03:44,17268,
10:03:45,15936,
10:03:46,16585,
10:03:47,17379,
10:03:48,16624,
10:03:49,17321,
10:03:50,16582,
10:03:51,18487,
10:03:52,15997,
10:03:53,17818,
10:03:54,16393,
10:03:55,16718,
10:03:56,17015,
10:03:57,17844,
10:03:58,17556,
10:03:59,17276,
10:04:00,16750,
10:04:01,16474,
10:04:02,16703,
10:04:03,16386,
10:04:04,16839,
10:04:05,17055,
10:04:06,16541,
10:04:07,17883,
10:04:08,17680,
10:04:09,17582,
10:04:10,17036,
10:04:11,17347,
10:04:12,16544,
10:04:13,17314,
10:04:14,17752,
10:04:15,16377,
10:04:16,17525,
10:04:17,16844,
10:04:18,17945,
10:04:19,18214,
10:04:20,17411,
10:04:21,17769,
10:04:22,16533,
10:04:23,16916,
10:04:24,18210,
10:04:25,16322,
10:04:26,15698,
10:04:27,15442,
10:04:28,14755,
10:04:29,13778,
10:04:30,14423,
10:04:31,14765,
10:04:32,15192,
10:04:33,16512,
10:04:34,16450,
10:04:35,16068,
10:04:36,14019,
10:04:37,14762,
10:04:38,16397,
10:04:39,16881,
10:04:40,16916,
10:04:41,16306,
10:04:42,17318,
10:04:43,17593,
10:04:44,17020,
10:04:45,17482,
10:04:46,16853,
10:04:47,17087,
10:04:48,17662,
10:04:49,16956,
10:04:50,16478,
10:04:51,17089,
10:04:52,16763,
10:04:53,17285,
10:04:54,17180,
10:04:55,17918,
10:04:56,17720,
10:04:57,16994,
10:04:58,14365,
10:04:59,16980,
10:05:00,17350,
10:05:01,17460,
10:05:02,16846,
10:05:03,17510,
10:05:04,17132,
10:05:05,16774,
10:05:06,17876,
10:05:07,15368,
10:05:08,14375,
10:05:09,16251,
10:05:10,17122,
10:05:11,18119,
10:05:12,16638,
10:05:13,17379,
10:05:14,16978,
10:05:15,17552,
10:05:16,17503,
10:05:17,17698,
10:05:18,18084,
10:05:19,17571,
10:05:20,18020,
10:05:21,17287,
10:05:22,17838,
10:05:23,16924,
10:05:24,16944,
10:05:25,15891,
10:05:26,16203,
10:05:27,16148,
10:05:28,15632,
10:05:29,14404,
10:05:30,16473,
10:05:31,17826,
10:05:32,17386,
10:05:33,14399,
10:05:34,16726,
10:05:35,18294,
10:05:36,16095,
10:05:37,16537,
10:05:38,14694,
10:05:39,16089,
10:05:40,17066,
10:05:41,15543,
10:05:42,16082,
10:05:43,17233,
10:05:44,16962,
10:05:45,17060,
10:05:46,17201,
10:05:47,17037,
10:05:48,16731,
10:05:49,16034,
10:05:50,17630,
10:05:51,16135,
10:05:52,16837,
10:05:53,17103,
10:05:54,17870,
10:05:55,18029,
10:05:56,17115,
10:05:57,17504,
10:05:58,18015,
10:05:59,16239,
10:06:00,17440,
10:06:01,16261,
10:06:02,17082,
10:06:03,17506,
10:06:04,17477,
10:06:05,17791,
10:06:06,17844,
10:06:07,17886,
10:06:08,17534,
10:06:09,16732,
10:06:10,16931,
10:06:11,16363,
10:06:12,16296,
10:06:13,16857,
10:06:14,16877,
10:06:15,17749,
10:06:16,18373,
10:06:17,17371,
10:06:18,18300,
10:06:19,18017,
10:06:20,17847,
10:06:21,17218,
10:06:22,17124,
10:06:23,17152,
10:06:24,17012,
10:06:25,17526,
10:06:26,17501,
10:06:27,18370,
10:06:28,17194,
10:06:29,17582,
10:06:30,17575,
10:06:31,18087,
10:06:32,17194,
10:06:33,17759,
10:06:34,17854,
10:06:35,17873,
10:06:36,16215,
10:06:37,17366,
10:06:38,17538,
10:06:39,17547,
10:06:40,17950,
10:06:41,17417,
10:06:42,17933,
10:06:43,17879,
10:06:44,17475,
10:06:45,17313,
10:06:46,17205,
10:06:47,17392,
10:06:48,17265,
10:06:49,17259,
10:06:50,17003,
10:06:51,17340,
10:06:52,17081,
10:06:53,17850,
10:06:54,17657,
10:06:55,17326,
10:06:56,17181,
10:06:57,16801,
10:06:58,16112,
10:06:59,15688,
10:07:00,15234,
10:07:01,15922,
10:07:02,15785,
10:07:03,16874,
10:07:04,16889,
10:07:05,16116,
10:07:06,17289,
10:07:07,16908,
10:07:08,16814,
10:07:09,16468,
10:07:10,16424,
10:07:11,17433,
10:07:12,15897,
10:07:13,16961,
10:07:14,16600,
10:07:15,15734,
10:07:16,16842,
10:07:17,16935,
10:07:18,16839,
10:07:19,15152,
10:07:20,16180,
10:07:21,16576,
10:07:22,15765,
10:07:23,17190,
10:07:24,16780,
10:07:25,16773,
10:07:26,17359,
10:07:27,16233,
10:07:28,16683,
10:07:29,17220,
10:07:30,16335,
10:07:31,17236,
10:07:32,14735,
10:07:33,15330,
10:07:34,16217,
10:07:35,16577,
10:07:36,17040,
10:07:37,15534,
10:07:38,16804,
10:07:39,16626,
10:07:40,16859,
10:07:41,17077,
10:07:42,17210,
10:07:43,17248,
10:07:44,16851,
10:07:45,15772,
10:07:46,17301,
10:07:47,16122,
10:07:48,16799,
10:07:49,16440,
10:07:50,17140,
10:07:51,15737,
10:07:52,17368,
10:07:53,16610,
10:07:54,16236,
10:07:55,15336,
10:07:56,16577,
10:07:57,15282,
10:07:58,16143,
10:07:59,16554,
10:08:00,15017,
10:08:01,16107,
10:08:02,16061,
10:08:03,16567,
10:08:04,15932,
10:08:05,16810,
10:08:06,17400,
10:08:07,17360,
10:08:08,15610,
10:08:09,14326,
10:08:10,15348,
10:08:11,16529,
10:08:12,16546,
10:08:13,15777,
10:08:14,16605,
10:08:15,15324,
10:08:16,15322,
10:08:17,17269,
10:08:18,16260,
10:08:19,17152,
10:08:20,16638,
10:08:21,16780,
10:08:22,15940,
10:08:23,16619,
10:08:24,17127,
10:08:25,15932,
10:08:26,15882,
10:08:27,17353,
10:08:28,16878,
10:08:29,17578,
10:08:30,17973,
10:08:31,16150,
10:08:32,16954,
10:08:33,16807,
10:08:34,17329,
10:08:35,15667,
10:08:36,16767,
10:08:37,16848,
10:08:38,16984,
10:08:39,16786,
10:08:40,16314,
10:08:41,17829,
10:08:42,16527,
10:08:43,17630,
10:08:44,16491,
10:08:45,15846,
10:08:46,16529,
10:08:47,17073,
10:08:48,17102,
10:08:49,16991,
10:08:50,16871,
10:08:51,17381,
10:08:52,17503,
10:08:53,17471,
10:08:54,17553,
10:08:55,16934,
10:08:56,17420,
10:08:57,16350,
10:08:58,17200,
10:08:59,15388,
10:09:00,15976,
10:09:01,16264,
10:09:02,17189,
10:09:03,17424,
10:09:04,17581,
10:09:05,17510,
10:09:06,17795,
10:09:07,16175,
10:09:08,17461,
10:09:09,15836,
10:09:10,16673,
10:09:11,16377,
10:09:12,16893,
10:09:13,17018,
10:09:14,16309,
10:09:15,17655,
10:09:16,17331,
10:09:17,17359,
10:09:18,16592,
10:09:19,15685,
10:09:20,17476,
10:09:21,17285,
10:09:22,16255,
10:09:23,15660,
10:09:24,15489,
10:09:25,16667,
10:09:26,16544,
10:09:27,16952,
10:09:28,17251,
10:09:29,16496,
10:09:30,16247,
10:09:31,16090,
10:09:32,17676,
10:09:33,15675,
10:09:34,17154,
10:09:35,16328,
10:09:36,16486,
10:09:37,17233,
10:09:38,15840,
10:09:39,16768,
10:09:40,16285,
10:09:41,16558,
10:09:42,16552,
10:09:43,16912,
10:09:44,16851,
10:09:45,16869,
10:09:46,15887,
10:09:47,14769,
10:09:48,16337,
10:09:49,15562,
10:09:50,14839,
10:09:51,16178,
10:09:52,14947,
10:09:53,15347,
10:09:54,17059,
10:09:55,15430,
10:09:56,12761,
10:09:57,16880,
10:09:58,16254,
10:09:59,16694,
10:10:00,17064,
10:10:01,16666,
10:10:02,15972,
10:10:03,15456,
10:10:04,15688,
10:10:05,16791,
10:10:06,16605,
10:10:07,17278,
10:10:08,16782,
10:10:09,17270,
10:10:10,16697,
10:10:11,17569,
10:10:12,19122,
10:10:13,19326,
10:10:14,19175,
10:10:15,19336,
10:10:16,20470,
10:10:17,20786,
10:10:18,19921,
10:10:19,19267,
10:10:20,18943,
10:10:21,19666,
10:10:22,20507,
10:10:23,20327,
10:10:24,20369,
10:10:25,19513,
10:10:26,18493,
10:10:27,17436,
10:10:28,18114,
10:10:29,19905,
10:10:30,20021,
10:10:31,19883,
10:10:32,19986,
10:10:33,20124,
10:10:34,20110,
10:10:35,19784,
10:10:36,20029,
10:10:37,20363,
10:10:38,20383,
10:10:39,20472,
10:10:40,20132,
10:10:41,20366,
10:10:42,20224,
10:10:43,20212,
10:10:44,20040,
10:10:45,20305,
10:10:46,20219,
10:10:47,19092,
10:10:48,19211,
10:10:49,19748,
10:10:50,20546,
10:10:51,20870,
10:10:52,19520,
10:10:53,18616,
10:10:54,18740,
10:10:55,16944,
10:10:56,18223,
10:10:57,19417,
10:10:58,19705,
10:10:59,18709,
10:11:00,19465,
10:11:01,19377,
10:11:02,18386,
10:11:03,18903,
10:11:04,19534,
10:11:05,19815,
10:11:06,18848,
10:11:07,18698,
10:11:08,18140,
10:11:09,18493,
10:11:10,18884,
10:11:11,18521,
10:11:12,18475,
10:11:13,18314,
10:11:14,17693,
10:11:15,17683,
10:11:16,17322,
10:11:17,17278,
10:11:18,18074,
10:11:19,18249,
10:11:20,17998,
10:11:21,18019,
10:11:22,16795,
10:11:23,17181,
10:11:24,17570,
10:11:25,18417,
10:11:26,18376,
10:11:27,18938,
10:11:28,19240,
10:11:29,18797,
10:11:30,17864,
10:11:31,17547,
10:11:32,17427,
10:11:33,17643,
10:11:34,17490,
10:11:35,17428,
10:11:36,17663,
10:11:37,17485,
10:11:38,17779,
10:11:39,17482,
10:11:40,15607,
10:11:41,16234,
10:11:42,16082,
10:11:43,16962,
10:11:44,17389,
10:11:45,17784,
10:11:46,17559,
10:11:47,17653,
10:11:48,17460,
10:11:49,17756,
10:11:50,18385,
10:11:51,19437,
10:11:52,18430,
10:11:53,18708,
10:11:54,18714,
10:11:55,18244,
10:11:56,18540,
10:11:57,15546,
10:11:58,21644,
10:11:59,18268,
10:12:00,16547,
10:12:01,15950,
10:12:02,18981,
10:12:03,19574,
10:12:04,19943,
10:12:05,20043,
10:12:06,20060,
10:12:07,20397,
10:12:08,20361,
10:12:09,20335,
10:12:10,20309,
10:12:11,20134,
10:12:12,20289,
10:12:13,19811,
10:12:14,19850,
10:12:15,20308,
10:12:16,20694,
10:12:17,20330,
10:12:18,20406,
10:12:19,21281,
10:12:20,21823,
10:12:21,21251,
10:12:22,20263,
10:12:23,17315,
10:12:24,19942,
10:12:25,20168,
10:12:26,20775,
10:12:27,21601,
10:12:28,21436,
10:12:29,22026,
10:12:30,19328,
10:12:31,17399,
10:12:32,19162,
10:12:33,20407,
10:12:34,21573,
10:12:35,21675,
10:12:36,21851,
10:12:37,21512,
10:12:38,22203,
10:12:39,22558,
10:12:40,21992,
10:12:41,21729,
10:12:42,21791,
10:12:43,19782,
10:12:44,18211,
10:12:45,19459,
10:12:46,19218,
10:12:47,20635,
10:12:48,21378,
10:12:49,21483,
10:12:50,21964,
10:12:51,22381,
10:12:52,21247,
10:12:53,21028,
10:12:54,20861,
10:12:55,21047,
10:12:56,20665,
10:12:57,19449,
10:12:58,20489,
10:12:59,20068,
10:13:00,19729,
10:13:01,19980,
10:13:02,20486,
10:13:03,20147,
10:13:04,19937,
10:13:05,19912,
10:13:06,19906,
10:13:07,19381,
10:13:08,18696,
10:13:09,18685,
10:13:10,18851,
10:13:11,18938,
10:13:12,18431,
10:13:13,17901,
10:13:14,19092,
10:13:15,19699,
10:13:16,19491,
10:13:17,19235,
10:13:18,18482,
10:13:19,18494,
10:13:20,18909,
10:13:21,19037,
10:13:22,18904,
10:13:23,18671,
10:13:24,18966,
10:13:25,18849,
10:13:26,19270,
10:13:27,19466,
10:13:28,20016,
10:13:29,20631,
10:13:30,20390,
10:13:31,19818,
10:13:32,19883,
10:13:33,20082,
10:13:34,20376,
10:13:35,20272,
10:13:36,20472,
10:13:37,20294,
10:13:38,20943,
10:13:39,21327,
10:13:40,21152,
10:13:41,21120,
10:13:42,20610,
10:13:43,20330,
10:13:44,20180,
10:13:45,20403,
10:13:46,19942,
10:13:47,19930,
10:13:48,19854,
10:13:49,21015,
10:13:50,21267,
10:13:51,21271,
10:13:52,20393,
10:13:53,20103,
10:13:54,20699,
10:13:55,20162,
10:13:56,20638,
10:13:57,19973,
10:13:58,20374,
10:13:59,20475,
10:14:00,20591,
10:14:01,18044,
10:14:02,19879,
10:14:03,20933,
10:14:04,18887,
10:14:05,21267,
10:14:06,21577,
10:14:07,20347,
10:14:08,20023,
10:14:09,20279,
10:14:10,19995,
10:14:11,19421,
10:14:12,20453,
10:14:13,19449,
10:14:14,20364,
10:14:15,21564,
10:14:16,21726,
10:14:17,21922,
10:14:18,21671,
10:14:19,20802,
10:14:20,20501,
10:14:21,21262,
10:14:22,19867,
10:14:23,20920,
10:14:24,20446,
10:14:25,20067,
10:14:26,21288,
10:14:27,21305,
10:14:28,21309,
10:14:29,21477,
10:14:30,21884,
10:14:31,21762,
10:14:32,19790,
10:14:33,20537,
10:14:34,21272,
10:14:35,20422,
10:14:36,20287,
10:14:37,21136,
10:14:38,20787,
10:14:39,21312,
10:14:40,21385,
10:14:41,20933,
10:14:42,20756,
10:14:43,21338,
10:14:44,20532,
10:14:45,21061,
10:14:46,20735,
10:14:47,20661,
10:14:48,21413,
10:14:49,20610,
10:14:50,20894,
10:14:51,21446,
10:14:52,21071,
10:14:53,22173,
10:14:54,21870,
10:14:55,22156,
10:14:56,20493,
10:14:57,21509,
10:14:58,21047,
10:14:59,21288,
10:15:00,21916,
10:15:01,19771,
10:15:02,20876,
10:15:03,20532,
10:15:04,20319,
10:15:05,21568,
10:15:06,21471,
10:15:07,21494,
10:15:08,21286,
10:15:09,20892,
10:15:10,20808,
10:15:11,20798,
10:15:12,20199,
10:15:13,20134,
10:15:14,19412,
10:15:15,19889,
10:15:16,20933,
10:15:17,19947,
10:15:18,21844,
10:15:19,20145,
10:15:20,20339,
10:15:21,20864,
10:15:22,20639,
10:15:23,19737,
10:15:24,20399,
10:15:25,20467,
10:15:26,20884,
10:15:27,20700,
10:15:28,19897,
10:15:29,21292,
10:15:30,21406,
10:15:31,21197,
10:15:32,20482,
10:15:33,20391,
10:15:34,20437,
10:15:35,19689,
10:15:36,20156,
10:15:37,20276,
10:15:38,18767,
10:15:39,20006,
10:15:40,19539,
10:15:41,21123,
10:15:42,20861,
10:15:43,20450,
10:15:44,19399,
10:15:45,20495,
10:15:46,20223,
10:15:47,20548,
10:15:48,20795,
10:15:49,19337,
10:15:50,20131,
10:15:51,19082,
10:15:52,20122,
10:15:53,19481,
10:15:54,20734,
10:15:55,20207,
10:15:56,20450,
10:15:57,19219,
10:15:58,19978,
10:15:59,20120,
10:16:00,18242,
10:16:01,20525,
10:16:02,18446,
10:16:03,19462,
10:16:04,19574,
10:16:05,19209,
10:16:06,19483,
10:16:07,19504,
10:16:08,20541,
10:16:09,20032,
10:16:10,19771,
10:16:11,19356,
10:16:12,20450,
10:16:13,18672,
10:16:14,19354,
10:16:15,17959,
10:16:16,19525,
10:16:17,19194,
10:16:18,18827,
10:16:19,19895,
10:16:20,18587,
10:16:21,18515,
10:16:22,18506,
10:16:23,16390,
10:16:24,16722,
10:16:25,18985,
10:16:26,20440,
10:16:27,19382,
10:16:28,19539,
10:16:29,19133,
10:16:30,20825,
10:16:31,20400,
10:16:32,20271,
10:16:33,19364,
10:16:34,20255,
10:16:35,19910,
10:16:36,20259,
10:16:37,20298,
10:16:38,19834,
10:16:39,19405,
10:16:40,19705,
10:16:41,19183,
10:16:42,20413,
10:16:43,18625,
10:16:44,20009,
10:16:45,19751,
10:16:46,20563,
10:16:47,18884,
10:16:48,19793,
10:16:49,20404,
10:16:50,18865,
10:16:51,19960,
10:16:52,18312,
10:16:53,18549,
10:16:54,18216,
10:16:55,19541,
10:16:56,19607,
10:16:57,19155,
10:16:58,19274,
10:16:59,19762,
10:17:00,19495,
10:17:01,19726,
10:17:02,19483,
10:17:03,18877,
10:17:04,17887,
10:17:05,19159,
10:17:06,19978,
10:17:07,20495,
10:17:08,19470,
10:17:09,20250,
10:17:10,20118,
10:17:11,19463,
10:17:12,19339,
10:17:13,18046,
10:17:14,18311,
10:17:15,19611,
10:17:16,19089,
10:17:17,19857,
10:17:18,20088,
10:17:19,19460,
10:17:20,20370,
10:17:21,19343,
10:17:22,19212,
10:17:23,17190,
10:17:24,17464,
10:17:25,18617,
10:17:26,17626,
10:17:27,17142,
10:17:28,17203,
10:17:29,19269,
10:17:30,19342,
10:17:31,19492,
10:17:32,18195,
10:17:33,19310,
10:17:34,19370,
10:17:35,18885,
10:17:36,18772,
10:17:37,18425,
10:17:38,18258,
10:17:39,19087,
10:17:40,18810,
10:17:41,18041,
10:17:42,18906,
10:17:43,20077,
10:17:44,19223,
10:17:45,18925,
10:17:46,19616,
10:17:47,19161,
10:17:48,17744,
10:17:49,19073,
10:17:50,18777,
10:17:51,19242,
10:17:52,19135,
10:17:53,19160,
10:17:54,18161,
10:17:55,18613,
10:17:56,19151,
10:17:57,19296,
10:17:58,19942,
10:17:59,19520,
10:18:00,19187,
10:18:01,19673,
10:18:02,18472,
10:18:03,19133,
10:18:04,18663,
10:18:05,19301,
10:18:06,18579,
10:18:07,19465,
10:18:08,18035,
10:18:09,19527,
10:18:10,19600,
10:18:11,19568,
10:18:12,19646,
10:18:13,18074,
10:18:14,18864,
10:18:15,18813,
10:18:16,18944,
10:18:17,17349,
10:18:18,18674,
10:18:19,18662,
10:18:20,18587,
10:18:21,19147,
10:18:22,19084,
10:18:23,18899,
10:18:24,18959,
10:18:25,18607,
10:18:26,19077,
10:18:27,17328,
10:18:28,18658,
10:18:29,16342,
10:18:30,16635,
10:18:31,18366,
10:18:32,18749,
10:18:33,17279,
10:18:34,18751,
10:18:35,18304,
10:18:36,18863,
10:18:37,17997,
10:18:38,19197,
10:18:39,17892,
10:18:40,17823,
10:18:41,18416,
10:18:42,18371,
10:18:43,18245,
10:18:44,18016,
10:18:45,18147,
10:18:46,18543,
10:18:47,17645,
10:18:48,16528,
10:18:49,17499,
10:18:50,18604,
10:18:51,18105,
10:18:52,17840,
10:18:53,18440,
10:18:54,16827,
10:18:55,18167,
10:18:56,19108,
10:18:57,17034,
10:18:58,17269,
10:18:59,18014,
10:19:00,17035,
10:19:01,18498,
10:19:02,18528,
10:19:03,18236,
10:19:04,17434,
10:19:05,17889,
10:19:06,17543,
10:19:07,18207,
10:19:08,17787,
10:19:09,18234,
10:19:10,16530,
10:19:11,17604,
10:19:12,18276,
10:19:13,16587,
10:19:14,16463,
10:19:15,16920,
10:19:16,17130,
10:19:17,17308,
10:19:18,17306,
10:19:19,17758,
10:19:20,17635,
10:19:21,17737,
10:19:22,17613,
10:19:23,17333,
10:19:24,17698,
10:19:25,18748,
10:19:26,18287,
10:19:27,17409,
10:19:28,17474,
10:19:29,16623,
10:19:30,17244,
10:19:31,17759,
10:19:32,16531,
10:19:33,16821,
10:19:34,16673,
10:19:35,16090,
10:19:36,17027,
10:19:37,16640,
10:19:38,17546,
10:19:39,18298,
10:19:40,18444,
10:19:41,18384,
10:19:42,18202,
10:19:43,18330,
10:19:44,18391,
10:19:45,17982,
10:19:46,17943,
10:19:47,17986,
10:19:48,17943,
10:19:49,18119,
10:19:50,16151,
10:19:51,15321,
10:19:52,14375,
10:19:53,13779,
10:19:54,16640,
10:19:55,17047,
10:19:56,17069,
10:19:57,15877,
10:19:58,14276,
10:19:59,16349,
10:20:00,16645,
10:20:01,15157,
10:20:02,15607,
10:20:03,16793,
10:20:04,16775,
10:20:05,16778,
10:20:06,16896,
10:20:07,16765,
10:20:08,16881,
10:20:09,17436,
10:20:10,17487,
10:20:11,17224,
10:20:12,16764,
10:20:13,17233,
10:20:14,16753,
10:20:15,16661,
10:20:16,16579,
10:20:17,16448,
10:20:18,16416,
10:20:19,16100,
10:20:20,16409,
10:20:21,15827,
10:20:22,14186,
10:20:23,15562,
10:20:24,15225,
10:20:25,17083,
10:20:26,17127,
10:20:27,17050,
10:20:28,16803,
10:20:29,16774,
10:20:30,16763,
10:20:31,16505,
10:20:32,16509,
10:20:33,16462,
10:20:34,16391,
10:20:35,16670,
10:20:36,16617,
10:20:37,16874,
10:20:38,16643,
10:20:39,16821,
10:20:40,16920,
10:20:41,16612,
10:20:42,15817,
10:20:43,15384,
10:20:44,14849,
10:20:45,15436,
10:20:46,16519,
10:20:47,16321,
10:20:48,16420,
10:20:49,15940,
10:20:50,16643,
10:20:51,16865,
10:20:52,16910,
10:20:53,16984,
10:20:54,16922,
10:20:55,16639,
10:20:56,16143,
10:20:57,16033,
10:20:58,16401,
10:20:59,15202,
10:21:00,15787,
10:21:01,16156,
10:21:02,15794,
10:21:03,16654,
10:21:04,15979,
10:21:05,15593,
10:21:06,16158,
10:21:07,15965,
10:21:08,15302,
10:21:09,15734,
10:21:10,15374,
10:21:11,14950,
10:21:12,14928,
10:21:13,14950,
10:21:14,16193,
10:21:15,16631,
10:21:16,16698,
10:21:17,16217,
10:21:18,16027,
10:21:19,15023,
10:21:20,15482,
10:21:21,17213,
10:21:22,15916,
10:21:23,16515,
10:21:24,16567,
10:21:25,15694,
10:21:26,16513,
10:21:27,16165,
10:21:28,16503,
10:21:29,16752,
10:21:30,15350,
10:21:31,16195,
10:21:32,15908,
10:21:33,13151,
10:21:34,15519,
10:21:35,15964,
10:21:36,16283,
10:21:37,16008,
10:21:38,16517,
10:21:39,15614,
10:21:40,15948,
10:21:41,16555,
10:21:42,16201,
10:21:43,16092,
10:21:44,15557,
10:21:45,14806,
10:21:46,15664,
10:21:47,15811,
10:21:48,16086,
10:21:49,16193,
10:21:50,16050,
10:21:51,17045,
10:21:52,15962,
10:21:53,17515,
10:21:54,17167,
10:21:55,16431,
10:21:56,16868,
10:21:57,16635,
10:21:58,16604,
10:21:59,17149,
10:22:00,17326,
10:22:01,17229,
10:22:02,18135,
10:22:03,18199,
10:22:04,17512,
10:22:05,17581,
10:22:06,16601,
10:22:07,17354,
10:22:08,17446,
10:22:09,16097,
10:22:10,15100,
10:22:11,16555,
10:22:12,14570,
10:22:13,16228,
10:22:14,15248,
10:22:15,16064,
10:22:16,15754,
10:22:17,15671,
10:22:18,16189,
10:22:19,15767,
10:22:20,16575,
10:22:21,15617,
10:22:22,15423,
10:22:23,16673,
10:22:24,17009,
10:22:25,16349,
10:22:26,16820,
10:22:27,15315,
10:22:28,15981,
10:22:29,16144,
10:22:30,17304,
10:22:31,17312,
10:22:32,16988,
10:22:33,17158,
10:22:34,17275,
10:22:35,16832,
10:22:36,16430,
10:22:37,17185,
10:22:38,15913,
10:22:39,17025,
10:22:40,16382,
10:22:41,16773,
10:22:42,16939,
10:22:43,17483,
10:22:44,17047,
10:22:45,16705,
10:22:46,16361,
10:22:47,16218,
10:22:48,15018,
10:22:49,15713,
10:22:50,15095,
10:22:51,15344,
10:22:52,13976,
10:22:53,15571,
10:22:54,15946,
10:22:55,15274,
10:22:56,15919,
10:22:57,15344,
10:22:58,16088,
10:22:59,16354,
10:23:00,15857,
10:23:01,16259,
10:23:02,15029,
10:23:03,15081,
10:23:04,15112,
10:23:05,14612,
10:23:06,14483,
10:23:07,13801,
10:23:08,16068,
10:23:09,15534,
10:23:10,15955,
10:23:11,16572,
10:23:12,16369,
10:23:13,16466,
10:23:14,16377,
10:23:15,16145,
10:23:16,15619,
10:23:17,16131,
10:23:18,14634,
10:23:19,15422,
10:23:20,15038,
10:23:21,15504,
10:23:22,14939,
10:23:23,16875,
10:23:24,15905,
10:23:25,15602,
10:23:26,15054,
10:23:27,14439,
10:23:28,15239,
10:23:29,15440,
10:23:30,14124,
10:23:31,13785,
10:23:32,15724,
10:23:33,14807,
10:23:34,16313,
10:23:35,15738,
10:23:36,16100,
10:23:37,16084,
10:23:38,16028,
10:23:39,16132,
10:23:40,15881,
10:23:41,16310,
10:23:42,15474,
10:23:43,15894,
10:23:44,16139,
10:23:45,15566,
10:23:46,16190,
10:23:47,16720,
10:23:48,15486,
10:23:49,16730,
10:23:50,17276,
10:23:51,17295,
10:23:52,16901,
10:23:53,17369,
10:23:54,17304,
10:23:55,17126,
10:23:56,17025,
10:23:57,16811,
10:23:58,16999,
10:23:59,16442,
10:24:00,16435,
10:24:01,16878,
10:24:02,17284,
10:24:03,16149,
10:24:04,15629,
10:24:05,15486,
10:24:06,14954,
10:24:07,14460,
10:24:08,14517,
10:24:09,14843,
10:24:10,15936,
10:24:11,16061,
10:24:12,16371,
10:24:13,15707,
10:24:14,15742,
10:24:15,15703,
10:24:16,15463,
10:24:17,15952,
10:24:18,15813,
10:24:19,15427,
10:24:20,14720,
10:24:21,15677,
10:24:22,15088,
10:24:23,16548,
10:24:24,17002,
10:24:25,16878,
10:24:26,17314,
10:24:27,16988,
10:24:28,17900,
10:24:29,17905,
10:24:30,17184,
10:24:31,17295,
10:24:32,17336,
10:24:33,16676,
10:24:34,15953,
10:24:35,16493,
10:24:36,17460,
10:24:37,17491,
10:24:38,18002,
10:24:39,16239,
10:24:40,17886,
10:24:41,17830,
10:24:42,17753,
10:24:43,16928,
10:24:44,16573,
10:24:45,17539,
10:24:46,17460,
10:24:47,16999,
10:24:48,17064,
10:24:49,17398,
10:24:50,17041,
10:24:51,16036,
10:24:52,17359,
10:24:53,17134,
10:24:54,16775,
10:24:55,16019,
10:24:56,17364,
10:24:57,17059,
10:24:58,17235,
10:24:59,17414,
10:25:00,16791,
10:25:01,17484,
10:25:02,16980,
10:25:03,17016,
10:25:04,17659,
10:25:05,17223,
10:25:06,18677,
10:25:07,17493,
10:25:08,18148,
10:25:09,18499,
10:25:10,17464,
10:25:11,17798,
10:25:12,18149,
10:25:13,16949,
10:25:14,17704,
10:25:15,17301,
10:25:16,17643,
10:25:17,16420,
10:25:18,17264,
10:25:19,17720,
10:25:20,18612,
10:25:21,18289,
10:25:22,18134,
10:25:23,18203,
10:25:24,18589,
10:25:25,18830,
10:25:26,17741,
10:25:27,18011,
10:25:28,17809,
10:25:29,17797,
10:25:30,16057,
10:25:31,17502,
10:25:32,17783,
10:25:33,17168,
10:25:34,17625,
10:25:35,17372,
10:25:36,17824,
10:25:37,17727,
10:25:38,16590,
10:25:39,17581,
10:25:40,17337,
10:25:41,15596,
10:25:42,17809,
10:25:43,16304,
10:25:44,15375,
10:25:45,16960,
10:25:46,17534,
10:25:47,17561,
10:25:48,18474,
10:25:49,18632,
10:25:50,19624,
10:25:51,18423,
10:25:52,16864,
10:25:53,17548,
10:25:54,17926,
10:25:55,18374,
10:25:56,18235,
10:25:57,18429,
10:25:58,18551,
10:25:59,18584,
10:26:00,19168,
10:26:01,19406,
10:26:02,19358,
10:26:03,18852,
10:26:04,18070,
10:26:05,18071,
10:26:06,18255,
10:26:07,18079,
10:26:08,17420,
10:26:09,16743,
10:26:10,17581,
10:26:11,16707,
10:26:12,16858,
10:26:13,17154,
10:26:14,17465,
10:26:15,17600,
10:26:16,17798,
10:26:17,17409,
10:26:18,17624,
10:26:19,17451,
10:26:20,17768,
10:26:21,17727,
10:26:22,18073,
10:26:23,18352,
10:26:24,18350,
10:26:25,17792,
10:26:26,18086,
10:26:27,17915,
10:26:28,17623,
10:26:29,18517,
10:26:30,18523,
10:26:31,18244,
10:26:32,18169,
10:26:33,18268,
10:26:34,18582,
10:26:35,19083,
10:26:36,18785,
10:26:37,19037,
10:26:38,18700,
10:26:39,17288,
10:26:40,19367,
10:26:41,18918,
10:26:42,18513,
10:26:43,18428,
10:26:44,19031,
10:26:45,18717,
10:26:46,17535,
10:26:47,17360,
10:26:48,17350,
10:26:49,17639,
10:26:50,18345,
10:26:51,17364,
10:26:52,17949,
10:26:53,17408,
10:26:54,17870,
10:26:55,18827,
10:26:56,18725,
10:26:57,18194,
10:26:58,17876,
10:26:59,17342,
10:27:00,17598,
10:27:01,17727,
10:27:02,18697,
10:27:03,18367,
10:27:04,18152,
10:27:05,17873,
10:27:06,17748,
10:27:07,17477,
10:27:08,17808,
10:27:09,18465,
10:27:10,18186,
10:27:11,18384,
10:27:12,17693,
10:27:13,17370,
10:27:14,17370,
10:27:15,16612,
10:27:16,16519,
10:27:17,16056,
10:27:18,17185,
10:27:19,17866,
10:27:20,16573,
10:27:21,16243,
10:27:22,13971,
10:27:23,15501,
10:27:24,16024,
10:27:25,15747,
10:27:26,15493,
10:27:27,16472,
10:27:28,15754,
10:27:29,17503,
10:27:30,17751,
10:27:31,17997,
10:27:32,19019,
10:27:33,18670,
10:27:34,18043,
10:27:35,17143,
10:27:36,16952,
10:27:37,17552,
10:27:38,17618,
10:27:39,16505,
10:27:40,16902,
10:27:41,18461,
10:27:42,20003,
10:27:43,17933,
10:27:44,19218,
10:27:45,18852,
10:27:46,19373,
10:27:47,18478,
10:27:48,18555,
10:27:49,18008,
10:27:50,17129,
10:27:51,17638,
10:27:52,17035,
10:27:53,18964,
10:27:54,19784,
10:27:55,18005,
10:27:56,19342,
10:27:57,19684,
10:27:58,20262,
10:27:59,20156,
10:28:00,20299,
10:28:01,20584,
10:28:02,18895,
10:28:03,19183,
10:28:04,20166,
10:28:05,18739,
10:28:06,19426,
10:28:07,19610,
10:28:08,19975,
10:28:09,20088,
10:28:10,18965,
10:28:11,20179,
10:28:12,21022,
10:28:13,19911,
10:28:14,21079,
10:28:15,18968,
10:28:16,18586,
10:28:17,19346,
10:28:18,18410,
10:28:19,19497,
10:28:20,19623,
10:28:21,18870,
10:28:22,18622,
10:28:23,18856,
10:28:24,17926,
10:28:25,20019,
10:28:26,19971,
10:28:27,19456,
10:28:28,18639,
10:28:29,18515,
10:28:30,18271,
10:28:31,16592,
10:28:32,20006,
10:28:33,18747,
10:28:34,19471,
10:28:35,18868,
10:28:36,19508,
10:28:37,19948,
10:28:38,19047,
10:28:39,20402,
10:28:40,19858,
10:28:41,20525,
10:28:42,19433,
10:28:43,20674,
10:28:44,19342,
10:28:45,20514,
10:28:46,18301,
10:28:47,19545,
10:28:48,18330,
10:28:49,19549,
10:28:50,19381,
10:28:51,18860,
10:28:52,18735,
10:28:53,19060,
10:28:54,19264,
10:28:55,19585,
10:28:56,20151,
10:28:57,20651,
10:28:58,18821,
10:28:59,20675,
10:29:00,19112,
10:29:01,20076,
10:29:02,19978,
10:29:03,20199,
10:29:04,19917,
10:29:05,20943,
10:29:06,20394,
10:29:07,20586,
10:29:08,21057,
10:29:09,21134,
10:29:10,19323,
10:29:11,20408,
10:29:12,19186,
10:29:13,20937,
10:29:14,19810,
10:29:15,18386,
10:29:16,20863,
10:29:17,18263,
10:29:18,19151,
10:29:19,19134,
10:29:20,19370,
10:29:21,19772,
10:29:22,18719,
10:29:23,20259,
10:29:24,18849,
10:29:25,18435,
10:29:26,19909,
10:29:27,18952,
10:29:28,17543,
10:29:29,15490,
10:29:30,18650,
10:29:31,19745,
10:29:32,20254,
10:29:33,20834,
10:29:34,21648,
10:29:35,21382,
10:29:36,20406,
10:29:37,20457,
10:29:38,19248,
10:29:39,19388,
10:29:40,18291,
10:29:41,19337,
10:29:42,20319,
10:29:43,20173,
10:29:44,19436,
10:29:45,18986,
10:29:46,20506,
10:29:47,18428,
10:29:48,19279,
10:29:49,20306,
10:29:50,17494,
10:29:51,17628,
10:29:52,18587,
10:29:53,19829,
10:29:54,16754,
10:29:55,17783,
10:29:56,18743,
10:29:57,17916,
10:29:58,17867,
10:29:59,19921,
10:30:00,19367,
10:30:01,19996,
10:30:02,18942,
10:30:03,19608,
10:30:04,20136,
10:30:05,19257,
10:30:06,18770,
10:30:07,18554,
10:30:08,18974,
10:30:09,19691,
10:30:10,16892,
10:30:11,18624,
10:30:12,19728,
10:30:13,20614,
10:30:14,20795,
10:30:15,19882,
10:30:16,21132,
10:30:17,21602,
10:30:18,19684,
10:30:19,19844,
10:30:20,20316,
10:30:21,20731,
10:30:22,19946,
10:30:23,20240,
10:30:24,19279,
10:30:25,20453,
10:30:26,20412,
10:30:27,20584,
10:30:28,19883,
10:30:29,20125,
10:30:30,18657,
10:30:31,19188,
10:30:32,20027,
10:30:33,20209,
10:30:34,20262,
10:30:35,20122,
10:30:36,20404,
10:30:37,19583,
10:30:38,20405,
10:30:39,19992,
10:30:40,19326,
10:30:41,21255,
10:30:42,21134,
10:30:43,19925,
10:30:44,20127,
10:30:45,19321,
10:30:46,19477,
10:30:47,19608,
10:30:48,19526,
10:30:49,20441,
10:30:50,19276,
10:30:51,20742,
10:30:52,20393,
10:30:53,20239,
10:30:54,19861,
10:30:55,20192,
10:30:56,20243,
10:30:57,19024,
10:30:58,19674,
10:30:59,19733,
10:31:00,20560,
10:31:01,19783,
10:31:02,20889,
10:31:03,20340,
10:31:04,19093,
10:31:05,20475,
10:31:06,18689,
10:31:07,19836,
10:31:08,20094,
10:31:09,19549,
10:31:10,20188,
10:31:11,20555,
10:31:12,20292,
10:31:13,20138,
10:31:14,20411,
10:31:15,19199,
10:31:16,19737,
10:31:17,19574,
10:31:18,18768,
10:31:19,17837,
10:31:20,17341,
10:31:21,17466,
10:31:22,19080,
10:31:23,18712,
10:31:24,20076,
10:31:25,20095,
10:31:26,19815,
10:31:27,19225,
10:31:28,19991,
10:31:29,18332,
10:31:30,18993,
10:31:31,18283,
10:31:32,18307,
10:31:33,18379,
10:31:34,19786,
10:31:35,18401,
10:31:36,19146,
10:31:37,19876,
10:31:38,20210,
10:31:39,20012,
10:31:40,19745,
10:31:41,19658,
10:31:42,20016,
10:31:43,18732,
10:31:44,19442,
10:31:45,19702,
10:31:46,20248,
10:31:47,18123,
10:31:48,18721,
10:31:49,18869,
10:31:50,19456,
10:31:51,19748,
10:31:52,19753,
10:31:53,19555,
10:31:54,18257,
10:31:55,18934,
10:31:56,18711,
10:31:57,18677,
10:31:58,16783,
10:31:59,17407,
10:32:00,17183,
10:32:01,18223,
10:32:02,19063,
10:32:03,18945,
10:32:04,19014,
10:32:05,18617,
10:32:06,19047,
10:32:07,17914,
10:32:08,19254,
10:32:09,18504,
10:32:10,19090,
10:32:11,18664,
10:32:12,18636,
10:32:13,18772,
10:32:14,19310,
10:32:15,18515,
10:32:16,19826,
10:32:17,19487,
10:32:18,19229,
10:32:19,20314,
10:32:20,19414,
10:32:21,20003,
10:32:22,18542,
10:32:23,19194,
10:32:24,20021,
10:32:25,18260,
10:32:26,18434,
10:32:27,19193,
10:32:28,19514,
10:32:29,19614,
10:32:30,19924,
10:32:31,18274,
10:32:32,19563,
10:32:33,19449,
10:32:34,19207,
10:32:35,18996,
10:32:36,19477,
10:32:37,16401,
10:32:38,14614,
10:32:39,16170,
10:32:40,15267,
10:32:41,23678,
10:32:42,29669,
10:32:43,31986,
10:32:44,32662,
10:32:45,34214,
10:32:46,35316,
10:32:47,36182,
10:32:48,36583,
10:32:49,38355,
10:32:50,39224,
10:32:51,41514,
10:32:52,40564,
10:32:53,39454,
10:32:54,39963,
10:32:55,39575,
10:32:56,40649,
10:32:57,40540,
10:32:58,40906,
10:32:59,40717,
10:33:00,41129,
10:33:01,41136,
10:33:02,42144,
10:33:03,44817,
10:33:04,44961,
10:33:05,42854,
10:33:06,41834,
10:33:07,42187,
10:33:08,41957,
10:33:09,39729,
10:33:10,40001,
10:33:11,40619,
10:33:12,40688,
10:33:13,40274,
10:33:14,40099,
10:33:15,40180,
10:33:16,40294,
10:33:17,41298,
10:33:18,40979,
10:33:19,40715,
10:33:20,39899,
10:33:21,40515,
10:33:22,39429,
10:33:23,39308,
10:33:24,39239,
10:33:25,39693,
10:33:26,39488,
10:33:27,39834,
10:33:28,40030,
10:33:29,39570,
10:33:30,39383,
10:33:31,39253,
10:33:32,39051,
10:33:33,38871,
10:33:34,38671,
10:33:35,38493,
10:33:36,39110,
10:33:37,40258,
10:33:38,40191,
10:33:39,40347,
10:33:40,39665,
10:33:41,36754,
10:33:42,35035,
10:33:43,35705,
10:33:44,35995,
10:33:45,35191,
10:33:46,34031,
10:33:47,33975,
10:33:48,34723,
10:33:49,35280,
10:33:50,35139,
10:33:51,35487,
10:33:52,35687,
10:33:53,35326,
10:33:54,35276,
10:33:55,35013,
10:33:56,35202,
10:33:57,34690,
10:33:58,34509,
10:33:59,33403,
10:34:00,32926,
10:34:01,31389,
10:34:02,31377,
10:34:03,31547,
10:34:04,32063,
10:34:05,33188,
10:34:06,35120,
10:34:07,35312,
10:34:08,36292,
10:34:09,38337,
10:34:10,49935,
10:34:11,52520,
10:34:12,45370,
10:34:13,43121,
10:34:14,43299,
10:34:15,43060,
10:34:16,42568,
10:34:17,41485,
10:34:18,44472,
10:34:19,50667,
10:34:20,55898,
10:34:21,58317,
10:34:22,54676,
10:34:23,54149,
10:34:24,57546,
10:34:25,57957,
10:34:26,53440,
10:34:27,51625,
10:34:28,46051,
10:34:29,45954,
10:34:30,42634,
10:34:31,41604,
10:34:32,42510,
10:34:33,42849,
10:34:34,46192,
10:34:35,48633,
10:34:36,48316,
10:34:37,48242,
10:34:38,46826,
10:34:39,45843,
10:34:40,43596,
10:34:41,42599,
10:34:42,41200,
10:34:43,41474,
10:34:44,41313,
10:34:45,40195,
10:34:46,39218,
10:34:47,39649,
10:34:48,39257,
10:34:49,41393,
10:34:50,44848,
10:34:51,45006,
10:34:52,47287,
10:34:53,50493,
10:34:54,53692,
10:34:55,54313,
10:34:56,57427,
10:34:57,59042,
10:34:58,56123,
10:34:59,56756,
10:35:00,61776,
10:35:01,59687,
10:35:02,58290,
10:35:03,54873,
10:35:04,49846,
10:35:05,43266,
10:35:06,42675,
10:35:07,42235,
10:35:08,42025,
10:35:09,41871,
10:35:10,42259,
10:35:11,42268,
10:35:12,43024,
10:35:13,44314,
10:35:14,43391,
10:35:15,44172,
10:35:16,44971,
10:35:17,44795,
10:35:18,45720,
10:35:19,45846,
10:35:20,44724,
10:35:21,43767,
10:35:22,43892,
10:35:23,43043,
10:35:24,42623,
10:35:25,43046,
10:35:26,43382,
10:35:27,43885,
10:35:28,44394,
10:35:29,43820,
10:35:30,42308,
10:35:31,46290,
10:35:32,46919,
10:35:33,47641,
10:35:34,44297,
10:35:35,43816,
10:35:36,43252,
10:35:37,42173,
10:35:38,40089,
10:35:39,40610,
10:35:40,40894,
10:35:41,40514,
10:35:42,39810,
10:35:43,39216,
10:35:44,40550,
10:35:45,41309,
10:35:46,41169,
10:35:47,41225,
10:35:48,40419,
10:35:49,40732,
10:35:50,40322,
10:35:51,39978,
10:35:52,40195,
10:35:53,40663,
10:35:54,40823,
10:35:55,44969,
10:35:56,44375,
10:35:57,48099,
10:35:58,51278,
10:35:59,65252,
10:36:00,69573,
10:36:01,68863,
10:36:02,64001,
10:36:03,48575,
10:36:04,40353,
10:36:05,45804,
10:36:06,44978,
10:36:07,42500,
10:36:08,43831,
10:36:09,45603,
10:36:10,45124,
10:36:11,45155,
10:36:12,45550,
10:36:13,43714,
10:36:14,42483,
10:36:15,43570,
10:36:16,43334,
10:36:17,39902,
10:36:18,35404,
10:36:19,36221,
10:36:20,34652,
10:36:21,38548,
10:36:22,43987,
10:36:23,56456,
10:36:24,64200,
10:36:25,56834,
10:36:26,54640,
10:36:27,55848,
10:36:28,61595,
10:36:29,73004,
10:36:30,86016,
10:36:31,95595,
10:36:32,87581,
10:36:33,84516,
10:36:34,107432,
10:36:35,123188,
10:36:36,134441,
10:36:37,134342,
10:36:38,99729,
10:36:39,87985,
10:36:40,87920,
10:36:41,81746,
10:36:42,84093,
10:36:43,89830,
10:36:44,90920,
10:36:45,88111,
10:36:46,82090,
10:36:47,84647,
10:36:48,79924,
10:36:49,80811,
10:36:50,78169,
10:36:51,77066,
10:36:52,78449,
10:36:53,76107,
10:36:54,76170,
10:36:55,76382,
10:36:56,77764,
10:36:57,81124,
10:36:58,81223,
10:36:59,57486,
10:37:00,37404,
10:37:01,34651,
10:37:02,34505,
10:37:03,34278,
10:37:04,33366,
10:37:05,33203,
10:37:06,33466,
10:37:07,31969,
10:37:08,31130,
10:37:09,30922,
10:37:10,30798,
10:37:11,30585,
10:37:12,28701,
10:37:13,29225,
10:37:14,27151,
10:37:15,24886,
10:37:16,25456,
10:37:17,25648,
10:37:18,24749,
10:37:19,26285,
10:37:20,26741,
10:37:21,26802,
10:37:22,26780,
10:37:23,26729,
10:37:24,25772,
10:37:25,25842,
10:37:26,26164,
10:37:27,26216,
10:37:28,26357,
10:37:29,25974,
10:37:30,25704,
10:37:31,24945,
10:37:32,25521,
10:37:33,25596,
10:37:34,25599,
10:37:35,25858,
10:37:36,26445,
10:37:37,26052,
10:37:38,25411,
10:37:39,26704,
10:37:40,27219,
10:37:41,27563,
10:37:42,28350,
10:37:43,26640,
10:37:44,25323,
10:37:45,25038,
10:37:46,25678,
10:37:47,24450,
10:37:48,23874,
10:37:49,22404,
10:37:50,21881,
10:37:51,21566,
10:37:52,21781,
10:37:53,21873,
10:37:54,21844,
10:37:55,21914,
10:37:56,21925,
10:37:57,22489,
10:37:58,23018,
10:37:59,23304,
10:38:00,23991,
10:38:01,24286,
10:38:02,24575,
10:38:03,24054,
10:38:04,24030,
10:38:05,24389,
10:38:06,24064,
10:38:07,23703,
10:38:08,24622,
10:38:09,25082,
10:38:10,24779,
10:38:11,25157,
10:38:12,25651,
10:38:13,25695,
10:38:14,25830,
10:38:15,25970,
10:38:16,25620,
10:38:17,25554,
10:38:18,25699,
10:38:19,25688,
10:38:20,25852,
10:38:21,25799,
10:38:22,26235,
10:38:23,26380,
10:38:24,26296,
10:38:25,26356,
10:38:26,26414,
10:38:27,26430,
10:38:28,25772,
10:38:29,25765,
10:38:30,25668,
10:38:31,25627,
10:38:32,25575,
10:38:33,26283,
10:38:34,25970,
10:38:35,26541,
10:38:36,26893,
10:38:37,26352,
10:38:38,26515,
10:38:39,26349,
10:38:40,26201,
10:38:41,26495,
10:38:42,26510,
10:38:43,26410,
10:38:44,27013,
10:38:45,26532,
10:38:46,26412,
10:38:47,26727,
10:38:48,27677,
10:38:49,27754,
10:38:50,28206,
10:38:51,28011,
10:38:52,27393,
10:38:53,27307,
10:38:54,27670,
10:38:55,27304,
10:38:56,27720,
10:38:57,27474,
10:38:58,27497,
10:38:59,27928,
10:39:00,28763,
10:39:01,30279,
10:39:02,32811,
10:39:03,33558,
10:39:04,33690,
10:39:05,33320,
10:39:06,33780,
10:39:07,34811,
10:39:08,35306,
10:39:09,35782,
10:39:10,35829,
10:39:11,36696,
10:39:12,37031,
10:39:13,37544,
10:39:14,38088,
10:39:15,38097,
10:39:16,37549,
10:39:17,37144,
10:39:18,37576,
10:39:19,37715,
10:39:20,37809,
10:39:21,37056,
10:39:22,36884,
10:39:23,36972,
10:39:24,36595,
10:39:25,37016,
10:39:26,36953,
10:39:27,36999,
10:39:28,36571,
10:39:29,36569,
10:39:30,36564,
10:39:31,36552,
10:39:32,36403,
10:39:33,36622,
10:39:34,36257,
10:39:35,36565,
10:39:36,36093,
10:39:37,37044,
10:39:38,36340,
10:39:39,36553,
10:39:40,36178,
10:39:41,36564,
10:39:42,36310,
10:39:43,36488,
10:39:44,36114,
10:39:45,35941,
10:39:46,35538,
10:39:47,36006,
10:39:48,35445,
10:39:49,35615,
10:39:50,35968,
10:39:51,35751,
10:39:52,36308,
10:39:53,35209,
10:39:54,35990,
10:39:55,36332,
10:39:56,36531,
10:39:57,36596,
10:39:58,36321,
10:39:59,36246,
10:40:00,36033,
10:40:01,35862,
10:40:02,36097,
10:40:03,36383,
10:40:04,36305,
10:40:05,35434,
10:40:06,35979,
10:40:07,35639,
10:40:08,35784,
10:40:09,36036,
10:40:10,35777,
10:40:11,36164,
10:40:12,36110,
10:40:13,34916,
10:40:14,35433,
10:40:15,35639,
10:40:16,36091,
10:40:17,35728,
10:40:18,35393,
10:40:19,35422,
10:40:20,35696,
10:40:21,36061,
10:40:22,36021,
10:40:23,35379,
10:40:24,35404,
10:40:25,35018,
10:40:26,35127,
10:40:27,34995,
10:40:28,35106,
10:40:29,35156,
10:40:30,35051,
10:40:31,35340,
10:40:32,34848,
10:40:33,35595,
10:40:34,35147,
10:40:35,34974,
10:40:36,36033,
10:40:37,35859,
10:40:38,34596,
10:40:39,34525,
10:40:40,35168,
10:40:41,35210,
10:40:42,35164,
10:40:43,35344,
10:40:44,35519,
10:40:45,35083,
10:40:46,34326,
10:40:47,34685,
10:40:48,34317,
10:40:49,34861,
10:40:50,34382,
10:40:51,34522,
10:40:52,34834,
10:40:53,34516,
10:40:54,34925,
10:40:55,34940,
10:40:56,35065,
10:40:57,34579,
10:40:58,34756,
10:40:59,34938,
10:41:00,34662,
10:41:01,34717,
10:41:02,34800,
10:41:03,34887,
10:41:04,35214,
10:41:05,35190,
10:41:06,35012,
10:41:07,34396,
10:41:08,34404,
10:41:09,34373,
10:41:10,34562,
10:41:11,34573,
10:41:12,34836,
10:41:13,34602,
10:41:14,34905,
10:41:15,34679,
10:41:16,34789,
10:41:17,34844,
10:41:18,34798,
10:41:19,34577,
10:41:20,34564,
10:41:21,34969,
10:41:22,34719,
10:41:23,34880,
10:41:24,34793,
10:41:25,34678,
10:41:26,34406,
10:41:27,34772,
10:41:28,34424,
10:41:29,33529,
10:41:30,34301,
10:41:31,34396,
10:41:32,33584,
10:41:33,34688,
10:41:34,34278,
10:41:35,34350,
10:41:36,34087,
10:41:37,34177,
10:41:38,34489,
10:41:39,34509,
10:41:40,34573,
10:41:41,34711,
10:41:42,34868,
10:41:43,34754,
10:41:44,35194,
10:41:45,35388,
10:41:46,34875,
10:41:47,34932,
10:41:48,35734,
10:41:49,35102,
10:41:50,34995,
10:41:51,35039,
10:41:52,34706,
10:41:53,34709,
10:41:54,34854,
10:41:55,34673,
10:41:56,34648,
10:41:57,34443,
10:41:58,34433,
10:41:59,34112,
10:42:00,34236,
10:42:01,34484,
10:42:02,34136,
10:42:03,33760,
10:42:04,34056,
10:42:05,34348,
10:42:06,34600,
10:42:07,34401,
10:42:08,34161,
10:42:09,34554,
10:42:10,34282,
10:42:11,34219,
10:42:12,34443,
10:42:13,34173,
10:42:14,34128,
10:42:15,34369,
10:42:16,34253,
10:42:17,34015,
10:42:18,34067,
10:42:19,34524,
10:42:20,34546,
10:42:21,34516,
10:42:22,34404,
10:42:23,35035,
10:42:24,34498,
10:42:25,35010,
10:42:26,34967,
10:42:27,34367,
10:42:28,33580,
10:42:29,34071,
10:42:30,33767,
10:42:31,33729,
10:42:32,32137,
10:42:33,31672,
10:42:34,32432,
10:42:35,31810,
10:42:36,32371,
10:42:37,33719,
10:42:38,33635,
10:42:39,33052,
10:42:40,33359,
10:42:41,33291,
10:42:42,32919,
10:42:43,33063,
10:42:44,33631,
10:42:45,33213,
10:42:46,32865,
10:42:47,33175,
10:42:48,32886,
10:42:49,33430,
10:42:50,33589,
10:42:51,33700,
10:42:52,33536,
10:42:53,33162,
10:42:54,32953,
10:42:55,33625,
10:42:56,33600,
10:42:57,33714,
10:42:58,33718,
10:42:59,33593,
10:43:00,33914,
10:43:01,33979,
10:43:02,33722,
10:43:03,33435,
10:43:04,33710,
10:43:05,33833,
10:43:06,33109,
10:43:07,33630,
10:43:08,33580,
10:43:09,33526,
10:43:10,33356,
10:43:11,33116,
10:43:12,33455,
10:43:13,33115,
10:43:14,32677,
10:43:15,33379,
10:43:16,33103,
10:43:17,32805,
10:43:18,33365,
10:43:19,32277,
10:43:20,32944,
10:43:21,32312,
10:43:22,32837,
10:43:23,33074,
10:43:24,33191,
10:43:25,33365,
10:43:26,33585,
10:43:27,33351,
10:43:28,33582,
10:43:29,33606,
10:43:30,33481,
10:43:31,33116,
10:43:32,33580,
10:43:33,33679,
10:43:34,33437,
10:43:35,33491,
10:43:36,33486,
10:43:37,33181,
10:43:38,33785,
10:43:39,33912,
10:43:40,33817,
10:43:41,33526,
10:43:42,33689,
10:43:43,33518,
10:43:44,33357,
10:43:45,33155,
10:43:46,33312,
10:43:47,32525,
10:43:48,33227,
10:43:49,32606,
10:43:50,33363,
10:43:51,34027,
10:43:52,34534,
10:43:53,33510,
10:43:54,32883,
10:43:55,32883,
10:43:56,33131,
10:43:57,32917,
10:43:58,32883,
10:43:59,32760,
10:44:00,32521,
10:44:01,32613,
10:44:02,32734,
10:44:03,32080,
10:44:04,32705,
10:44:05,31501,
10:44:06,31455,
10:44:07,32235,
10:44:08,32722,
10:44:09,32760,
10:44:10,33356,
10:44:11,33121,
10:44:12,32792,
10:44:13,32867,
10:44:14,32608,
10:44:15,33178,
10:44:16,32822,
10:44:17,33053,
10:44:18,33359,
10:44:19,32955,
10:44:20,32677,
10:44:21,32879,
10:44:22,31984,
10:44:23,32411,
10:44:24,32357,
10:44:25,32574,
10:44:26,32864,
10:44:27,33365,
10:44:28,33241,
10:44:29,33135,
10:44:30,34387,
10:44:31,34637,
10:44:32,34756,
10:44:33,37639,
10:44:34,38680,
10:44:35,42221,
10:44:36,44488,
10:44:37,42655,
10:44:38,41810,
10:44:39,40221,
10:44:40,41168,
10:44:41,43541,
10:44:42,47710,
10:44:43,48362,
10:44:44,54218,
10:44:45,54206,
10:44:46,59600,
10:44:47,63362,
10:44:48,58615,
10:44:49,78347,
10:44:50,74434,
10:44:51,68106,
10:44:52,57629,
10:44:53,52641,
10:44:54,47632,
10:44:55,48568,
10:44:56,46856,
10:44:57,40447,
10:44:58,37837,
10:44:59,39705,
10:45:00,41027,
10:45:01,41196,
10:45:02,44072,
10:45:03,38597,
10:45:04,39958,
10:45:05,39300,
10:45:06,44107,
10:45:07,53666,
10:45:08,64605,
10:45:09,78209,
10:45:10,87223,
10:45:11,76294,
10:45:12,79662,
10:45:13,64156,
10:45:14,61613,
10:45:15,66245,
10:45:16,58926,
10:45:17,55123,
10:45:18,57153,
10:45:19,45416,
10:45:20,43809,
10:45:21,54344,
10:45:22,50771,
10:45:23,43060,
10:45:24,44676,
10:45:25,53914,
10:45:26,52427,
10:45:27,53454,
10:45:28,50159,
10:45:29,49030,
10:45:30,46234,
10:45:31,45564,
10:45:32,46771,
10:45:33,55148,
10:45:34,55795,
10:45:35,54201,
10:45:36,49664,
10:45:37,50667,
10:45:38,54664,
10:45:39,59095,
10:45:40,56374,
10:45:41,48000,
10:45:42,44014,
10:45:43,44532,
10:45:44,42643,
10:45:45,45574,
10:45:46,50708,
10:45:47,50756,
10:45:48,54101,
10:45:49,54995,
10:45:50,61846,
10:45:51,62975,
10:45:52,62800,
10:45:53,64980,
10:45:54,67254,
10:45:55,68608,
10:45:56,69584,
10:45:57,66751,
10:45:58,61293,
10:45:59,60455,
10:46:00,60240,
10:46:01,56815,
10:46:02,67794,
10:46:03,70728,
10:46:04,70736,
10:46:05,67137,
10:46:06,66874,
10:46:07,68564,
10:46:08,71099,
10:46:09,80365,
10:46:10,69413,
10:46:11,67949,
10:46:12,52921,
10:46:13,54513,
10:46:14,52913,
10:46:15,58891,
10:46:16,76423,
10:46:17,67329,
10:46:18,65165,
10:46:19,51987,
10:46:20,62371,
10:46:21,60267,
10:46:22,57453,
10:46:23,59183,
10:46:24,57202,
10:46:25,56076,
10:46:26,54932,
10:46:27,57531,
10:46:28,66983,
10:46:29,74047,
10:46:30,90662,
10:46:31,104068,
10:46:32,102374,
10:46:33,100111,
10:46:34,104053,
10:46:35,102321,
10:46:36,94192,
10:46:37,96599,
10:46:38,89522,
10:46:39,103245,
10:46:40,97703,
10:46:41,86879,
10:46:42,95786,
10:46:43,86544,
10:46:44,87524,
10:46:45,88231,
10:46:46,93423,
10:46:47,98568,
10:46:48,98469,
10:46:49,101130,
10:46:50,101909,
10:46:51,95331,
10:46:52,92018,
10:46:53,90359,
10:46:54,85489,
10:46:55,85656,
10:46:56,86005,
10:46:57,89250,
10:46:58,88960,
10:46:59,88236,
10:47:00,86519,
10:47:01,90694,
10:47:02,92666,
10:47:03,94988,
10:47:04,94282,
10:47:05,95031,
10:47:06,91604,
10:47:07,89382,
10:47:08,88320,
10:47:09,90473,
10:47:10,90417,
10:47:11,92076,
10:47:12,93476,
10:47:13,91508,
10:47:14,93818,
10:47:15,91115,
10:47:16,106156,
10:47:17,110121,
10:47:18,110496,
10:47:19,103669,
10:47:20,98091,
10:47:21,89463,
10:47:22,82360,
10:47:23,82181,
10:47:24,85652,
10:47:25,89938,
10:47:26,90678,
10:47:27,85443,
10:47:28,88063,
10:47:29,86696,
10:47:30,89725,
10:47:31,90073,
10:47:32,91887,
10:47:33,94545,
10:47:34,85069,
10:47:35,84319,
10:47:36,91314,
10:47:37,86901,
10:47:38,86381,
10:47:39,89193,
10:47:40,89561,
10:47:41,87230,
10:47:42,85669,
10:47:43,85111,
10:47:44,83241,
10:47:45,81705,
10:47:46,84234,
10:47:47,88163,
10:47:48,89038,
10:47:49,88809,
10:47:50,90872,
10:47:51,91965,
10:47:52,93763,
10:47:53,103236,
10:47:54,112129,
10:47:55,118870,
10:47:56,121788,
10:47:57,119538,
10:47:58,118601,
10:47:59,116873,
10:48:00,117183,
10:48:01,117079,
10:48:02,116991,
10:48:03,117333,
10:48:04,114386,
10:48:05,111966,
10:48:06,108127,
10:48:07,103656,
10:48:08,101720,
10:48:09,104097,
10:48:10,109024,
10:48:11,112140,
10:48:12,115368,
10:48:13,117107,
10:48:14,116142,
10:48:15,115262,
10:48:16,112538,
10:48:17,108662,
10:48:18,110755,
10:48:19,114793,
10:48:20,118588,
10:48:21,119100,
10:48:22,116543,
10:48:23,113327,
10:48:24,109651,
10:48:25,106354,
10:48:26,104789,
10:48:27,100166,
10:48:28,91909,
10:48:29,94566,
10:48:30,100902,
10:48:31,97397,
10:48:32,91083,
10:48:33,92591,
10:48:34,97130,
10:48:35,95352,
10:48:36,111130,
10:48:37,111760,
10:48:38,111519,
10:48:39,108011,
10:48:40,116231,
10:48:41,120886,
10:48:42,120618,
10:48:43,127178,
10:48:44,120530,
10:48:45,125034,
10:48:46,121310,
10:48:47,128674,
10:48:48,130698,
10:48:49,127835,
10:48:50,122829,
10:48:51,114869,
10:48:52,121296,
10:48:53,131523,
10:48:54,122036,
10:48:55,127417,
10:48:56,129443,
10:48:57,117702,
10:48:58,119609,
10:48:59,126029,
10:49:00,111053,
10:49:01,106770,
10:49:02,103300,
10:49:03,98617,
10:49:04,95406,
10:49:05,97023,
10:49:06,102493,
10:49:07,101527,
10:49:08,106482,
10:49:09,111444,
10:49:10,107396,
10:49:11,107835,
10:49:12,115233,
10:49:13,110434,
10:49:14,110112,
10:49:15,103165,
10:49:16,102808,
10:49:17,112126,
10:49:18,108186,
10:49:19,111398,
10:49:20,114261,
10:49:21,111243,
10:49:22,113078,
10:49:23,112160,
10:49:24,109432,
10:49:25,113674,
10:49:26,115763,
10:49:27,116444,
10:49:28,120602,
10:49:29,118578,
10:49:30,117786,
10:49:31,105731,
10:49:32,101458,
10:49:33,127685,
10:49:34,128303,
10:49:35,128127,
10:49:36,127009,
10:49:37,129047,
10:49:38,129523,
10:49:39,131032,
10:49:40,130836,
10:49:41,126087,
10:49:42,121723,
10:49:43,109945,
10:49:44,104332,
10:49:45,99029,
10:49:46,94367,
10:49:47,92780,
10:49:48,91328,
10:49:49,91612,
10:49:50,93007,
10:49:51,92817,
10:49:52,89497,
10:49:53,92687,
10:49:54,99741,
10:49:55,105982,
10:49:56,106575,
10:49:57,99556,
10:49:58,90998,
10:49:59,93357,
10:50:00,90068,
10:50:01,89613,
10:50:02,95464,
10:50:03,109395,
10:50:04,111117,
10:50:05,110375,
10:50:06,103123,
10:50:07,103007,
10:50:08,107403,
10:50:09,102414,
10:50:10,98957,
10:50:11,98885,
10:50:12,98545,
10:50:13,100524,
10:50:14,114427,
10:50:15,113916,
10:50:16,114778,
10:50:17,115822,
10:50:18,114211,
10:50:19,110044,
10:50:20,105930,
10:50:21,106437,
10:50:22,107296,
10:50:23,108265,
10:50:24,111490,
10:50:25,120821,
10:50:26,133596,
10:50:27,134587,
10:50:28,129847,
10:50:29,134388,
10:50:30,133056,
10:50:31,129564,
10:50:32,117091,
10:50:33,109512,
10:50:34,128959,
10:50:35,120066,
10:50:36,129894,
10:50:37,111270,
10:50:38,79643,
10:50:39,74969,
10:50:40,108557,
10:50:41,111710,
10:50:42,126044,
10:50:43,131367,
10:50:44,130456,
10:50:45,135315,
10:50:46,119246,
10:50:47,130762,
10:50:48,133156,
10:50:49,134423,
10:50:50,132201,
10:50:51,133265,
10:50:52,132954,
10:50:53,132986,
10:50:54,132445,
10:50:55,133799,
10:50:56,133874,
10:50:57,133148,
10:50:58,131466,
10:50:59,132184,
10:51:00,135428,
10:51:01,130925,
10:51:02,122609,
10:51:03,109811,
10:51:04,87257,
10:51:05,73784,
10:51:06,66860,
10:51:07,72930,
10:51:08,56937,
10:51:09,50109,
10:51:10,53619,
10:51:11,69757,
10:51:12,85535,
10:51:13,97938,
10:51:14,113588,
10:51:15,122316,
10:51:16,130572,
10:51:17,129919,
10:51:18,123199,
10:51:19,133534,
10:51:20,129070,
10:51:21,133707,
10:51:22,135265,
10:51:23,132529,
10:51:24,130078,
10:51:25,119467,
10:51:26,111813,
10:51:27,110952,
10:51:28,114488,
10:51:29,101637,
10:51:30,62870,
10:51:31,45131,
10:51:32,36480,
10:51:33,33991,
10:51:34,33126,
10:51:35,32883,
10:51:36,33200,
10:51:37,34049,
10:51:38,34238,
10:51:39,33721,
10:51:40,33439,
10:51:41,33643,
10:51:42,33865,
10:51:43,33964,
10:51:44,33793,
10:51:45,32724,
10:51:46,34006,
10:51:47,33504,
10:51:48,33985,
10:51:49,34012,
10:51:50,33700,
10:51:51,33716,
10:51:52,33898,
10:51:53,33317,
10:51:54,33255,
10:51:55,33456,
10:51:56,33518,
10:51:57,33486,
10:51:58,33401,
10:51:59,33248,
10:52:00,33465,
10:52:01,33970,
10:52:02,55304,
10:52:03,43749,
10:52:04,33434,
10:52:05,34541,
10:52:06,34904,
10:52:07,35082,
10:52:08,34852,
10:52:09,34668,
10:52:10,34371,
10:52:11,34346,
10:52:12,34066,
10:52:13,34265,
10:52:14,35371,
10:52:15,35163,
10:52:16,34805,
10:52:17,34844,
10:52:18,34848,
10:52:19,34914,
10:52:20,34584,
10:52:21,34729,
10:52:22,34312,
10:52:23,34048,
10:52:24,34730,
10:52:25,35101,
10:52:26,71836,
10:52:27,91409,
10:52:28,34009,
10:52:29,34151,
10:52:30,34309,
10:52:31,34659,
10:52:32,35187,
10:52:33,34434,
10:52:34,34255,
10:52:35,50577,
10:52:36,91244,
10:52:37,70043,
10:52:38,43462,
10:52:39,34373,
10:52:40,37918,
10:52:41,68234,
10:52:42,34600,
10:52:43,35548,
10:52:44,36061,
10:52:45,35597,
10:52:46,35404,
10:52:47,35095,
10:52:48,36930,
10:52:49,37263,
10:52:50,37080,
10:52:51,37581,
10:52:52,37392,
10:52:53,36956,
10:52:54,38975,
10:52:55,61519,
10:52:56,35621,
10:52:57,36591,
10:52:58,37811,
10:52:59,37901,
10:53:00,37902,
10:53:01,38987,
10:53:02,39429,
10:53:03,39835,
10:53:04,39720,
10:53:05,38730,
10:53:06,35873,
10:53:07,35709,
10:53:08,35847,
10:53:09,35329,
10:53:10,35803,
10:53:11,36303,
10:53:12,35947,
10:53:13,37397,
10:53:14,37059,
10:53:15,36572,
10:53:16,36963,
10:53:17,37461,
10:53:18,42233,
10:53:19,38657,
10:53:20,40834,
10:53:21,40554,
10:53:22,42915,
10:53:23,43239,
10:53:24,39683,
10:53:25,38224,
10:53:26,37654,
10:53:27,38044,
10:53:28,38224,
10:53:29,40270,
10:53:30,44190,
10:53:31,38441,
10:53:32,40004,
10:53:33,37238,
10:53:34,48377,
10:53:35,36456,
10:53:36,38204,
10:53:37,38249,
10:53:38,38451,
10:53:39,39607,
10:53:40,48021,
10:53:41,36186,
10:53:42,38727,
10:53:43,39935,
10:53:44,47797,
10:53:45,33697,
10:53:46,35763,
10:53:47,43547,
10:53:48,33154,
10:53:49,34713,
10:53:50,44583,
10:53:51,34310,
10:53:52,37531,
10:53:53,44447,
10:53:54,34076,
10:53:55,44122,
10:53:56,32983,
10:53:57,40425,
10:53:58,33704,
10:53:59,38818,
10:54:00,32917,
10:54:01,40276,
10:54:02,30730,
10:54:03,38639,
10:54:04,38726,
10:54:05,29648,
10:54:06,38246,
10:54:07,39362,
10:54:08,30651,
10:54:09,39165,
10:54:10,39122,
10:54:11,39346,
10:54:12,38315,
10:54:13,40321,
10:54:14,32992,
10:54:15,35390,
10:54:16,37260,
10:54:17,38081,
10:54:18,38535,
10:54:19,38993,
10:54:20,39415,
10:54:21,39837,
10:54:22,40605,
10:54:23,40235,
10:54:24,40467,
10:54:25,40351,
10:54:26,40466,
10:54:27,40260,
10:54:28,40387,
10:54:29,40435,
10:54:30,40382,
10:54:31,40494,
10:54:32,41028,
10:54:33,41053,
10:54:34,40985,
10:54:35,41491,
10:54:36,41075,
10:54:37,41052,
10:54:38,41420,
10:54:39,41629,
10:54:40,41533,
10:54:41,41643,
10:54:42,41665,
10:54:43,41838,
10:54:44,41628,
10:54:45,41758,
10:54:46,41580,
10:54:47,41692,
10:54:48,41679,
10:54:49,40812,
10:54:50,39868,
10:54:51,39249,
10:54:52,37793,
10:54:53,37931,
10:54:54,37080,
10:54:55,37953,
10:54:56,38041,
10:54:57,37862,
10:54:58,38423,
10:54:59,38569,
10:55:00,37701,
10:55:01,38113,
10:55:02,37995,
10:55:03,38181,
10:55:04,36982,
10:55:05,37389,
10:55:06,38270,
10:55:07,38318,
10:55:08,38344,
10:55:09,38303,
10:55:10,38239,
10:55:11,40329,
10:55:12,45046,
10:55:13,42219,
10:55:14,46991,
10:55:15,38018,
10:55:16,37609,
10:55:17,39133,
10:55:18,38933,
10:55:19,39165,
10:55:20,39129,
10:55:21,39092,
10:55:22,37857,
10:55:23,39468,
10:55:24,38099,
10:55:25,38890,
10:55:26,39066,
10:55:27,38260,
10:55:28,40042,
10:55:29,39509,
10:55:30,39422,
10:55:31,39233,
10:55:32,40845,
10:55:33,41441,
10:55:34,42193,
10:55:35,42342,
10:55:36,40695,
10:55:37,39129,
10:55:38,38784,
10:55:39,38110,
10:55:40,38583,
10:55:41,38493,
10:55:42,39594,
10:55:43,40397,
10:55:44,41237,
10:55:45,39791,
10:55:46,37923,
10:55:47,37633,
10:55:48,37800,
10:55:49,39980,
10:55:50,40328,
10:55:51,39128,
10:55:52,38710,
10:55:53,38849,
10:55:54,38124,
10:55:55,37989,
10:55:56,39687,
10:55:57,39204,
10:55:58,39394,
10:55:59,38931,
10:56:00,38925,
10:56:01,37875,
10:56:02,36859,
10:56:03,37477,
10:56:04,37068,
10:56:05,37028,
10:56:06,36658,
10:56:07,36972,
10:56:08,36819,
10:56:09,36807,
10:56:10,36381,
10:56:11,36683,
10:56:12,37064,
10:56:13,37043,
10:56:14,36980,
10:56:15,37307,
10:56:16,38068,
10:56:17,37433,
10:56:18,36403,
10:56:19,36881,
10:56:20,36484,
10:56:21,36829,
10:56:22,39783,
10:56:23,37958,
10:56:24,37041,
10:56:25,40585,
10:56:26,50989,
10:56:27,88824,
10:56:28,73526,
10:56:29,45429,
10:56:30,37007,
10:56:31,36979,
10:56:32,36503,
10:56:33,37272,
10:56:34,36988,
10:56:35,36687,
10:56:36,36846,
10:56:37,37122,
10:56:38,36623,
10:56:39,36775,
10:56:40,37313,
10:56:41,36838,
10:56:42,37201,
10:56:43,36772,
10:56:44,37289,
10:56:45,36761,
10:56:46,37107,
10:56:47,36820,
10:56:48,37096,
10:56:49,37339,
10:56:50,36726,
10:56:51,39062,
10:56:52,38180,
10:56:53,39564,
10:56:54,48216,
10:56:55,36715,
10:56:56,38707,
10:56:57,37304,
10:56:58,36579,
10:56:59,37012,
10:57:00,37506,
10:57:01,53588,
10:57:02,41118,
10:57:03,39101,
10:57:04,36675,
10:57:05,36827,
10:57:06,36856,
10:57:07,36907,
10:57:08,36624,
10:57:09,37116,
10:57:10,36984,
10:57:11,36863,
10:57:12,37154,
10:57:13,37267,
10:57:14,37068,
10:57:15,37298,
10:57:16,37007,
10:57:17,37128,
10:57:18,36823,
10:57:19,37205,
10:57:20,38375,
10:57:21,38040,
10:57:22,37744,
10:57:23,37131,
10:57:24,36931,
10:57:25,37175,
10:57:26,37396,
10:57:27,36679,
10:57:28,37258,
10:57:29,37201,
10:57:30,37073,
10:57:31,37394,
10:57:32,36928,
10:57:33,37397,
10:57:34,37265,
10:57:35,37201,
10:57:36,37232,
10:57:37,37201,
10:57:38,37006,
10:57:39,37009,
10:57:40,37144,
10:57:41,37079,
10:57:42,38178,
10:57:43,37642,
10:57:44,37418,
10:57:45,37103,
10:57:46,37076,
10:57:47,37303,
10:57:48,37417,
10:57:49,37477,
10:57:50,36611,
10:57:51,37307,
10:57:52,37439,
10:57:53,37691,
10:57:54,37769,
10:57:55,37647,
10:57:56,37365,
10:57:57,37702,
10:57:58,37411,
10:57:59,37663,
10:58:00,37458,
10:58:01,37541,
10:58:02,37594,
10:58:03,37384,
10:58:04,37575,
10:58:05,37557,
10:58:06,37624,
10:58:07,37407,
10:58:08,37467,
10:58:09,37419,
10:58:10,37442,
10:58:11,37289,
10:58:12,37556,
10:58:13,38233,
10:58:14,37714,
10:58:15,37619,
10:58:16,37649,
10:58:17,37707,
10:58:18,38651,
10:58:19,38046,
10:58:20,37275,
10:58:21,38597,
10:58:22,37829,
10:58:23,38037,
10:58:24,37704,
10:58:25,37796,
10:58:26,37546,
10:58:27,37417,
10:58:28,38749,
10:58:29,40855,
10:58:30,37641,
10:58:31,38082,
10:58:32,38211,
10:58:33,37691,
10:58:34,40958,
10:58:35,37901,
10:58:36,38614,
10:58:37,41288,
10:58:38,39035,
10:58:39,38087,
10:58:40,37950,
10:58:41,37548,
10:58:42,38174,
10:58:43,42111,
10:58:44,39080,
10:58:45,38287,
10:58:46,38621,
10:58:47,38968,
10:58:48,37783,
10:58:49,39484,
10:58:50,39855,
10:58:51,38496,
10:58:52,41789,
10:58:53,38430,
10:58:54,38458,
10:58:55,38276,
10:58:56,39650,
10:58:57,39331,
10:58:58,39513,
10:58:59,38315,
10:59:00,38618,
10:59:01,37346,
10:59:02,38908,
10:59:03,38614,
10:59:04,41589,
10:59:05,40513,
10:59:06,38312,
10:59:07,39760,
10:59:08,38425,
10:59:09,38786,
10:59:10,38089,
10:59:11,38030,
10:59:12,37911,
10:59:13,38458,
10:59:14,38302,
10:59:15,38823,
10:59:16,37869,
10:59:17,38632,
10:59:18,38384,
10:59:19,38277,
10:59:20,38240,
10:59:21,38222,
10:59:22,38335,
10:59:23,38219,
10:59:24,38189,
10:59:25,38149,
10:59:26,38593,
10:59:27,38124,
10:59:28,38657,
10:59:29,38465,
10:59:30,40301,
10:59:31,41059,
10:59:32,39427,
10:59:33,38352,
10:59:34,38122,
10:59:35,38376,
10:59:36,38455,
10:59:37,38386,
10:59:38,38250,
10:59:39,38345,
10:59:40,38444,
10:59:41,38770,
10:59:42,38548,
10:59:43,38629,
10:59:44,38574,
10:59:45,38675,
10:59:46,38503,
10:59:47,39129,
10:59:48,38831,
10:59:49,38490,
10:59:50,38490,
10:59:51,38617,
10:59:52,38321,
10:59:53,38592,
10:59:54,40985,
10:59:55,38710,
10:59:56,39958,
10:59:57,38220,
10:59:58,38969,
10:59:59,40011,
11:00:00,39732,
11:00:01,39868,
11:00:02,38961,
11:00:03,39187,
11:00:04,39580,
11:00:05,39640,
11:00:06,39786,
11:00:07,39621,
11:00:08,39416,
11:00:09,39093,
11:00:10,39470,
11:00:11,39427,
11:00:12,40237,
11:00:13,40167,
11:00:14,41333,
11:00:15,39538,
11:00:16,38576,
11:00:17,38768,
11:00:18,38398,
11:00:19,38755,
11:00:20,38722,
11:00:21,38912,
11:00:22,38494,
11:00:23,38536,
11:00:24,39037,
11:00:25,38522,
11:00:26,38989,
11:00:27,38594,
11:00:28,40855,
11:00:29,41121,
11:00:30,41795,
11:00:31,39422,
11:00:32,39877,
11:00:33,39563,
11:00:34,39836,
11:00:35,38860,
11:00:36,39475,
11:00:37,38985,
11:00:38,39672,
11:00:39,40088,
11:00:40,39949,
11:00:41,39171,
11:00:42,40143,
11:00:43,39244,
11:00:44,39241,
11:00:45,39964,
11:00:46,39462,
11:00:47,39260,
11:00:48,39542,
11:00:49,40400,
11:00:50,39619,
11:00:51,39388,
11:00:52,39889,
11:00:53,39565,
11:00:54,41161,
11:00:55,42203,
11:00:56,40294,
11:00:57,40056,
11:00:58,41973,
11:00:59,44665,
11:01:00,44685,
11:01:01,41391,
11:01:02,40523,
11:01:03,39910,
11:01:04,39792,
11:01:05,39403,
11:01:06,39533,
11:01:07,39820,
11:01:08,40244,
11:01:09,46565,
11:01:10,62923,
11:01:11,45413,
11:01:12,74877,
11:01:13,39415,
11:01:14,41768,
11:01:15,39616,
11:01:16,39491,
11:01:17,39378,
11:01:18,39835,
11:01:19,39837,
11:01:20,40342,
11:01:21,41454,
11:01:22,42698,
11:01:23,44678,
11:01:24,39691,
11:01:25,39509,
11:01:26,39979,
11:01:27,40308,
11:01:28,39589,
11:01:29,40068,
11:01:30,40393,
11:01:31,41537,
11:01:32,40421,
11:01:33,40692,
11:01:34,41725,
11:01:35,41858,
11:01:36,41290,
11:01:37,41217,
11:01:38,41140,
11:01:39,41383,
11:01:40,41405,
11:01:41,41942,
11:01:42,42919,
11:01:43,43956,
11:01:44,44755,
11:01:45,45864,
11:01:46,46320,
11:01:47,46319,
11:01:48,46963,
11:01:49,45486,
11:01:50,44802,
11:01:51,44191,
11:01:52,44539,
11:01:53,47087,
11:01:54,48007,
11:01:55,46478,
11:01:56,44127,
11:01:57,47151,
11:01:58,60209,
11:01:59,46029,
11:02:00,49200,
11:02:01,52044,
11:02:02,51715,
11:02:03,49389,
11:02:04,57954,
11:02:05,44779,
11:02:06,47403,
11:02:07,47913,
11:02:08,50604,
11:02:09,44455,
11:02:10,42929,
11:02:11,44328,
11:02:12,49296,
11:02:13,42638,
11:02:14,43898,
11:02:15,48685,
11:02:16,42058,
11:02:17,51001,
11:02:18,38902,
11:02:19,43174,
11:02:20,48186,
11:02:21,45051,
11:02:22,49879,
11:02:23,44513,
11:02:24,48759,
11:02:25,44591,
11:02:26,49917,
11:02:27,51899,
11:02:28,38720,
11:02:29,47738,
11:02:30,46185,
11:02:31,39911,
11:02:32,45278,
11:02:33,44702,
11:02:34,39321,
11:02:35,45635,
11:02:36,45650,
11:02:37,42486,
11:02:38,35617,
11:02:39,37197,
11:02:40,37892,
11:02:41,37891,
11:02:42,39292,
11:02:43,40072,
11:02:44,39455,
11:02:45,39847,
11:02:46,39993,
11:02:47,39850,
11:02:48,40001,
11:02:49,40893,
11:02:50,42377,
11:02:51,42150,
11:02:52,43317,
11:02:53,42450,
11:02:54,42070,
11:02:55,43469,
11:02:56,43121,
11:02:57,43119,
11:02:58,44133,
11:02:59,44175,
11:03:00,43227,
11:03:01,44866,
11:03:02,44420,
11:03:03,43950,
11:03:04,44278,
11:03:05,42493,
11:03:06,42595,
11:03:07,42734,
11:03:08,42848,
11:03:09,43180,
11:03:10,43384,
11:03:11,44120,
11:03:12,43589,
11:03:13,42372,
11:03:14,42041,
11:03:15,42441,
11:03:16,46892,
11:03:17,49864,
11:03:18,50546,
11:03:19,57787,
11:03:20,59300,
11:03:21,53249,
11:03:22,52861,
11:03:23,43679,
11:03:24,51153,
11:03:25,53344,
11:03:26,51381,
11:03:27,46171,
11:03:28,47875,
11:03:29,43291,
11:03:30,43435,
11:03:31,49264,
11:03:32,48121,
11:03:33,48901,
11:03:34,47303,
11:03:35,47850,
11:03:36,46019,
11:03:37,45058,
11:03:38,43496,
11:03:39,43197,
11:03:40,45236,
11:03:41,45734,
11:03:42,43770,
11:03:43,46153,
11:03:44,49705,
11:03:45,53627,
11:03:46,51787,
11:03:47,43439,
11:03:48,48170,
11:03:49,59645,
11:03:50,65031,
11:03:51,63681,
11:03:52,69303,
11:03:53,57407,
11:03:54,64731,
11:03:55,47006,
11:03:56,42535,
11:03:57,44036,
11:03:58,52098,
11:03:59,43653,
11:04:00,41404,
11:04:01,42806,
11:04:02,41396,
11:04:03,41650,
11:04:04,40552,
11:04:05,41235,
11:04:06,41332,
11:04:07,41490,
11:04:08,42203,
11:04:09,42056,
11:04:10,41313,
11:04:11,40745,
11:04:12,40788,
11:04:13,50099,
11:04:14,60036,
11:04:15,56824,
11:04:16,49152,
11:04:17,49160,
11:04:18,40945,
11:04:19,39950,
11:04:20,40377,
11:04:21,40645,
11:04:22,44912,
11:04:23,48975,
11:04:24,51360,
11:04:25,55662,
11:04:26,60362,
11:04:27,66639,
11:04:28,73390,
11:04:29,64203,
11:04:30,55092,
11:04:31,40542,
11:04:32,40188,
11:04:33,48944,
11:04:34,57335,
11:04:35,67094,
11:04:36,60282,
11:04:37,43372,
11:04:38,39671,
11:04:39,42790,
11:04:40,40334,
11:04:41,41306,
11:04:42,42053,
11:04:43,42478,
11:04:44,42539,
11:04:45,40987,
11:04:46,39726,
11:04:47,39608,
11:04:48,39496,
11:04:49,40716,
11:04:50,43214,
11:04:51,42612,
11:04:52,40750,
11:04:53,39552,
11:04:54,39620,
11:04:55,38973,
11:04:56,39534,
11:04:57,40422,
11:04:58,40157,
11:04:59,40274,
11:05:00,39189,
11:05:01,39535,
11:05:02,40583,
11:05:03,39080,
11:05:04,40360,
11:05:05,39673,
11:05:06,39439,
11:05:07,40468,
11:05:08,42208,
11:05:09,43293,
11:05:10,43544,
11:05:11,44935,
11:05:12,40166,
11:05:13,40562,
11:05:14,38777,
11:05:15,39744,
11:05:16,39781,
11:05:17,39019,
11:05:18,39575,
11:05:19,40827,
11:05:20,42343,
11:05:21,39420,
11:05:22,38632,
11:05:23,40064,
11:05:24,42979,
11:05:25,45158,
11:05:26,52291,
11:05:27,59548,
11:05:28,69135,
11:05:29,50681,
11:05:30,51615,
11:05:31,53260,
11:05:32,53403,
11:05:33,55375,
11:05:34,62615,
11:05:35,61276,
11:05:36,55022,
11:05:37,42258,
11:05:38,42988,
11:05:39,40831,
11:05:40,41947,
11:05:41,48849,
11:05:42,51704,
11:05:43,57348,
11:05:44,63113,
11:05:45,62792,
11:05:46,59864,
11:05:47,55321,
11:05:48,56082,
11:05:49,51622,
11:05:50,48728,
11:05:51,50089,
11:05:52,49899,
11:05:53,50308,
11:05:54,50131,
11:05:55,48180,
11:05:56,54161,
11:05:57,77854,
11:05:58,64243,
11:05:59,58873,
11:06:00,59850,
11:06:01,46794,
11:06:02,53696,
11:06:03,77641,
11:06:04,61763,
11:06:05,56491,
11:06:06,62637,
11:06:07,52689,
11:06:08,62198,
11:06:09,69266,
11:06:10,75695,
11:06:11,68095,
11:06:12,62208,
11:06:13,64819,
11:06:14,69008,
11:06:15,67027,
11:06:16,55962,
11:06:17,51491,
11:06:18,57240,
11:06:19,59062,
11:06:20,70970,
11:06:21,69871,
11:06:22,68873,
11:06:23,53938,
11:06:24,71544,
11:06:25,104164,
11:06:26,94497,
11:06:27,63059,
11:06:28,62642,
11:06:29,81645,
11:06:30,60666,
11:06:31,75278,
11:06:32,68728,
11:06:33,107291,
11:06:34,85793,
11:06:35,84186,
11:06:36,79822,
11:06:37,64941,
11:06:38,72662,
11:06:39,83392,
11:06:40,71615,
11:06:41,67440,
11:06:42,71654,
11:06:43,51190,
11:06:44,52794,
11:06:45,60414,
11:06:46,66262,
11:06:47,69083,
11:06:48,68482,
11:06:49,59657,
11:06:50,62310,
11:06:51,67265,
11:06:52,67242,
11:06:53,62443,
11:06:54,60828,
11:06:55,63931,
11:06:56,65070,
11:06:57,64704,
11:06:58,62657,
11:06:59,63921,
11:07:00,63455,
11:07:01,61277,
11:07:02,61054,
11:07:03,70908,
11:07:04,67562,
11:07:05,87243,
11:07:06,83731,
11:07:07,64511,
11:07:08,58893,
11:07:09,60498,
11:07:10,70065,
11:07:11,66669,
11:07:12,59023,
11:07:13,52559,
11:07:14,53685,
11:07:15,54784,
11:07:16,54243,
11:07:17,52531,
11:07:18,53287,
11:07:19,54641,
11:07:20,55350,
11:07:21,56583,
11:07:22,56598,
11:07:23,59858,
11:07:24,70517,
11:07:25,78294,
11:07:26,77098,
11:07:27,82947,
11:07:28,71678,
11:07:29,64339,
11:07:30,65837,
11:07:31,70747,
11:07:32,75943,
11:07:33,86267,
11:07:34,87386,
11:07:35,93309,
11:07:36,92321,
11:07:37,95368,
11:07:38,95126,
11:07:39,94547,
11:07:40,94966,
11:07:41,97025,
11:07:42,98272,
11:07:43,97453,
11:07:44,97474,
11:07:45,92791,
11:07:46,93972,
11:07:47,92377,
11:07:48,96153,
11:07:49,90901,
11:07:50,91001,
11:07:51,89077,
11:07:52,89424,
11:07:53,88754,
11:07:54,86164,
11:07:55,81423,
11:07:56,96700,
11:07:57,85822,
11:07:58,84964,
11:07:59,95694,
11:08:00,92171,
11:08:01,88677,
11:08:02,89066,
11:08:03,88328,
11:08:04,90149,
11:08:05,84033,
11:08:06,87127,
11:08:07,87950,
11:08:08,88916,
11:08:09,88322,
11:08:10,91294,
11:08:11,81538,
11:08:12,84502,
11:08:13,100294,
11:08:14,103996,
11:08:15,96111,
11:08:16,104484,
11:08:17,100975,
11:08:18,107206,
11:08:19,87238,
11:08:20,89701,
11:08:21,73846,
11:08:22,79161,
11:08:23,98076,
11:08:24,100290,
11:08:25,99659,
11:08:26,109475,
11:08:27,109725,
11:08:28,128713,
11:08:29,124565,
11:08:30,118645,
11:08:31,121185,
11:08:32,130468,
11:08:33,138708,
11:08:34,143700,
11:08:35,139171,
11:08:36,138539,
11:08:37,135506,
11:08:38,126738,
11:08:39,143075,
11:08:40,145813,
11:08:41,144560,
11:08:42,141253,
11:08:43,138262,
11:08:44,123669,
11:08:45,129571,
11:08:46,141646,
11:08:47,142553,
11:08:48,143401,
11:08:49,140819,
11:08:50,141906,
11:08:51,141101,
11:08:52,141572,
11:08:53,142719,
11:08:54,138015,
11:08:55,142554,
11:08:56,140328,
11:08:57,139453,
11:08:58,142069,
11:08:59,144175,
11:09:00,143659,
11:09:01,142455,
11:09:02,143269,
11:09:03,143946,
11:09:04,143360,
11:09:05,144132,
11:09:06,143613,
11:09:07,143471,
11:09:08,132069,
11:09:09,121774,
11:09:10,124482,
11:09:11,118866,
11:09:12,120482,
11:09:13,108752,
11:09:14,109387,
11:09:15,115944,
11:09:16,117562,
11:09:17,116501,
11:09:18,121980,
11:09:19,118084,
11:09:20,116294,
11:09:21,115290,
11:09:22,124745,
11:09:23,117612,
11:09:24,117854,
11:09:25,115575,
11:09:26,113312,
11:09:27,112916,
11:09:28,103710,
11:09:29,101961,
11:09:30,102099,
11:09:31,103063,
11:09:32,105496,
11:09:33,106495,
11:09:34,104810,
11:09:35,101031,
11:09:36,104200,
11:09:37,129203,
11:09:38,134907,
11:09:39,120670,
11:09:40,131732,
11:09:41,135939,
11:09:42,112306,
11:09:43,117328,
11:09:44,118337,
11:09:45,126594,
11:09:46,108165,
11:09:47,110723,
11:09:48,104749,
11:09:49,104838,
11:09:50,103668,
11:09:51,98571,
11:09:52,95586,
11:09:53,97450,
11:09:54,101733,
11:09:55,96480,
11:09:56,99823,
11:09:57,102946,
11:09:58,137935,
11:09:59,131389,
11:10:00,129615,
11:10:01,123149,
11:10:02,126205,
11:10:03,123685,
11:10:04,125528,
11:10:05,121131,
11:10:06,123889,
11:10:07,132700,
11:10:08,128948,
11:10:09,117285,
11:10:10,115066,
11:10:11,109693,
11:10:12,108825,
11:10:13,106524,
11:10:14,105061,
11:10:15,101697,
11:10:16,99400,
11:10:17,97715,
11:10:18,98863,
11:10:19,102903,
11:10:20,87313,
11:10:21,100259,
11:10:22,100480,
11:10:23,99336,
11:10:24,97630,
11:10:25,91721,
11:10:26,91515,
11:10:27,99544,
11:10:28,98870,
11:10:29,89577,
11:10:30,97218,
11:10:31,101110,
11:10:32,100932,
11:10:33,90375,
11:10:34,104526,
11:10:35,98150,
11:10:36,116711,
11:10:37,132812,
11:10:38,109583,
11:10:39,120147,
11:10:40,109137,
11:10:41,122396,
11:10:42,121703,
11:10:43,103862,
11:10:44,117611,
11:10:45,102009,
11:10:46,112017,
11:10:47,104868,
11:10:48,107202,
11:10:49,110814,
11:10:50,102591,
11:10:51,112215,
11:10:52,100097,
11:10:53,98938,
11:10:54,104278,
11:10:55,110106,
11:10:56,103944,
11:10:57,102815,
11:10:58,128598,
11:10:59,124610,
11:11:00,135072,
11:11:01,134034,
11:11:02,135236,
11:11:03,125603,
11:11:04,125006,
11:11:05,136346,
11:11:06,132725,
11:11:07,135695,
11:11:08,137142,
11:11:09,135212,
11:11:10,137875,
11:11:11,139935,
11:11:12,142646,
11:11:13,143041,
11:11:14,140640,
11:11:15,141963,
11:11:16,139244,
11:11:17,142834,
11:11:18,141020,
11:11:19,137814,
11:11:20,140234,
11:11:21,143021,
11:11:22,138280,
11:11:23,131540,
11:11:24,131331,
11:11:25,128185,
11:11:26,130578,
11:11:27,132614,
11:11:28,133062,
11:11:29,130878,
11:11:30,131945,
11:11:31,142725,
11:11:32,137163,
11:11:33,139931,
11:11:34,141965,
11:11:35,142239,
11:11:36,149288,
11:11:37,145940,
11:11:38,145362,
11:11:39,144495,
11:11:40,143740,
11:11:41,142679,
11:11:42,144110,
11:11:43,141763,
11:11:44,141177,
11:11:45,140630,
11:11:46,140659,
11:11:47,139741,
11:11:48,140538,
11:11:49,131691,
11:11:50,110467,
11:11:51,124683,
11:11:52,134942,
11:11:53,136699,
11:11:54,138829,
11:11:55,142899,
11:11:56,144035,
11:11:57,141661,
11:11:58,143635,
11:11:59,143179,
11:12:00,128127,
11:12:01,139653,
11:12:02,129643,
11:12:03,117197,
11:12:04,85776,
11:12:05,117779,
11:12:06,113397,
11:12:07,112219,
11:12:08,122607,
11:12:09,128166,
11:12:10,147463,
11:12:11,137880,
11:12:12,79546,
11:12:13,143602,
11:12:14,133647,
11:12:15,139894,
11:12:16,136010,
11:12:17,141473,
11:12:18,141715,
11:12:19,102475,
11:12:20,110983,
11:12:21,133320,
11:12:22,138841,
11:12:23,144270,
11:12:24,137449,
11:12:25,142149,
11:12:26,137898,
11:12:27,140563,
11:12:28,139469,
11:12:29,140233,
11:12:30,136062,
11:12:31,130418,
11:12:32,117957,
11:12:33,134329,
11:12:34,116859,
11:12:35,127815,
11:12:36,137856,
11:12:37,133028,
11:12:38,133586,
11:12:39,133026,
11:12:40,130691,
11:12:41,129525,
11:12:42,131800,
11:12:43,132285,
11:12:44,131692,
11:12:45,136453,
11:12:46,134288,
11:12:47,126905,
11:12:48,111465,
11:12:49,128644,
11:12:50,138095,
11:12:51,139991,
11:12:52,142844,
11:12:53,141903,
11:12:54,140995,
11:12:55,135153,
11:12:56,132526,
11:12:57,131948,
11:12:58,139104,
11:12:59,139999,
11:13:00,139982,
11:13:01,136794,
11:13:02,128320,
11:13:03,124060,
11:13:04,140658,
11:13:05,136885,
11:13:06,134878,
11:13:07,130630,
11:13:08,130516,
11:13:09,127215,
11:13:10,112056,
11:13:11,119878,
11:13:12,119075,
11:13:13,119001,
11:13:14,114318,
11:13:15,118933,
11:13:16,124251,
11:13:17,123018,
11:13:18,120316,
11:13:19,119142,
11:13:20,119745,
11:13:21,115676,
11:13:22,120850,
11:13:23,125970,
11:13:24,127089,
11:13:25,129516,
11:13:26,130606,
11:13:27,132785,
11:13:28,135355,
11:13:29,136199,
11:13:30,136774,
11:13:31,136745,
11:13:32,137388,
11:13:33,136682,
11:13:34,137239,
11:13:35,140457,
11:13:36,138597,
11:13:37,138684,
11:13:38,138889,
11:13:39,139205,
11:13:40,138752,
11:13:41,140191,
11:13:42,139649,
11:13:43,139891,
11:13:44,139357,
11:13:45,138429,
11:13:46,139390,
11:13:47,139433,
11:13:48,137308,
11:13:49,139034,
11:13:50,138862,
11:13:51,138237,
11:13:52,139955,
11:13:53,139700,
11:13:54,139161,
11:13:55,137006,
11:13:56,140819,
11:13:57,139000,
11:13:58,139149,
11:13:59,138538,
11:14:00,139028,
11:14:01,138668,
11:14:02,137799,
11:14:03,138721,
11:14:04,137535,
11:14:05,137543,
11:14:06,138667,
11:14:07,139731,
11:14:08,138570,
11:14:09,138240,
11:14:10,138093,
11:14:11,137192,
11:14:12,139775,
11:14:13,136366,
11:14:14,136870,
11:14:15,139409,
11:14:16,138254,
11:14:17,138598,
11:14:18,138432,
11:14:19,138840,
11:14:20,138436,
11:14:21,138466,
11:14:22,138163,
11:14:23,139999,
11:14:24,138656,
11:14:25,138762,
11:14:26,139249,
11:14:27,140951,
11:14:28,138496,
11:14:29,137477,
11:14:30,137213,
11:14:31,137140,
11:14:32,137425,
11:14:33,140650,
11:14:34,138780,
11:14:35,137277,
11:14:36,135634,
11:14:37,140003,
11:14:38,137816,
11:14:39,132966,
11:14:40,135844,
11:14:41,137154,
11:14:42,134467,
11:14:43,131599,
11:14:44,131158,
11:14:45,128992,
11:14:46,131117,
11:14:47,135127,
11:14:48,135797,
11:14:49,135155,
11:14:50,137078,
11:14:51,137754,
11:14:52,138663,
11:14:53,134839,
11:14:54,136270,
11:14:55,137183,
11:14:56,136507,
11:14:57,133252,
11:14:58,138919,
11:14:59,137889,
11:15:00,139054,
11:15:01,139933,
11:15:02,141937,
11:15:03,144110,
11:15:04,142755,
11:15:05,140147,
11:15:06,140341,
11:15:07,139278,
11:15:08,139796,
11:15:09,139108,
11:15:10,139874,
11:15:11,139768,
11:15:12,141366,
11:15:13,140359,
11:15:14,140453,
11:15:15,136720,
11:15:16,136230,
11:15:17,138817,
11:15:18,139828,
11:15:19,137231,
11:15:20,72737,
11:15:21,51553,
11:15:22,73793,
11:15:23,87204,
11:15:24,47509,
11:15:25,69195,
11:15:26,100550,
11:15:27,93134,
11:15:28,86138,
11:15:29,99433,
11:15:30,71786,
11:15:31,79458,
11:15:32,64804,
11:15:33,46161,
11:15:34,45766,
11:15:35,41267,
11:15:36,42802,
11:15:37,42936,
11:15:38,42199,
11:15:39,41858,
11:15:40,42096,
11:15:41,43252,
11:15:42,45076,
11:15:43,44635,
11:15:44,81743,
11:15:45,94572,
11:15:46,124766,
11:15:47,98856,
11:15:48,68120,
11:15:49,74422,
11:15:50,46986,
11:15:51,46065,
11:15:52,45494,
11:15:53,42443,
11:15:54,54644,
11:15:55,74189,
11:15:56,51077,
11:15:57,53286,
11:15:58,46531,
11:15:59,50379,
11:16:00,63952,
11:16:01,72921,
11:16:02,60683,
11:16:03,48099,
11:16:04,66074,
11:16:05,94713,
11:16:06,69535,
11:16:07,148148,
11:16:08,165407,
11:16:09,92111,
11:16:10,103132,
11:16:11,176076,
11:16:12,176945,
11:16:13,168884,
11:16:14,106682,
11:16:15,117232,
11:16:16,147733,
11:16:17,107208,
11:16:18,94806,
11:16:19,109240,
11:16:20,79316,
11:16:21,67533,
11:16:22,67417,
11:16:23,54239,
11:16:24,60397,
11:16:25,47059,
11:16:26,50870,
11:16:27,52556,
11:16:28,71462,
11:16:29,131389,
11:16:30,133464,
11:16:31,76179,
11:16:32,57090,
11:16:33,72131,
11:16:34,77679,
11:16:35,57249,
11:16:36,78744,
11:16:37,108426,
11:16:38,72101,
11:16:39,47959,
11:16:40,74355,
11:16:41,100423,
11:16:42,93887,
11:16:43,93848,
11:16:44,82536,
11:16:45,46788,
11:16:46,51635,
11:16:47,74799,
11:16:48,64763,
11:16:49,53811,
11:16:50,68312,
11:16:51,55405,
11:16:52,58566,
11:16:53,45722,
11:16:54,42906,
11:16:55,48637,
11:16:56,46328,
11:16:57,47851,
11:16:58,75632,
11:16:59,78152,
11:17:00,77885,
11:17:01,78525,
11:17:02,76000,
11:17:03,74722,
11:17:04,71966,
11:17:05,64125,
11:17:06,57894,
11:17:07,88799,
11:17:08,104001,
11:17:09,82836,
11:17:10,60226,
11:17:11,60020,
11:17:12,85340,
11:17:13,98160,
11:17:14,113812,
11:17:15,100863,
11:17:16,86149,
11:17:17,81103,
11:17:18,47904,
11:17:19,52819,
11:17:20,120772,
11:17:21,132600,
11:17:22,70210,
11:17:23,42724,
11:17:24,51248,
11:17:25,66991,
11:17:26,55701,
11:17:27,61168,
11:17:28,60525,
11:17:29,54123,
11:17:30,79628,
11:17:31,54917,
11:17:32,46615,
11:17:33,96461,
11:17:34,93340,
11:17:35,86417,
11:17:36,46952,
11:17:37,82435,
11:17:38,99974,
11:17:39,135831,
11:17:40,69925,
11:17:41,91059,
11:17:42,82550,
11:17:43,68996,
11:17:44,57772,
11:17:45,63571,
11:17:46,52172,
11:17:47,48207,
11:17:48,51110,
11:17:49,57017,
11:17:50,67726,
11:17:51,42180,
11:17:52,46172,
11:17:53,50290,
11:17:54,42563,
11:17:55,61586,
11:17:56,63375,
11:17:57,67797,
11:17:58,61723,
11:17:59,65003,
11:18:00,68469,
11:18:01,61910,
11:18:02,71335,
11:18:03,84934,
11:18:04,57588,
11:18:05,62311,
11:18:06,68494,
11:18:07,63381,
11:18:08,75725,
11:18:09,51243,
11:18:10,55324,
11:18:11,66686,
11:18:12,44268,
11:18:13,54005,
11:18:14,62228,
11:18:15,61831,
11:18:16,49953,
11:18:17,53602,
11:18:18,70777,
11:18:19,43440,
11:18:20,48244,
11:18:21,49349,
11:18:22,60278,
11:18:23,40709,
11:18:24,50056,
11:18:25,55714,
11:18:26,59190,
11:18:27,55692,
11:18:28,58111,
11:18:29,50736,
11:18:30,48268,
11:18:31,50693,
11:18:32,58357,
11:18:33,56518,
11:18:34,43724,
11:18:35,68803,
11:18:36,66724,
11:18:37,46217,
11:18:38,41227,
11:18:39,48589,
11:18:40,56490,
11:18:41,53993,
11:18:42,50068,
11:18:43,52263,
11:18:44,51765,
11:18:45,49496,
11:18:46,44143,
11:18:47,43080,
11:18:48,50765,
11:18:49,54311,
11:18:50,49271,
11:18:51,53348,
11:18:52,44271,
11:18:53,45016,
11:18:54,44863,
11:18:55,43355,
11:18:56,45157,
11:18:57,43559,
11:18:58,43545,
11:18:59,44874,
11:19:00,46960,
11:19:01,47430,
11:19:02,46895,
11:19:03,50574,
11:19:04,41386,
11:19:05,49101,
11:19:06,50397,
11:19:07,51611,
11:19:08,56831,
11:19:09,58292,
11:19:10,59789,
11:19:11,62194,
11:19:12,52523,
11:19:13,44580,
11:19:14,55091,
11:19:15,56725,
11:19:16,45095,
11:19:17,44171,
11:19:18,43876,
11:19:19,42927,
11:19:20,39203,
11:19:21,39359,
11:19:22,45457,
11:19:23,40986,
11:19:24,69438,
11:19:25,53449,
11:19:26,40166,
11:19:27,39657,
11:19:28,41672,
11:19:29,39637,
11:19:30,44530,
11:19:31,42637,
11:19:32,44406,
11:19:33,45926,
11:19:34,45788,
11:19:35,45797,
11:19:36,44704,
11:19:37,41236,
11:19:38,54609,
11:19:39,88754,
11:19:40,103362,
11:19:41,96281,
11:19:42,87704,
11:19:43,95607,
11:19:44,44705,
11:19:45,39071,
11:19:46,38380,
11:19:47,41950,
11:19:48,43751,
11:19:49,43005,
11:19:50,41436,
11:19:51,42202,
11:19:52,41325,
11:19:53,41892,
11:19:54,43615,
11:19:55,42131,
11:19:56,40655,
11:19:57,43465,
11:19:58,44153,
11:19:59,38511,
11:20:00,39892,
11:20:01,42801,
11:20:02,69101,
11:20:03,41927,
11:20:04,39786,
11:20:05,45072,
11:20:06,42891,
11:20:07,41788,
11:20:08,49571,
11:20:09,41013,
11:20:10,42166,
11:20:11,38303,
11:20:12,42183,
11:20:13,39588,
11:20:14,41752,
11:20:15,44744,
11:20:16,43089,
11:20:17,43561,
11:20:18,43600,
11:20:19,39111,
11:20:20,38991,
11:20:21,42797,
11:20:22,44056,
11:20:23,42777,
11:20:24,42584,
11:20:25,39918,
11:20:26,42733,
11:20:27,41447,
11:20:28,44646,
11:20:29,45016,
11:20:30,43768,
11:20:31,46569,
11:20:32,42920,
11:20:33,40248,
11:20:34,45466,
11:20:35,45369,
11:20:36,44204,
11:20:37,45142,
11:20:38,43547,
11:20:39,40525,
11:20:40,38786,
11:20:41,38523,
11:20:42,42204,
11:20:43,41698,
11:20:44,41993,
11:20:45,43183,
11:20:46,45788,
11:20:47,44545,
11:20:48,47645,
11:20:49,47141,
11:20:50,41501,
11:20:51,41962,
11:20:52,43769,
11:20:53,44058,
11:20:54,82020,
11:20:55,132211,
11:20:56,92664,
11:20:57,106073,
11:20:58,124267,
11:20:59,83194,
11:21:00,120889,
11:21:01,89516,
11:21:02,38890,
11:21:03,38348,
11:21:04,44037,
11:21:05,59023,
11:21:06,38914,
11:21:07,40545,
11:21:08,43547,
11:21:09,43838,
11:21:10,43252,
11:21:11,44622,
11:21:12,45019,
11:21:13,42698,
11:21:14,43039,
11:21:15,40206,
11:21:16,39119,
11:21:17,40269,
11:21:18,48710,
11:21:19,48044,
11:21:20,82249,
11:21:21,55955,
11:21:22,81415,
11:21:23,42901,
11:21:24,41165,
11:21:25,38233,
11:21:26,37933,
11:21:27,46331,
11:21:28,55540,
11:21:29,38149,
11:21:30,38386,
11:21:31,38133,
11:21:32,38263,
11:21:33,38980,
11:21:34,38043,
11:21:35,38391,
11:21:36,42792,
11:21:37,41962,
11:21:38,42525,
11:21:39,48116,
11:21:40,38704,
11:21:41,39618,
11:21:42,39451,
11:21:43,39313,
11:21:44,39031,
11:21:45,46294,
11:21:46,59726,
11:21:47,91327,
11:21:48,80127,
11:21:49,97344,
11:21:50,42834,
11:21:51,97744,
11:21:52,125959,
11:21:53,90843,
11:21:54,73909,
11:21:55,106582,
11:21:56,99526,
11:21:57,107688,
11:21:58,43505,
11:21:59,37861,
11:22:00,65518,
11:22:01,121490,
11:22:02,123392,
11:22:03,73790,
11:22:04,38993,
11:22:05,53971,
11:22:06,103593,
11:22:07,99431,
11:22:08,110622,
11:22:09,91444,
11:22:10,92946,
11:22:11,112907,
11:22:12,92386,
11:22:13,50320,
11:22:14,103128,
11:22:15,70638,
11:22:16,96406,
11:22:17,82349,
11:22:18,66606,
11:22:19,38547,
11:22:20,38532,
11:22:21,38177,
11:22:22,39745,
11:22:23,40399,
11:22:24,37936,
11:22:25,38341,
11:22:26,38623,
11:22:27,38585,
11:22:28,38633,
11:22:29,38387,
11:22:30,38323,
11:22:31,38631,
11:22:32,38454,
11:22:33,40998,
11:22:34,41796,
11:22:35,38247,
11:22:36,38224,
11:22:37,38409,
11:22:38,38704,
11:22:39,38385,
11:22:40,39271,
11:22:41,49574,
11:22:42,56421,
11:22:43,49569,
11:22:44,40456,
11:22:45,38462,
11:22:46,38367,
11:22:47,43753,
11:22:48,55178,
11:22:49,81196,
11:22:50,40026,
11:22:51,40560,
11:22:52,63102,
11:22:53,71213,
11:22:54,48587,
11:22:55,47058,
11:22:56,40329,
11:22:57,39623,
11:22:58,50462,
11:22:59,41514,
11:23:00,39577,
11:23:01,40695,
11:23:02,41279,
11:23:03,39449,
11:23:04,39527,
11:23:05,39772,
11:23:06,40065,
11:23:07,45467,
11:23:08,61816,
11:23:09,104019,
11:23:10,94234,
11:23:11,113962,
11:23:12,76393,
11:23:13,79655,
11:23:14,50080,
11:23:15,44019,
11:23:16,80975,
11:23:17,128681,
11:23:18,108560,
11:23:19,104348,
11:23:20,101143,
11:23:21,54226,
11:23:22,45620,
11:23:23,113516,
11:23:24,99294,
11:23:25,54576,
11:23:26,92108,
11:23:27,123617,
11:23:28,107981,
11:23:29,57503,
11:23:30,50471,
11:23:31,110492,
11:23:32,126891,
11:23:33,105624,
11:23:34,102062,
11:23:35,54771,
11:23:36,44864,
11:23:37,55857,
11:23:38,69472,
11:23:39,50283,
11:23:40,74747,
11:23:41,86267,
11:23:42,77058,
11:23:43,52673,
11:23:44,73666,
11:23:45,72978,
11:23:46,80815,
11:23:47,84129,
11:23:48,95719,
11:23:49,96936,
11:23:50,75333,
11:23:51,60164,
11:23:52,76103,
11:23:53,70638,
11:23:54,76748,
11:23:55,108927,
11:23:56,95557,
11:23:57,119565,
11:23:58,133608,
11:23:59,130888,
11:24:00,136138,
11:24:01,140239,
11:24:02,145435,
11:24:03,147679,
11:24:04,138915,
11:24:05,116870,
11:24:06,125780,
11:24:07,128848,
11:24:08,141910,
11:24:09,144623,
11:24:10,138915,
11:24:11,132688,
11:24:12,135441,
11:24:13,141851,
11:24:14,136323,
11:24:15,130067,
11:24:16,123489,
11:24:17,132358,
11:24:18,118379,
11:24:19,113049,
11:24:20,134860,
11:24:21,143585,
11:24:22,131252,
11:24:23,131504,
11:24:24,143683,
11:24:25,141060,
11:24:26,115545,
11:24:27,55056,
11:24:28,46004,
11:24:29,72308,
11:24:30,128571,
11:24:31,142179,
11:24:32,142908,
11:24:33,115164,
11:24:34,83162,
11:24:35,94846,
11:24:36,89357,
11:24:37,113712,
11:24:38,129626,
11:24:39,100046,
11:24:40,125794,
11:24:41,110421,
11:24:42,100940,
11:24:43,88956,
11:24:44,101065,
11:24:45,116516,
11:24:46,128510,
11:24:47,122514,
11:24:48,51105,
11:24:49,64588,
11:24:50,137346,
11:24:51,121651,
11:24:52,98667,
11:24:53,91737,
11:24:54,98430,
11:24:55,104124,
11:24:56,120906,
11:24:57,133900,
11:24:58,142598,
11:24:59,145361,
11:25:00,143839,
11:25:01,144558,
11:25:02,147237,
11:25:03,141856,
11:25:04,142083,
11:25:05,141300,
11:25:06,146973,
11:25:07,134206,
11:25:08,145674,
11:25:09,142748,
11:25:10,147977,
11:25:11,146906,
11:25:12,140252,
11:25:13,122918,
11:25:14,124675,
11:25:15,126630,
11:25:16,122502,
11:25:17,124281,
11:25:18,118656,
11:25:19,117850,
11:25:20,125671,
11:25:21,139633,
11:25:22,137424,
11:25:23,136651,
11:25:24,128660,
11:25:25,125732,
11:25:26,126498,
11:25:27,123443,
11:25:28,125779,
11:25:29,119911,
11:25:30,108664,
11:25:31,99528,
11:25:32,100354,
11:25:33,101214,
11:25:34,105353,
11:25:35,117768,
11:25:36,108276,
11:25:37,105731,
11:25:38,113725,
11:25:39,122496,
11:25:40,123684,
11:25:41,129298,
11:25:42,129982,
11:25:43,129407,
11:25:44,128717,
11:25:45,129143,
11:25:46,129262,
11:25:47,128473,
11:25:48,124903,
11:25:49,119227,
11:25:50,106194,
11:25:51,109065,
11:25:52,105180,
11:25:53,102493,
11:25:54,103266,
11:25:55,81019,
11:25:56,79345,
11:25:57,78407,
11:25:58,73272,
11:25:59,61321,
11:26:00,58025,
11:26:01,58039,
11:26:02,51277,
11:26:03,49273,
11:26:04,50020,
11:26:05,49420,
11:26:06,49107,
11:26:07,49315,
11:26:08,49552,
11:26:09,49191,
11:26:10,49495,
11:26:11,49232,
11:26:12,49489,
11:26:13,49762,
11:26:14,48625,
11:26:15,47883,
11:26:16,49640,
11:26:17,49749,
11:26:18,49932,
11:26:19,50649,
11:26:20,50895,
11:26:21,51183,
11:26:22,51398,
11:26:23,52091,
11:26:24,51718,
11:26:25,51793,
11:26:26,51783,
11:26:27,50303,
11:26:28,49002,
11:26:29,49566,
11:26:30,50286,
11:26:31,50152,
11:26:32,50399,
11:26:33,50592,
11:26:34,50489,
11:26:35,51164,
11:26:36,51294,
11:26:37,51363,
11:26:38,50381,
11:26:39,50312,
11:26:40,50145,
11:26:41,49849,
11:26:42,50269,
11:26:43,50366,
11:26:44,49621,
11:26:45,50035,
11:26:46,50908,
11:26:47,50568,
11:26:48,50695,
11:26:49,50266,
11:26:50,49930,
11:26:51,50091,
11:26:52,49485,
11:26:53,50393,
11:26:54,51031,
11:26:55,52178,
11:26:56,52313,
11:26:57,53378,
11:26:58,52992,
11:26:59,52218,
11:27:00,49788,
11:27:01,48819,
11:27:02,48905,
11:27:03,49440,
11:27:04,49640,
11:27:05,49845,
11:27:06,48832,
11:27:07,47679,
11:27:08,47920,
11:27:09,48238,
11:27:10,49827,
11:27:11,49724,
11:27:12,49925,
11:27:13,52101,
11:27:14,52101,
11:27:15,51556,
11:27:16,51648,
11:27:17,51559,
11:27:18,52679,
11:27:19,52164,
11:27:20,51576,
11:27:21,51176,
11:27:22,50951,
11:27:23,51728,
11:27:24,51285,
11:27:25,48854,
11:27:26,49861,
11:27:27,49534,
11:27:28,49842,
11:27:29,48820,
11:27:30,48493,
11:27:31,49658,
11:27:32,49981,
11:27:33,49799,
11:27:34,48957,
11:27:35,47299,
11:27:36,50148,
11:27:37,50319,
11:27:38,47716,
11:27:39,49622,
11:27:40,48859,
11:27:41,49037,
11:27:42,48753,
11:27:43,48493,
11:27:44,48877,
11:27:45,48406,
11:27:46,48391,
11:27:47,48392,
11:27:48,49363,
11:27:49,49961,
11:27:50,49694,
11:27:51,50397,
11:27:52,52163,
11:27:53,52113,
11:27:54,52782,
11:27:55,52795,
11:27:56,52778,
11:27:57,51417,
11:27:58,51978,
11:27:59,51978,
11:28:00,52307,
11:28:01,51995,
11:28:02,51912,
11:28:03,52045,
11:28:04,52204,
11:28:05,52041,
11:28:06,52061,
11:28:07,52043,
11:28:08,52053,
11:28:09,52955,
11:28:10,53042,
11:28:11,53534,
11:28:12,53530,
11:28:13,53950,
11:28:14,53387,
11:28:15,53996,
11:28:16,53275,
11:28:17,52618,
11:28:18,52258,
11:28:19,53476,
11:28:20,57384,
11:28:21,58524,
11:28:22,57512,
11:28:23,56941,
11:28:24,56823,
11:28:25,56628,
11:28:26,56723,
11:28:27,58097,
11:28:28,62925,
11:28:29,63724,
11:28:30,63502,
11:28:31,61795,
11:28:32,58996,
11:28:33,57406,
11:28:34,57891,
11:28:35,58544,
11:28:36,60329,
11:28:37,60042,
11:28:38,60793,
11:28:39,60573,
11:28:40,60857,
11:28:41,60746,
11:28:42,60909,
11:28:43,60531,
11:28:44,60710,
11:28:45,60999,
11:28:46,61320,
11:28:47,61407,
11:28:48,61981,
11:28:49,62006,
11:28:50,62516,
11:28:51,62030,
11:28:52,61509,
11:28:53,61036,
11:28:54,60843,
11:28:55,61174,
11:28:56,60229,
11:28:57,61405,
11:28:58,61764,
11:28:59,61150,
11:29:00,61241,
11:29:01,61237,
11:29:02,61484,
11:29:03,61791,
11:29:04,61182,
11:29:05,64037,
11:29:06,64921,
11:29:07,64158,
11:29:08,87706,
11:29:09,87492,
11:29:10,93798,
11:29:11,86799,
11:29:12,92534,
11:29:13,102171,
11:29:14,104653,
11:29:15,114963,
11:29:16,111024,
11:29:17,107090,
11:29:18,114081,
11:29:19,113820,
11:29:20,119977,
11:29:21,125096,
11:29:22,106401,
11:29:23,96054,
11:29:24,94780,
11:29:25,91213,
11:29:26,93131,
11:29:27,90320,
11:29:28,82969,
11:29:29,80535,
11:29:30,79367,
11:29:31,78063,
11:29:32,79141,
11:29:33,77605,
11:29:34,77165,
11:29:35,78454,
11:29:36,95552,
11:29:37,92447,
11:29:38,73378,
11:29:39,75453,
11:29:40,74475,
11:29:41,72307,
11:29:42,79110,
11:29:43,82262,
11:29:44,83650,
11:29:45,78210,
11:29:46,73002,
11:29:47,67388,
11:29:48,69499,
11:29:49,75895,
11:29:50,80002,
11:29:51,97094,
11:29:52,84629,
11:29:53,83713,
11:29:54,79831,
11:29:55,80098,
11:29:56,83236,
11:29:57,86131,
11:29:58,84205,
11:29:59,73538,
11:30:00,52042,
11:30:01,49561,
11:30:02,54949,
11:30:03,54038,
11:30:04,55550,
11:30:05,51369,
11:30:06,56456,
11:30:07,65139,
11:30:08,55531,
11:30:09,55839,
11:30:10,49466,
11:30:11,46984,
11:30:12,45936,
11:30:13,46190,
11:30:14,45912,
11:30:15,44018,
11:30:16,42748,
11:30:17,43483,
11:30:18,43348,
11:30:19,44122,
11:30:20,45010,
11:30:21,47491,
11:30:22,45783,
11:30:23,43519,
11:30:24,42151,
11:30:25,43980,
11:30:26,43277,
11:30:27,44531,
11:30:28,45192,
11:30:29,46994,
11:30:30,48877,
11:30:31,49796,
11:30:32,50382,
11:30:33,49547,
11:30:34,49097,
11:30:35,50154,
11:30:36,49469,
11:30:37,50868,
11:30:38,50560,
11:30:39,50883,
11:30:40,50435,
11:30:41,50770,
11:30:42,49077,
11:30:43,48172,
11:30:44,47832,
11:30:45,48063,
11:30:46,48039,
11:30:47,48421,
11:30:48,48245,
11:30:49,47197,
11:30:50,48407,
11:30:51,48587,
11:30:52,48185,
11:30:53,49122,
11:30:54,48883,
11:30:55,49060,
11:30:56,48643,
11:30:57,48145,
11:30:58,48038,
11:30:59,48728,
11:31:00,48540,
11:31:01,48614,
11:31:02,48584,
11:31:03,48284,
11:31:04,48262,
11:31:05,62794,
11:31:06,105594,
11:31:07,76593,
11:31:08,55695,
11:31:09,51895,
11:31:10,58718,
11:31:11,66716,
11:31:12,65512,
11:31:13,56911,
11:31:14,56971,
11:31:15,57007,
11:31:16,57758,
11:31:17,57870,
11:31:18,63045,
11:31:19,72684,
11:31:20,75952,
11:31:21,63135,
11:31:22,62520,
11:31:23,62373,
11:31:24,59739,
11:31:25,60823,
11:31:26,61177,
11:31:27,56647,
11:31:28,54338,
11:31:29,53153,
11:31:30,52933,
11:31:31,54920,
11:31:32,56827,
11:31:33,55612,
11:31:34,57415,
11:31:35,57770,
11:31:36,58205,
11:31:37,60641,
11:31:38,61901,
11:31:39,90152,
11:31:40,41817,
11:31:41,63522,
11:31:42,89258,
11:31:43,77039,
11:31:44,68261,
11:31:45,65706,
11:31:46,61374,
11:31:47,60943,
11:31:48,57644,
11:31:49,58021,
11:31:50,55806,
11:31:51,55994,
11:31:52,60976,
11:31:53,62222,
11:31:54,56446,
11:31:55,56931,
11:31:56,57858,
11:31:57,58227,
11:31:58,57961,
11:31:59,56585,
11:32:00,56512,
11:32:01,56109,
11:32:02,57804,
11:32:03,57316,
11:32:04,57362,
11:32:05,56755,
11:32:06,55830,
11:32:07,56790,
11:32:08,57037,
11:32:09,56532,
11:32:10,56722,
11:32:11,56940,
11:32:12,57510,
11:32:13,57133,
11:32:14,57352,
11:32:15,57829,
11:32:16,57501,
11:32:17,57620,
11:32:18,56906,
11:32:19,57386,
11:32:20,56682,
11:32:21,57132,
11:32:22,57536,
11:32:23,57653,
11:32:24,58119,
11:32:25,57883,
11:32:26,58843,
11:32:27,59994,
11:32:28,60732,
11:32:29,60753,
11:32:30,59739,
11:32:31,60260,
11:32:32,59480,
11:32:33,59526,
11:32:34,59669,
11:32:35,58874,
11:32:36,58671,
11:32:37,58456,
11:32:38,58550,
11:32:39,58326,
11:32:40,58794,
11:32:41,57582,
11:32:42,58490,
11:32:43,59967,
11:32:44,58620,
11:32:45,58910,
11:32:46,58763,
11:32:47,59802,
11:32:48,59967,
11:32:49,59949,
11:32:50,60603,
11:32:51,58760,
11:32:52,58749,
11:32:53,60324,
11:32:54,59972,
11:32:55,59780,
11:32:56,59320,
11:32:57,59556,
11:32:58,60686,
11:32:59,60730,
11:33:00,60287,
11:33:01,60581,
11:33:02,59707,
11:33:03,59578,
11:33:04,60363,
11:33:05,60770,
11:33:06,60204,
11:33:07,59168,
11:33:08,57556,
11:33:09,58783,
11:33:10,57853,
11:33:11,56353,
11:33:12,54942,
11:33:13,54846,
11:33:14,54465,
11:33:15,53726,
11:33:16,54483,
11:33:17,53976,
11:33:18,53793,
11:33:19,55539,
11:33:20,54636,
11:33:21,54912,
11:33:22,54939,
11:33:23,55221,
11:33:24,55131,
11:33:25,55980,
11:33:26,55536,
11:33:27,55078,
11:33:28,54377,
11:33:29,53704,
11:33:30,54391,
11:33:31,54094,
11:33:32,54616,
11:33:33,54908,
11:33:34,54765,
11:33:35,54960,
11:33:36,54766,
11:33:37,53344,
11:33:38,53189,
11:33:39,54697,
11:33:40,55026,
11:33:41,53856,
11:33:42,54619,
11:33:43,55127,
11:33:44,54430,
11:33:45,53244,
11:33:46,52484,
11:33:47,53025,
11:33:48,52363,
11:33:49,53371,
11:33:50,53730,
11:33:51,53536,
11:33:52,54040,
11:33:53,53257,
11:33:54,52808,
11:33:55,52469,
11:33:56,53844,
11:33:57,53753,
11:33:58,53537,
11:33:59,53212,
11:34:00,53934,
11:34:01,52560,
11:34:02,49244,
11:34:03,50422,
11:34:04,50253,
11:34:05,50024,
11:34:06,48537,
11:34:07,48398,
11:34:08,49207,
11:34:09,48622,
11:34:10,47618,
11:34:11,43917,
11:34:12,44564,
11:34:13,44617,
11:34:14,44058,
11:34:15,43742,
11:34:16,46101,
11:34:17,46878,
11:34:18,47236,
11:34:19,47217,
11:34:20,46063,
11:34:21,42183,
11:34:22,41853,
11:34:23,41364,
11:34:24,40159,
11:34:25,38029,
11:34:26,38560,
11:34:27,36661,
11:34:28,35341,
11:34:29,35778,
11:34:30,37667,
11:34:31,38075,
11:34:32,37059,
11:34:33,36606,
11:34:34,36972,
11:34:35,36864,
11:34:36,36561,
11:34:37,37658,
11:34:38,37290,
11:34:39,36573,
11:34:40,35532,
11:34:41,35035,
11:34:42,34428,
11:34:43,33629,
11:34:44,33515,
11:34:45,34485,
11:34:46,35381,
11:34:47,36256,
11:34:48,35337,
11:34:49,35402,
11:34:50,35013,
11:34:51,34365,
11:34:52,34797,
11:34:53,35394,
11:34:54,36542,
11:34:55,36707,
11:34:56,37715,
11:34:57,38076,
11:34:58,37872,
11:34:59,38785,
11:35:00,38992,
11:35:01,38791,
11:35:02,38797,
11:35:03,40587,
11:35:04,39941,
11:35:05,40226,
11:35:06,39840,
11:35:07,40898,
11:35:08,41052,
11:35:09,41611,
11:35:10,41873,
11:35:11,42439,
11:35:12,42266,
11:35:13,39857,
11:35:14,37649,
11:35:15,36952,
11:35:16,37955,
11:35:17,38533,
11:35:18,37621,
11:35:19,37246,
11:35:20,37330,
11:35:21,39111,
11:35:22,40295,
11:35:23,39587,
11:35:24,37549,
11:35:25,37858,
11:35:26,37137,
11:35:27,38238,
11:35:28,38529,
11:35:29,39385,
11:35:30,40650,
11:35:31,41823,
11:35:32,43735,
11:35:33,46059,
11:35:34,46967,
11:35:35,42395,
11:35:36,43297,
11:35:37,44072,
11:35:38,41537,
11:35:39,40056,
11:35:40,38381,
11:35:41,38397,
11:35:42,38017,
11:35:43,42259,
11:35:44,49412,
11:35:45,51905,
11:35:46,51678,
11:35:47,56262,
11:35:48,61633,
11:35:49,41729,
11:35:50,37079,
11:35:51,39341,
11:35:52,35742,
11:35:53,35359,
11:35:54,35397,
11:35:55,35384,
11:35:56,34494,
11:35:57,32698,
11:35:58,33002,
11:35:59,34243,
11:36:00,33006,
11:36:01,30644,
11:36:02,28854,
11:36:03,28487,
11:36:04,28226,
11:36:05,28986,
11:36:06,28728,
11:36:07,29014,
11:36:08,28918,
11:36:09,28017,
11:36:10,27686,
11:36:11,28114,
11:36:12,27215,
11:36:13,26153,
11:36:14,25600,
11:36:15,25106,
11:36:16,25031,
11:36:17,25920,
11:36:18,27090,
11:36:19,28111,
11:36:20,34031,
11:36:21,33902,
11:36:22,108040,
11:36:23,97873,
11:36:24,96914,
11:36:25,68314,
11:36:26,60299,
11:36:27,57447,
11:36:28,45183,
11:36:29,40440,
11:36:30,34978,
11:36:31,31565,
11:36:32,30865,
11:36:33,30958,
11:36:34,31894,
11:36:35,32005,
11:36:36,32058,
11:36:37,31520,
11:36:38,31596,
11:36:39,31867,
11:36:40,32847,
11:36:41,94379,
11:36:42,64181,
11:36:43,67945,
11:36:44,87254,
11:36:45,106890,
11:36:46,51956,
11:36:47,87005,
11:36:48,93078,
11:36:49,53316,
11:36:50,38022,
11:36:51,35832,
11:36:52,36412,
11:36:53,32744,
11:36:54,31952,
11:36:55,32237,
11:36:56,32630,
11:36:57,32583,
11:36:58,32382,
11:36:59,32676,
11:37:00,32495,
11:37:01,34886,
11:37:02,33899,
11:37:03,31930,
11:37:04,32111,
11:37:05,32044,
11:37:06,32102,
11:37:07,32208,
11:37:08,32212,
11:37:09,32893,
11:37:10,35272,
11:37:11,38205,
11:37:12,37666,
11:37:13,39338,
11:37:14,40855,
11:37:15,42941,
11:37:16,43845,
11:37:17,48348,
11:37:18,45507,
11:37:19,34410,
11:37:20,33335,
11:37:21,33553,
11:37:22,34190,
11:37:23,33033,
11:37:24,31592,
11:37:25,33477,
11:37:26,33063,
11:37:27,33345,
11:37:28,33182,
11:37:29,33599,
11:37:30,33874,
11:37:31,34023,
11:37:32,34921,
11:37:33,35486,
11:37:34,40752,
11:37:35,37022,
11:37:36,35458,
11:37:37,35024,
11:37:38,36256,
11:37:39,35198,
11:37:40,35069,
11:37:41,35458,
11:37:42,35742,
11:37:43,35617,
11:37:44,35594,
11:37:45,35266,
11:37:46,35399,
11:37:47,35536,
11:37:48,34979,
11:37:49,35334,
11:37:50,35258,
11:37:51,35611,
11:37:52,35430,
11:37:53,35776,
11:37:54,35926,
11:37:55,36849,
11:37:56,37687,
11:37:57,42982,
11:37:58,72872,
11:37:59,75727,
11:38:00,67233,
11:38:01,68614,
11:38:02,61935,
11:38:03,46558,
11:38:04,45063,
11:38:05,40602,
11:38:06,39601,
11:38:07,40188,
11:38:08,40035,
11:38:09,39503,
11:38:10,38901,
11:38:11,38488,
11:38:12,38340,
11:38:13,37676,
11:38:14,37615,
11:38:15,37931,
11:38:16,38625,
11:38:17,38328,
11:38:18,38682,
11:38:19,38534,
11:38:20,38112,
11:38:21,37026,
11:38:22,37075,
11:38:23,36298,
11:38:24,35415,
11:38:25,35224,
11:38:26,35587,
11:38:27,35794,
11:38:28,36052,
11:38:29,36983,
11:38:30,37185,
11:38:31,37594,
11:38:32,37868,
11:38:33,38653,
11:38:34,41100,
11:38:35,41008,
11:38:36,41445,
11:38:37,41214,
11:38:38,40301,
11:38:39,43458,
11:38:40,43785,
11:38:41,45122,
11:38:42,42214,
11:38:43,42176,
11:38:44,42137,
11:38:45,41119,
11:38:46,40682,
11:38:47,40338,
11:38:48,40341,
11:38:49,40504,
11:38:50,40286,
11:38:51,40050,
11:38:52,39087,
11:38:53,39915,
11:38:54,41615,
11:38:55,42531,
11:38:56,42581,
11:38:57,43428,
11:38:58,42154,
11:38:59,42940,
11:39:00,48452,
11:39:01,55078,
11:39:02,48928,
11:39:03,45798,
11:39:04,46513,
11:39:05,47258,
11:39:06,45886,
11:39:07,43819,
11:39:08,42819,
11:39:09,43201,
11:39:10,42098,
11:39:11,40838,
11:39:12,39939,
11:39:13,40032,
11:39:14,51679,
11:39:15,57914,
11:39:16,54127,
11:39:17,52838,
11:39:18,56594,
11:39:19,57400,
11:39:20,53873,
11:39:21,47999,
11:39:22,47338,
11:39:23,42470,
11:39:24,39130,
11:39:25,40088,
11:39:26,40659,
11:39:27,42860,
11:39:28,42566,
11:39:29,42735,
11:39:30,43236,
11:39:31,47038,
11:39:32,48810,
11:39:33,44842,
11:39:34,40953,
11:39:35,38839,
11:39:36,39637,
11:39:37,40254,
11:39:38,39181,
11:39:39,38293,
11:39:40,38148,
11:39:41,40543,
11:39:42,41431,
11:39:43,40407,
11:39:44,40366,
11:39:45,41217,
11:39:46,40821,
11:39:47,40776,
11:39:48,41612,
11:39:49,41148,
11:39:50,40899,
11:39:51,41107,
11:39:52,40930,
11:39:53,40795,
11:39:54,40942,
11:39:55,40858,
11:39:56,40841,
11:39:57,41237,
11:39:58,40766,
11:39:59,40331,
11:40:00,40500,
11:40:01,40698,
11:40:02,40663,
11:40:03,40535,
11:40:04,40804,
11:40:05,41647,
11:40:06,41793,
11:40:07,41450,
11:40:08,41904,
11:40:09,41563,
11:40:10,41854,
11:40:11,41733,
11:40:12,41404,
11:40:13,40576,
11:40:14,40256,
11:40:15,40802,
11:40:16,40736,
11:40:17,41418,
11:40:18,41191,
11:40:19,40947,
11:40:20,41285,
11:40:21,41059,
11:40:22,41088,
11:40:23,41064,
11:40:24,40804,
11:40:25,40482,
11:40:26,40530,
11:40:27,39349,
11:40:28,38627,
11:40:29,39324,
11:40:30,39069,
11:40:31,39385,
11:40:32,39165,
11:40:33,38973,
11:40:34,38184,
11:40:35,37382,
11:40:36,36833,
11:40:37,36442,
11:40:38,36651,
11:40:39,37959,
11:40:40,38515,
11:40:41,37825,
11:40:42,38600,
11:40:43,38614,
11:40:44,38626,
11:40:45,38981,
11:40:46,38929,
11:40:47,38001,
11:40:48,37290,
11:40:49,37299,
11:40:50,37396,
11:40:51,38168,
11:40:52,38226,
11:40:53,38026,
11:40:54,38278,
11:40:55,39413,
11:40:56,39985,
11:40:57,40040,
11:40:58,40435,
11:40:59,40095,
11:41:00,40301,
11:41:01,40514,
11:41:02,40578,
11:41:03,40263,
11:41:04,40677,
11:41:05,41328,
11:41:06,40888,
11:41:07,41969,
11:41:08,42609,
11:41:09,42109,
11:41:10,42708,
11:41:11,43320,
11:41:12,43684,
11:41:13,44115,
11:41:14,43319,
11:41:15,43412,
11:41:16,43420,
11:41:17,42630,
11:41:18,42251,
11:41:19,41503,
11:41:20,40833,
11:41:21,40266,
11:41:22,39771,
11:41:23,40283,
11:41:24,40172,
11:41:25,40583,
11:41:26,39223,
11:41:27,39129,
11:41:28,38868,
11:41:29,38369,
11:41:30,39006,
11:41:31,39234,
11:41:32,38976,
11:41:33,39099,
11:41:34,39385,
11:41:35,39173,
11:41:36,39465,
11:41:37,40066,
11:41:38,39907,
11:41:39,39918,
11:41:40,39667,
11:41:41,39835,
11:41:42,40160,
11:41:43,40052,
11:41:44,40361,
11:41:45,40150,
11:41:46,40559,
11:41:47,41083,
11:41:48,41114,
11:41:49,41137,
11:41:50,40764,
11:41:51,40997,
11:41:52,40939,
11:41:53,40799,
11:41:54,41079,
11:41:55,40797,
11:41:56,41450,
11:41:57,41134,
11:41:58,41225,
11:41:59,41540,
11:42:00,42064,
11:42:01,42440,
11:42:02,43266,
11:42:03,44272,
11:42:04,44285,
11:42:05,44288,
11:42:06,44093,
11:42:07,43675,
11:42:08,42695,
11:42:09,42266,
11:42:10,42087,
11:42:11,42348,
11:42:12,41520,
11:42:13,41430,
11:42:14,41571,
11:42:15,39659,
11:42:16,39935,
11:42:17,38833,
11:42:18,39009,
11:42:19,39723,
11:42:20,39763,
11:42:21,39548,
11:42:22,40273,
11:42:23,40795,
11:42:24,41215,
11:42:25,41503,
11:42:26,40662,
11:42:27,41661,
11:42:28,41937,
11:42:29,41469,
11:42:30,41832,
11:42:31,41792,
11:42:32,41706,
11:42:33,41672,
11:42:34,41580,
11:42:35,41315,
11:42:36,41485,
11:42:37,41940,
11:42:38,42315,
11:42:39,42139,
11:42:40,42695,
11:42:41,43284,
11:42:42,43984,
11:42:43,43979,
11:42:44,44289,
11:42:45,44062,
11:42:46,43767,
11:42:47,43496,
11:42:48,43960,
11:42:49,43730,
11:42:50,44828,
11:42:51,44899,
11:42:52,44855,
11:42:53,44695,
11:42:54,44915,
11:42:55,45054,
11:42:56,44981,
11:42:57,45142,
11:42:58,45116,
11:42:59,45027,
11:43:00,45404,
11:43:01,45559,
11:43:02,45539,
11:43:03,45960,
11:43:04,46114,
11:43:05,46044,
11:43:06,46320,
11:43:07,46628,
11:43:08,46585,
11:43:09,46650,
11:43:10,45386,
11:43:11,45049,
11:43:12,45346,
11:43:13,45521,
11:43:14,46322,
11:43:15,46339,
11:43:16,45848,
11:43:17,44658,
11:43:18,44616,
11:43:19,42425,
11:43:20,42103,
11:43:21,42205,
11:43:22,41490,
11:43:23,40433,
11:43:24,39608,
11:43:25,39083,
11:43:26,37134,
11:43:27,37367,
11:43:28,37373,
11:43:29,37748,
11:43:30,38781,
11:43:31,38732,
11:43:32,38412,
11:43:33,39129,
11:43:34,39340,
11:43:35,38514,
11:43:36,38774,
11:43:37,38603,
11:43:38,38290,
11:43:39,37880,
11:43:40,37524,
11:43:41,37343,
11:43:42,37546,
11:43:43,37602,
11:43:44,38068,
11:43:45,37690,
11:43:46,38089,
11:43:47,37373,
11:43:48,35628,
11:43:49,35007,
11:43:50,34039,
11:43:51,33739,
11:43:52,33683,
11:43:53,33920,
11:43:54,34137,
11:43:55,34534,
11:43:56,34829,
11:43:57,35340,
11:43:58,35473,
11:43:59,36088,
11:44:00,36598,
11:44:01,37073,
11:44:02,37222,
11:44:03,37153,
11:44:04,37822,
11:44:05,38522,
11:44:06,37847,
11:44:07,38081,
11:44:08,38093,
11:44:09,38108,
11:44:10,38206,
11:44:11,38333,
11:44:12,38726,
11:44:13,38331,
11:44:14,39040,
11:44:15,38939,
11:44:16,39445,
11:44:17,39054,
11:44:18,38804,
11:44:19,38125,
11:44:20,38323,
11:44:21,38376,
11:44:22,38704,
11:44:23,39100,
11:44:24,39572,
11:44:25,40959,
11:44:26,41953,
11:44:27,41675,
11:44:28,41666,
11:44:29,40972,
11:44:30,41171,
11:44:31,41223,
11:44:32,40693,
11:44:33,41249,
11:44:34,40811,
11:44:35,40853,
11:44:36,40889,
11:44:37,40353,
11:44:38,40720,
11:44:39,40724,
11:44:40,39773,
11:44:41,39744,
11:44:42,40336,
11:44:43,40176,
11:44:44,40479,
11:44:45,40694,
11:44:46,40678,
11:44:47,40722,
11:44:48,40780,
11:44:49,40818,
11:44:50,41491,
11:44:51,41321,
11:44:52,41153,
11:44:53,40974,
11:44:54,40796,
11:44:55,40099,
11:44:56,38772,
11:44:57,38142,
11:44:58,37912,
11:44:59,37785,
11:45:00,37606,
11:45:01,35949,
11:45:02,35734,
11:45:03,37169,
11:45:04,37136,
11:45:05,38085,
11:45:06,38061,
11:45:07,39235,
11:45:08,39686,
11:45:09,39930,
11:45:10,41064,
11:45:11,40165,
11:45:12,39830,
11:45:13,40380,
11:45:14,40965,
11:45:15,40300,
11:45:16,39262,
11:45:17,37798,
11:45:18,36096,
11:45:19,36255,
11:45:20,34948,
11:45:21,35403,
11:45:22,35601,
11:45:23,35642,
11:45:24,35460,
11:45:25,35745,
11:45:26,35183,
11:45:27,35028,
11:45:28,34495,
11:45:29,34483,
11:45:30,34205,
11:45:31,34041,
11:45:32,33948,
11:45:33,33935,
11:45:34,34316,
11:45:35,34657,
11:45:36,34705,
11:45:37,34424,
11:45:38,34686,
11:45:39,34900,
11:45:40,35104,
11:45:41,35689,
11:45:42,35573,
11:45:43,36016,
11:45:44,36327,
11:45:45,36385,
11:45:46,35983,
11:45:47,36239,
11:45:48,36309,
11:45:49,36032,
11:45:50,37917,
11:45:51,39365,
11:45:52,39946,
11:45:53,40341,
11:45:54,40276,
11:45:55,39985,
11:45:56,40184,
11:45:57,40014,
11:45:58,39991,
11:45:59,39109,
11:46:00,40091,
11:46:01,40235,
11:46:02,41749,
11:46:03,42402,
11:46:04,42386,
11:46:05,42804,
11:46:06,42458,
11:46:07,41696,
11:46:08,41791,
11:46:09,40920,
11:46:10,39898,
11:46:11,39534,
11:46:12,39142,
11:46:13,38688,
11:46:14,35864,
11:46:15,35062,
11:46:16,35033,
11:46:17,37082,
11:46:18,36370,
11:46:19,36157,
11:46:20,36442,
11:46:21,36160,
11:46:22,36601,
11:46:23,36530,
11:46:24,36768,
11:46:25,37372,
11:46:26,38445,
11:46:27,38386,
11:46:28,37558,
11:46:29,37188,
11:46:30,36861,
11:46:31,36963,
11:46:32,36589,
11:46:33,36823,
11:46:34,37005,
11:46:35,37412,
11:46:36,37109,
11:46:37,37378,
11:46:38,37072,
11:46:39,36342,
11:46:40,36626,
11:46:41,36341,
11:46:42,36319,
11:46:43,37352,
11:46:44,37815,
11:46:45,37844,
11:46:46,37624,
11:46:47,37174,
11:46:48,37379,
11:46:49,37085,
11:46:50,35515,
11:46:51,35035,
11:46:52,34948,
11:46:53,35660,
11:46:54,36011,
11:46:55,35538,
11:46:56,35637,
11:46:57,35448,
11:46:58,35562,
11:46:59,35292,
11:47:00,35659,
11:47:01,36143,
11:47:02,36620,
11:47:03,36470,
11:47:04,35883,
11:47:05,35744,
11:47:06,35010,
11:47:07,32736,
11:47:08,32696,
11:47:09,34195,
11:47:10,34810,
11:47:11,34605,
11:47:12,34897,
11:47:13,34983,
11:47:14,34485,
11:47:15,33812,
11:47:16,33794,
11:47:17,33867,
11:47:18,33247,
11:47:19,32592,
11:47:20,32993,
11:47:21,32926,
11:47:22,33502,
11:47:23,33879,
11:47:24,33636,
11:47:25,32362,
11:47:26,30657,
11:47:27,30075,
11:47:28,29661,
11:47:29,29185,
11:47:30,28785,
11:47:31,28022,
11:47:32,27499,
11:47:33,27271,
11:47:34,27471,
11:47:35,27574,
11:47:36,28104,
11:47:37,27574,
11:47:38,27464,
11:47:39,27133,
11:47:40,27410,
11:47:41,28313,
11:47:42,28079,
11:47:43,27087,
11:47:44,26926,
11:47:45,26994,
11:47:46,28123,
11:47:47,28330,
11:47:48,28866,
11:47:49,29352,
11:47:50,28373,
11:47:51,25700,
11:47:52,25176,
11:47:53,25030,
11:47:54,25324,
11:47:55,25073,
11:47:56,25612,
11:47:57,25959,
11:47:58,26239,
11:47:59,26078,
11:48:00,26033,
11:48:01,27111,
11:48:02,28075,
11:48:03,28118,
11:48:04,28010,
11:48:05,28297,
11:48:06,28364,
11:48:07,28476,
11:48:08,28614,
11:48:09,28829,
11:48:10,29316,
11:48:11,30657,
11:48:12,30341,
11:48:13,30326,
11:48:14,29902,
11:48:15,30326,
11:48:16,30447,
11:48:17,29952,
11:48:18,29944,
11:48:19,30765,
11:48:20,30696,
11:48:21,30747,
11:48:22,30803,
11:48:23,30741,
11:48:24,31255,
11:48:25,31255,
11:48:26,30795,
11:48:27,31554,
11:48:28,31381,
11:48:29,31195,
11:48:30,31390,
11:48:31,32087,
11:48:32,31721,
11:48:33,31477,
11:48:34,31800,
11:48:35,31341,
11:48:36,31203,
11:48:37,31099,
11:48:38,31063,
11:48:39,31140,
11:48:40,31459,
11:48:41,31181,
11:48:42,32390,
11:48:43,32753,
11:48:44,32371,
11:48:45,32215,
11:48:46,32497,
11:48:47,32819,
11:48:48,32396,
11:48:49,32201,
11:48:50,31903,
11:48:51,31896,
11:48:52,32297,
11:48:53,32698,
11:48:54,32615,
11:48:55,33273,
11:48:56,33053,
11:48:57,33594,
11:48:58,33771,
11:48:59,33724,
11:49:00,34177,
11:49:01,34149,
11:49:02,34072,
11:49:03,34423,
11:49:04,34289,
11:49:05,33898,
11:49:06,33742,
11:49:07,34008,
11:49:08,34192,
11:49:09,34389,
11:49:10,34246,
11:49:11,33934,
11:49:12,34331,
11:49:13,34260,
11:49:14,34356,
11:49:15,34031,
11:49:16,34030,
11:49:17,34165,
11:49:18,34602,
11:49:19,34510,
11:49:20,35203,
11:49:21,34969,
11:49:22,35188,
11:49:23,34985,
11:49:24,34811,
11:49:25,36245,
11:49:26,36714,
11:49:27,36646,
11:49:28,36194,
11:49:29,36455,
11:49:30,37410,
11:49:31,38270,
11:49:32,38244,
11:49:33,38392,
11:49:34,38721,
11:49:35,39426,
11:49:36,37843,
11:49:37,37479,
11:49:38,37045,
11:49:39,36026,
11:49:40,36317,
11:49:41,35054,
11:49:42,35162,
11:49:43,35160,
11:49:44,34665,
11:49:45,34720,
11:49:46,34464,
11:49:47,35970,
11:49:48,37207,
11:49:49,37425,
11:49:50,37290,
11:49:51,37691,
11:49:52,37467,
11:49:53,37055,
11:49:54,37451,
11:49:55,37867,
11:49:56,38565,
11:49:57,38380,
11:49:58,38462,
11:49:59,38589,
11:50:00,39331,
11:50:01,40542,
11:50:02,41307,
11:50:03,44112,
11:50:04,43690,
11:50:05,43559,
11:50:06,42414,
11:50:07,39637,
11:50:08,40928,
11:50:09,40840,
11:50:10,41144,
11:50:11,40513,
11:50:12,40759,
11:50:13,40984,
11:50:14,42141,
11:50:15,42035,
11:50:16,41309,
11:50:17,40321,
11:50:18,40077,
11:50:19,39982,
11:50:20,40479,
11:50:21,40055,
11:50:22,39839,
11:50:23,40273,
11:50:24,40055,
11:50:25,39941,
11:50:26,39847,
11:50:27,39766,
11:50:28,40094,
11:50:29,39534,
11:50:30,39197,
11:50:31,39358,
11:50:32,39722,
11:50:33,39343,
11:50:34,39799,
11:50:35,39798,
11:50:36,39804,
11:50:37,40487,
11:50:38,40500,
11:50:39,41448,
11:50:40,41893,
11:50:41,43071,
11:50:42,41368,
11:50:43,41025,
11:50:44,40952,
11:50:45,41897,
11:50:46,41861,
11:50:47,41988,
11:50:48,41583,
11:50:49,41633,
11:50:50,41312,
11:50:51,41597,
11:50:52,41281,
11:50:53,41480,
11:50:54,41558,
11:50:55,41697,
11:50:56,42657,
11:50:57,42971,
11:50:58,42812,
11:50:59,42992,
11:51:00,42401,
11:51:01,42281,
11:51:02,42161,
11:51:03,43147,
11:51:04,42778,
11:51:05,42556,
11:51:06,42218,
11:51:07,42801,
11:51:08,43187,
11:51:09,43756,
11:51:10,44074,
11:51:11,43807,
11:51:12,43196,
11:51:13,44161,
11:51:14,44073,
11:51:15,44699,
11:51:16,44673,
11:51:17,45010,
11:51:18,45019,
11:51:19,44852,
11:51:20,44713,
11:51:21,45325,
11:51:22,45507,
11:51:23,45164,
11:51:24,45420,
11:51:25,45303,
11:51:26,45077,
11:51:27,44836,
11:51:28,44976,
11:51:29,44925,
11:51:30,44680,
11:51:31,44604,
11:51:32,44700,
11:51:33,44423,
11:51:34,44657,
11:51:35,44473,
11:51:36,44929,
11:51:37,45389,
11:51:38,46303,
11:51:39,45231,
11:51:40,45450,
11:51:41,45782,
11:51:42,45341,
11:51:43,45257,
11:51:44,44858,
11:51:45,45457,
11:51:46,45350,
11:51:47,45904,
11:51:48,45596,
11:51:49,46535,
11:51:50,46082,
11:51:51,46548,
11:51:52,46334,
11:51:53,45922,
11:51:54,45514,
11:51:55,45463,
11:51:56,46107,
11:51:57,45592,
11:51:58,45925,
11:51:59,46189,
11:52:00,46764,
11:52:01,45860,
11:52:02,45944,
11:52:03,46884,
11:52:04,45204,
11:52:05,45825,
11:52:06,46318,
11:52:07,46008,
11:52:08,44911,
11:52:09,44874,
11:52:10,45163,
11:52:11,45511,
11:52:12,44420,
11:52:13,43782,
11:52:14,44747,
11:52:15,45048,
11:52:16,44531,
11:52:17,44827,
11:52:18,44340,
11:52:19,44320,
11:52:20,45038,
11:52:21,45230,
11:52:22,44960,
11:52:23,44544,
11:52:24,44200,
11:52:25,44873,
11:52:26,44613,
11:52:27,45383,
11:52:28,45462,
11:52:29,45481,
11:52:30,45425,
11:52:31,45521,
11:52:32,45510,
11:52:33,45188,
11:52:34,45265,
11:52:35,45237,
11:52:36,45574,
11:52:37,45368,
11:52:38,45617,
11:52:39,45697,
11:52:40,45726,
11:52:41,45442,
11:52:42,45266,
11:52:43,45662,
11:52:44,45746,
11:52:45,46096,
11:52:46,44699,
11:52:47,43916,
11:52:48,43937,
11:52:49,43533,
11:52:50,43501,
11:52:51,43439,
11:52:52,42525,
11:52:53,41856,
11:52:54,41420,
11:52:55,41547,
11:52:56,42460,
11:52:57,42448,
11:52:58,42184,
11:52:59,41680,
11:53:00,41574,
11:53:01,41959,
11:53:02,42003,
11:53:03,42366,
11:53:04,42214,
11:53:05,42934,
11:53:06,42752,
11:53:07,44939,
11:53:08,46812,
11:53:09,46896,
11:53:10,45486,
11:53:11,45468,
11:53:12,45889,
11:53:13,45819,
11:53:14,43205,
11:53:15,43759,
11:53:16,44204,
11:53:17,43329,
11:53:18,43278,
11:53:19,43329,
11:53:20,43467,
11:53:21,43724,
11:53:22,44019,
11:53:23,42909,
11:53:24,42205,
11:53:25,42463,
11:53:26,43691,
11:53:27,42322,
11:53:28,38131,
11:53:29,36555,
11:53:30,36992,
11:53:31,37891,
11:53:32,36962,
11:53:33,37780,
11:53:34,36146,
11:53:35,37350,
11:53:36,38029,
11:53:37,37567,
11:53:38,37441,
11:53:39,37202,
11:53:40,36815,
11:53:41,36867,
11:53:42,36363,
11:53:43,35521,
11:53:44,35200,
11:53:45,35392,
11:53:46,35464,
11:53:47,36289,
11:53:48,37552,
11:53:49,37650,
11:53:50,37704,
11:53:51,38043,
11:53:52,38359,
11:53:53,38391,
11:53:54,38554,
11:53:55,38416,
11:53:56,37159,
11:53:57,37016,
11:53:58,37066,
11:53:59,36437,
11:54:00,36796,
11:54:01,37413,
11:54:02,39984,
11:54:03,42993,
11:54:04,43135,
11:54:05,44164,
11:54:06,42891,
11:54:07,42491,
11:54:08,42990,
11:54:09,43098,
11:54:10,42772,
11:54:11,42611,
11:54:12,43199,
11:54:13,43245,
11:54:14,43407,
11:54:15,43150,
11:54:16,42471,
11:54:17,41197,
11:54:18,42643,
11:54:19,44598,
11:54:20,45899,
11:54:21,46442,
11:54:22,47399,
11:54:23,47395,
11:54:24,48298,
11:54:25,48380,
11:54:26,48053,
11:54:27,47987,
11:54:28,47460,
11:54:29,47162,
11:54:30,47066,
11:54:31,49680,
11:54:32,50368,
11:54:33,51019,
11:54:34,50990,
11:54:35,51294,
11:54:36,49775,
11:54:37,51245,
11:54:38,50952,
11:54:39,50237,
11:54:40,51039,
11:54:41,50447,
11:54:42,49833,
11:54:43,50302,
11:54:44,50260,
11:54:45,49553,
11:54:46,50357,
11:54:47,50629,
11:54:48,50066,
11:54:49,50228,
11:54:50,50185,
11:54:51,50187,
11:54:52,49761,
11:54:53,49750,
11:54:54,48883,
11:54:55,48663,
11:54:56,48164,
11:54:57,48395,
11:54:58,48376,
11:54:59,48525,
11:55:00,49265,
11:55:01,49577,
11:55:02,49597,
11:55:03,49297,
11:55:04,49350,
11:55:05,48208,
11:55:06,49321,
11:55:07,48986,
11:55:08,49374,
11:55:09,49026,
11:55:10,48697,
11:55:11,48669,
11:55:12,47735,
11:55:13,48252,
11:55:14,47631,
11:55:15,47629,
11:55:16,47714,
11:55:17,47897,
11:55:18,48263,
11:55:19,48163,
11:55:20,47325,
11:55:21,48028,
11:55:22,48409,
11:55:23,47812,
11:55:24,48408,
11:55:25,47968,
11:55:26,47876,
11:55:27,48000,
11:55:28,48543,
11:55:29,48623,
11:55:30,48615,
11:55:31,48892,
11:55:32,48450,
11:55:33,48297,
11:55:34,48966,
11:55:35,50011,
11:55:36,49644,
11:55:37,48769,
11:55:38,48760,
11:55:39,48739,
11:55:40,48253,
11:55:41,47993,
11:55:42,47870,
11:55:43,48057,
11:55:44,47808,
11:55:45,48519,
11:55:46,48720,
11:55:47,48669,
11:55:48,49577,
11:55:49,49582,
11:55:50,49508,
11:55:51,48843,
11:55:52,47341,
11:55:53,46207,
11:55:54,43657,
11:55:55,41224,
11:55:56,40511,
11:55:57,42239,
11:55:58,42432,
11:55:59,39539,
11:56:00,43316,
11:56:01,43086,
11:56:02,42085,
11:56:03,41236,
11:56:04,39761,
11:56:05,42387,
11:56:06,39204,
11:56:07,37603,
11:56:08,37844,
11:56:09,38208,
11:56:10,41708,
11:56:11,45050,
11:56:12,45114,
11:56:13,41555,
11:56:14,42510,
11:56:15,42029,
11:56:16,39440,
11:56:17,39995,
11:56:18,40855,
11:56:19,40222,
11:56:20,40854,
11:56:21,44005,
11:56:22,43515,
11:56:23,45273,
11:56:24,44571,
11:56:25,44395,
11:56:26,44005,
11:56:27,44292,
11:56:28,44453,
11:56:29,44116,
11:56:30,43902,
11:56:31,44233,
11:56:32,44168,
11:56:33,43557,
11:56:34,44376,
11:56:35,44117,
11:56:36,44106,
11:56:37,44167,
11:56:38,44751,
11:56:39,44824,
11:56:40,45234,
11:56:41,45205,
11:56:42,44760,
11:56:43,45372,
11:56:44,44686,
11:56:45,44762,
11:56:46,45290,
11:56:47,43807,
11:56:48,42082,
11:56:49,42155,
11:56:50,44069,
11:56:51,44200,
11:56:52,44119,
11:56:53,37258,
11:56:54,31945,
11:56:55,31345,
11:56:56,33629,
11:56:57,32368,
11:56:58,31576,
11:56:59,32047,
11:57:00,32385,
11:57:01,34914,
11:57:02,35541,
11:57:03,36278,
11:57:04,36498,
11:57:05,37636,
11:57:06,37612,
11:57:07,37542,
11:57:08,38056,
11:57:09,37866,
11:57:10,38584,
11:57:11,39545,
11:57:12,39075,
11:57:13,38399,
11:57:14,38934,
11:57:15,36891,
11:57:16,34459,
11:57:17,32852,
11:57:18,31533,
11:57:19,31120,
11:57:20,30479,
11:57:21,30042,
11:57:22,29840,
11:57:23,29792,
11:57:24,29972,
11:57:25,29744,
11:57:26,29923,
11:57:27,30132,
11:57:28,31190,
11:57:29,31645,
11:57:30,32872,
11:57:31,32251,
11:57:32,31879,
11:57:33,31864,
11:57:34,31669,
11:57:35,29973,
11:57:36,30030,
11:57:37,29545,
11:57:38,29140,
11:57:39,28206,
11:57:40,28800,
11:57:41,29293,
11:57:42,28852,
11:57:43,28955,
11:57:44,28817,
11:57:45,28417,
11:57:46,27599,
11:57:47,27767,
11:57:48,28476,
11:57:49,29639,
11:57:50,29030,
11:57:51,29580,
11:57:52,29704,
11:57:53,29128,
11:57:54,28795,
11:57:55,28216,
11:57:56,27954,
11:57:57,27854,
11:57:58,27520,
11:57:59,27066,
11:58:00,26690,
11:58:01,27565,
11:58:02,27094,
11:58:03,26201,
11:58:04,26161,
11:58:05,26217,
11:58:06,25860,
11:58:07,26170,
11:58:08,26257,
11:58:09,26045,
11:58:10,26398,
11:58:11,26617,
11:58:12,26609,
11:58:13,26797,
11:58:14,27149,
11:58:15,27061,
11:58:16,27596,
11:58:17,28401,
11:58:18,28252,
11:58:19,28302,
11:58:20,28128,
11:58:21,28014,
11:58:22,27586,
11:58:23,27700,
11:58:24,27905,
11:58:25,28014,
11:58:26,27912,
11:58:27,28412,
11:58:28,28600,
11:58:29,28423,
11:58:30,29103,
11:58:31,28554,
11:58:32,28645,
11:58:33,28146,
11:58:34,28376,
11:58:35,28504,
11:58:36,28668,
11:58:37,28678,
11:58:38,28529,
11:58:39,28902,
11:58:40,29436,
11:58:41,29539,
11:58:42,29452,
11:58:43,29530,
11:58:44,28447,
11:58:45,28289,
11:58:46,28061,
11:58:47,27756,
11:58:48,27095,
11:58:49,27116,
11:58:50,27496,
11:58:51,28110,
11:58:52,29066,
11:58:53,29264,
11:58:54,29446,
11:58:55,28219,
11:58:56,26867,
11:58:57,25049,
11:58:58,24555,
11:58:59,24028,
11:59:00,22656,
11:59:01,21568,
11:59:02,22085,
11:59:03,21420,
11:59:04,20605,
11:59:05,19144,
11:59:06,19405,
11:59:07,20336,
11:59:08,20823,
11:59:09,20238,
11:59:10,20326,
11:59:11,20397,
11:59:12,21374,
11:59:13,22424,
11:59:14,22735,
11:59:15,23696,
11:59:16,22964,
11:59:17,22487,
11:59:18,22013,
11:59:19,22911,
11:59:20,23135,
11:59:21,22485,
11:59:22,22676,
11:59:23,22877,
11:59:24,23255,
11:59:25,23073,
11:59:26,24017,
11:59:27,24311,
11:59:28,24572,
11:59:29,25350,
11:59:30,25230,
11:59:31,25089,
11:59:32,24727,
11:59:33,24698,
11:59:34,23941,
11:59:35,23835,
11:59:36,23942,
11:59:37,24120,
11:59:38,23985,
11:59:39,24780,
11:59:40,25249,
11:59:41,25461,
11:59:42,25682,
11:59:43,25807,
11:59:44,25642,
11:59:45,25750,
11:59:46,24872,
11:59:47,24538,
11:59:48,24758,
11:59:49,24601,
11:59:50,24779,
11:59:51,25236,
11:59:52,24755,
11:59:53,24250,
11:59:54,24280,
11:59:55,23689,
11:59:56,23452,
11:59:57,22755,
11:59:58,22607,
11:59:59,23494,
12:00:00,23877,
12:00:01,24503,
12:00:02,24292,
12:00:03,24473,
12:00:04,24397,
12:00:05,24020,
12:00:06,23664,
12:00:07,23486,
12:00:08,23737,
12:00:09,24490,
12:00:10,24566,
12:00:11,24251,
12:00:12,24236,
12:00:13,23735,
12:00:14,23465,
12:00:15,23741,
12:00:16,24191,
12:00:17,25830,
12:00:18,25983,
12:00:19,26035,
12:00:20,27079,
12:00:21,27228,
12:00:22,27181,
12:00:23,26673,
12:00:24,25695,
12:00:25,23959,
12:00:26,26386,
12:00:27,26721,
12:00:28,27034,
12:00:29,26789,
12:00:30,25940,
12:00:31,25273,
12:00:32,23710,
12:00:33,21842,
12:00:34,21633,
12:00:35,22970,
12:00:36,23778,
12:00:37,24377,
12:00:38,24538,
12:00:39,23235,
12:00:40,23198,
12:00:41,23849,
12:00:42,24140,
12:00:43,23846,
12:00:44,23753,
12:00:45,23729,
12:00:46,24144,
12:00:47,24346,
12:00:48,25108,
12:00:49,24941,
12:00:50,24365,
12:00:51,23183,
12:00:52,21572,
12:00:53,21617,
12:00:54,22031,
12:00:55,19847,
12:00:56,16482,
12:00:57,15695,
12:00:58,17846,
12:00:59,18447,
12:01:00,19131,
12:01:01,19586,
12:01:02,20941,
12:01:03,21385,
12:01:04,21418,
12:01:05,22111,
12:01:06,21769,
12:01:07,21896,
12:01:08,22293,
12:01:09,22066,
12:01:10,22032,
12:01:11,21914,
12:01:12,21774,
12:01:13,21799,
12:01:14,22251,
12:01:15,22123,
12:01:16,22105,
12:01:17,21714,
12:01:18,21915,
12:01:19,22219,
12:01:20,22069,
12:01:21,22859,
12:01:22,22790,
12:01:23,23316,
12:01:24,23723,
12:01:25,21477,
12:01:26,22789,
12:01:27,23597,
12:01:28,23725,
12:01:29,23770,
12:01:30,24562,
12:01:31,24843,
12:01:32,25161,
12:01:33,24523,
12:01:34,25007,
12:01:35,25126,
12:01:36,24944,
12:01:37,25525,
12:01:38,26166,
12:01:39,26381,
12:01:40,25621,
12:01:41,26202,
12:01:42,26979,
12:01:43,27311,
12:01:44,27824,
12:01:45,28139,
12:01:46,27957,
12:01:47,27370,
12:01:48,27432,
12:01:49,27723,
12:01:50,27301,
12:01:51,27340,
12:01:52,24198,
12:01:53,21751,
12:01:54,21453,
12:01:55,21420,
12:01:56,21743,
12:01:57,21953,
12:01:58,22145,
12:01:59,22404,
12:02:00,22684,
12:02:01,23192,
12:02:02,23540,
12:02:03,23363,
12:02:04,22178,
12:02:05,22171,
12:02:06,22063,
12:02:07,21325,
12:02:08,22799,
12:02:09,21007,
12:02:10,21387,
12:02:11,22054,
12:02:12,22294,
12:02:13,20405,
12:02:14,19843,
12:02:15,18597,
12:02:16,17940,
12:02:17,16519,
12:02:18,16998,
12:02:19,18043,
12:02:20,18359,
12:02:21,17992,
12:02:22,16101,
12:02:23,14136,
12:02:24,14500,
12:02:25,15718,
12:02:26,15416,
12:02:27,15412,
12:02:28,15134,
12:02:29,13874,
12:02:30,14275,
12:02:31,14967,
12:02:32,15083,
12:02:33,14316,
12:02:34,13938,
12:02:35,13415,
12:02:36,14538,
12:02:37,16065,
12:02:38,13917,
12:02:39,12512,
12:02:40,12047,
12:02:41,11750,
12:02:42,12986,
12:02:43,14319,
12:02:44,14924,
12:02:45,14909,
12:02:46,14971,
12:02:47,14731,
12:02:48,14832,
12:02:49,14918,
12:02:50,14783,
12:02:51,14896,
12:02:52,14996,
12:02:53,15079,
12:02:54,15170,
12:02:55,15095,
12:02:56,15086,
12:02:57,15003,
12:02:58,14988,
12:02:59,14748,
12:03:00,14372,
12:03:01,14292,
12:03:02,15118,
12:03:03,16083,
12:03:04,16451,
12:03:05,16205,
12:03:06,16034,
12:03:07,16533,
12:03:08,16071,
12:03:09,16418,
12:03:10,17403,
12:03:11,16816,
12:03:12,16196,
12:03:13,16442,
12:03:14,16347,
12:03:15,16174,
12:03:16,17043,
12:03:17,16988,
12:03:18,15877,
12:03:19,16439,
12:03:20,15707,
12:03:21,14207,
12:03:22,13983,
12:03:23,13801,
12:03:24,13881,
12:03:25,13878,
12:03:26,13945,
12:03:27,13246,
12:03:28,13080,
12:03:29,13010,
12:03:30,12626,
12:03:31,13607,
12:03:32,14952,
12:03:33,17018,
12:03:34,17573,
12:03:35,17464,
12:03:36,18019,
12:03:37,17992,
12:03:38,18050,
12:03:39,18228,
12:03:40,19541,
12:03:41,19123,
12:03:42,18507,
12:03:43,18589,
12:03:44,18554,
12:03:45,18416,
12:03:46,18432,
12:03:47,18598,
12:03:48,18491,
12:03:49,18275,
12:03:50,18325,
12:03:51,18224,
12:03:52,17783,
12:03:53,17757,
12:03:54,18067,
12:03:55,17570,
12:03:56,14938,
12:03:57,15919,
12:03:58,17210,
12:03:59,15710,
12:04:00,15073,
12:04:01,14371,
12:04:02,14078,
12:04:03,13906,
12:04:04,13308,
12:04:05,12919,
12:04:06,13003,
12:04:07,13254,
12:04:08,13451,
12:04:09,13277,
12:04:10,13259,
12:04:11,13771,
12:04:12,13725,
12:04:13,13107,
12:04:14,13746,
12:04:15,13988,
12:04:16,14264,
12:04:17,14336,
12:04:18,15752,
12:04:19,15209,
12:04:20,14728,
12:04:21,17348,
12:04:22,16416,
12:04:23,16201,
12:04:24,16143,
12:04:25,16003,
12:04:26,16369,
12:04:27,17549,
12:04:28,18124,
12:04:29,16628,
12:04:30,17530,
12:04:31,17046,
12:04:32,18176,
12:04:33,18158,
12:04:34,18885,
12:04:35,19112,
12:04:36,19266,
12:04:37,18641,
12:04:38,18036,
12:04:39,17805,
12:04:40,19008,
12:04:41,19321,
12:04:42,22838,
12:04:43,24682,
12:04:44,22897,
12:04:45,24055,
12:04:46,23811,
12:04:47,23012,
12:04:48,23422,
12:04:49,23363,
12:04:50,23261,
12:04:51,22169,
12:04:52,22512,
12:04:53,23083,
12:04:54,22901,
12:04:55,22508,
12:04:56,21683,
12:04:57,20667,
12:04:58,18523,
12:04:59,17481,
12:05:00,17616,
12:05:01,17772,
12:05:02,16949,
12:05:03,15698,
12:05:04,15828,
12:05:05,15928,
12:05:06,16466,
12:05:07,17596,
12:05:08,17535,
12:05:09,18190,
12:05:10,18826,
12:05:11,18652,
12:05:12,19495,
12:05:13,20025,
12:05:14,19971,
12:05:15,20237,
12:05:16,19488,
12:05:17,19294,
12:05:18,19390,
12:05:19,19225,
12:05:20,19510,
12:05:21,20041,
12:05:22,19396,
12:05:23,19526,
12:05:24,20748,
12:05:25,23670,
12:05:26,22876,
12:05:27,20798,
12:05:28,19296,
12:05:29,19918,
12:05:30,21085,
12:05:31,21157,
12:05:32,21481,
12:05:33,20917,
12:05:34,22346,
12:05:35,24867,
12:05:36,24661,
12:05:37,23227,
12:05:38,23430,
12:05:39,27516,
12:05:40,35880,
12:05:41,28634,
12:05:42,23103,
12:05:43,22694,
12:05:44,24721,
12:05:45,24850,
12:05:46,24016,
12:05:47,24321,
12:05:48,25559,
12:05:49,26317,
12:05:50,25879,
12:05:51,23375,
12:05:52,23612,
12:05:53,23511,
12:05:54,23156,
12:05:55,25127,
12:05:56,28436,
12:05:57,38989,
12:05:58,34790,
12:05:59,36530,
12:06:00,35808,
12:06:01,31246,
12:06:02,31413,
12:06:03,34138,
12:06:04,29769,
12:06:05,28232,
12:06:06,27202,
12:06:07,24822,
12:06:08,24116,
12:06:09,24216,
12:06:10,24547,
12:06:11,24712,
12:06:12,24448,
12:06:13,24566,
12:06:14,24487,
12:06:15,24687,
12:06:16,24766,
12:06:17,24742,
12:06:18,24594,
12:06:19,25174,
12:06:20,24653,
12:06:21,24686,
12:06:22,26392,
12:06:23,27468,
12:06:24,27682,
12:06:25,27648,
12:06:26,27611,
12:06:27,25938,
12:06:28,25085,
12:06:29,25113,
12:06:30,23238,
12:06:31,23220,
12:06:32,23157,
12:06:33,22675,
12:06:34,22221,
12:06:35,22815,
12:06:36,24134,
12:06:37,24794,
12:06:38,25232,
12:06:39,26109,
12:06:40,25838,
12:06:41,25706,
12:06:42,26061,
12:06:43,26732,
12:06:44,27134,
12:06:45,29271,
12:06:46,31203,
12:06:47,32368,
12:06:48,54405,
12:06:49,82172,
12:06:50,35230,
12:06:51,26395,
12:06:52,25077,
12:06:53,17604,
12:06:54,13768,
12:06:55,11621,
12:06:56,12127,
12:06:57,15611,
12:06:58,19723,
12:06:59,20763,
12:07:00,21594,
12:07:01,23451,
12:07:02,22819,
12:07:03,22467,
12:07:04,19262,
12:07:05,20182,
12:07:06,21626,
12:07:07,18752,
12:07:08,19466,
12:07:09,19088,
12:07:10,19828,
12:07:11,20406,
12:07:12,20930,
12:07:13,21285,
12:07:14,21210,
12:07:15,21900,
12:07:16,21436,
12:07:17,23088,
12:07:18,27635,
12:07:19,27432,
12:07:20,27162,
12:07:21,27704,
12:07:22,28567,
12:07:23,27656,
12:07:24,26779,
12:07:25,27529,
12:07:26,28085,
12:07:27,32738,
12:07:28,31988,
12:07:29,29697,
12:07:30,23908,
12:07:31,21614,
12:07:32,19074,
12:07:33,20663,
12:07:34,20230,
12:07:35,19270,
12:07:36,20359,
12:07:37,22068,
12:07:38,22528,
12:07:39,24334,
12:07:40,25370,
12:07:41,24492,
12:07:42,25638,
12:07:43,24696,
12:07:44,25426,
12:07:45,25949,
12:07:46,25780,
12:07:47,26873,
12:07:48,25951,
12:07:49,22669,
12:07:50,22047,
12:07:51,23227,
12:07:52,34420,
12:07:53,66127,
12:07:54,69487,
12:07:55,83450,
12:07:56,94299,
12:07:57,88528,
12:07:58,70403,
12:07:59,45099,
12:08:00,33490,
12:08:01,36081,
12:08:02,40557,
12:08:03,61215,
12:08:04,54420,
12:08:05,40570,
12:08:06,42739,
12:08:07,56052,
12:08:08,58600,
12:08:09,41208,
12:08:10,37969,
12:08:11,54991,
12:08:12,57060,
12:08:13,55983,
12:08:14,52198,
12:08:15,60132,
12:08:16,57177,
12:08:17,62641,
12:08:18,58283,
12:08:19,65809,
12:08:20,64644,
12:08:21,59101,
12:08:22,50256,
12:08:23,35683,
12:08:24,38734,
12:08:25,34285,
12:08:26,35101,
12:08:27,40056,
12:08:28,42781,
12:08:29,42897,
12:08:30,38913,
12:08:31,38158,
12:08:32,41980,
12:08:33,45510,
12:08:34,45892,
12:08:35,45297,
12:08:36,43012,
12:08:37,43273,
12:08:38,39067,
12:08:39,37513,
12:08:40,37874,
12:08:41,38755,
12:08:42,39204,
12:08:43,37336,
12:08:44,36388,
12:08:45,36028,
12:08:46,36697,
12:08:47,36060,
12:08:48,35116,
12:08:49,34133,
12:08:50,33552,
12:08:51,31967,
12:08:52,30050,
12:08:53,29864,
12:08:54,29236,
12:08:55,28405,
12:08:56,27349,
12:08:57,27816,
12:08:58,33770,
12:08:59,32458,
12:09:00,29473,
12:09:01,28711,
12:09:02,28700,
12:09:03,28934,
12:09:04,30243,
12:09:05,33637,
12:09:06,41956,
12:09:07,63472,
12:09:08,89745,
12:09:09,95407,
12:09:10,86849,
12:09:11,63170,
12:09:12,58626,
12:09:13,58206,
12:09:14,59992,
12:09:15,56076,
12:09:16,51224,
12:09:17,46658,
12:09:18,45480,
12:09:19,39625,
12:09:20,38700,
12:09:21,38365,
12:09:22,35780,
12:09:23,33685,
12:09:24,32535,
12:09:25,32568,
12:09:26,34632,
12:09:27,32080,
12:09:28,28877,
12:09:29,24918,
12:09:30,23314,
12:09:31,23218,
12:09:32,24230,
12:09:33,24121,
12:09:34,23615,
12:09:35,23160,
12:09:36,21516,
12:09:37,24765,
12:09:38,23308,
12:09:39,14012,
12:09:40,12523,
12:09:41,14905,
12:09:42,17102,
12:09:43,15086,
12:09:44,15114,
12:09:45,13483,
12:09:46,14061,
12:09:47,14524,
12:09:48,15085,
12:09:49,14250,
12:09:50,15611,
12:09:51,15133,
12:09:52,14698,
12:09:53,17679,
12:09:54,18867,
12:09:55,17935,
12:09:56,20822,
12:09:57,22072,
12:09:58,23606,
12:09:59,24314,
12:10:00,19960,
12:10:01,17483,
12:10:02,17709,
12:10:03,18319,
12:10:04,18651,
12:10:05,17207,
12:10:06,15707,
12:10:07,15733,
12:10:08,15901,
12:10:09,15827,
12:10:10,17295,
12:10:11,21445,
12:10:12,23490,
12:10:13,24545,
12:10:14,23296,
12:10:15,23813,
12:10:16,24908,
12:10:17,26803,
12:10:18,29402,
12:10:19,29419,
12:10:20,29554,
12:10:21,29325,
12:10:22,26909,
12:10:23,22445,
12:10:24,22837,
12:10:25,30342,
12:10:26,31015,
12:10:27,24704,
12:10:28,24410,
12:10:29,23856,
12:10:30,24620,
12:10:31,23339,
12:10:32,22256,
12:10:33,22343,
12:10:34,22087,
12:10:35,22655,
12:10:36,21896,
12:10:37,20229,
12:10:38,20688,
12:10:39,23895,
12:10:40,24810,
12:10:41,21993,
12:10:42,22430,
12:10:43,21978,
12:10:44,20497,
12:10:45,20479,
12:10:46,21215,
12:10:47,20710,
12:10:48,20875,
12:10:49,16803,
12:10:50,17061,
12:10:51,18136,
12:10:52,18511,
12:10:53,20056,
12:10:54,20731,
12:10:55,23490,
12:10:56,29560,
12:10:57,29418,
12:10:58,27253,
12:10:59,25234,
12:11:00,18379,
12:11:01,18314,
12:11:02,16882,
12:11:03,16685,
12:11:04,18244,
12:11:05,21060,
12:11:06,22038,
12:11:07,21754,
12:11:08,18198,
12:11:09,18395,
12:11:10,20246,
12:11:11,24472,
12:11:12,22218,
12:11:13,15722,
12:11:14,17533,
12:11:15,19715,
12:11:16,20475,
12:11:17,22123,
12:11:18,23062,
12:11:19,24970,
12:11:20,26180,
12:11:21,27664,
12:11:22,30656,
12:11:23,39772,
12:11:24,44193,
12:11:25,48052,
12:11:26,42846,
12:11:27,35216,
12:11:28,36494,
12:11:29,33337,
12:11:30,34589,
12:11:31,75152,
12:11:32,87643,
12:11:33,99680,
12:11:34,90466,
12:11:35,46807,
12:11:36,46743,
12:11:37,37528,
12:11:38,27573,
12:11:39,24380,
12:11:40,25053,
12:11:41,26771,
12:11:42,26441,
12:11:43,55716,
12:11:44,77642,
12:11:45,74840,
12:11:46,45144,
12:11:47,32300,
12:11:48,28094,
12:11:49,25539,
12:11:50,25312,
12:11:51,26030,
12:11:52,26794,
12:11:53,26905,
12:11:54,23251,
12:11:55,25300,
12:11:56,24792,
12:11:57,23652,
12:11:58,23838,
12:11:59,23741,
12:12:00,28542,
12:12:01,30419,
12:12:02,30000,
12:12:03,30434,
12:12:04,35994,
12:12:05,42351,
12:12:06,43346,
12:12:07,36189,
12:12:08,38091,
12:12:09,37727,
12:12:10,25678,
12:12:11,20582,
12:12:12,23565,
12:12:13,27960,
12:12:14,34824,
12:12:15,38341,
12:12:16,38142,
12:12:17,37121,
12:12:18,36715,
12:12:19,34418,
12:12:20,28591,
12:12:21,28882,
12:12:22,28272,
12:12:23,27921,
12:12:24,24452,
12:12:25,23334,
12:12:26,21899,
12:12:27,20997,
12:12:28,18419,
12:12:29,16640,
12:12:30,16908,
12:12:31,17527,
12:12:32,16911,
12:12:33,16313,
12:12:34,15642,
12:12:35,15402,
12:12:36,15687,
12:12:37,15986,
12:12:38,17016,
12:12:39,18552,
12:12:40,24541,
12:12:41,24343,
12:12:42,23010,
12:12:43,21261,
12:12:44,19289,
12:12:45,19581,
12:12:46,19602,
12:12:47,19669,
12:12:48,19173,
12:12:49,18612,
12:12:50,18875,
12:12:51,19495,
12:12:52,20482,
12:12:53,19853,
12:12:54,19431,
12:12:55,19278,
12:12:56,19393,
12:12:57,20320,
12:12:58,18931,
12:12:59,18895,
12:13:00,18622,
12:13:01,18895,
12:13:02,19531,
12:13:03,19541,
12:13:04,19563,
12:13:05,19174,
12:13:06,19041,
12:13:07,19186,
12:13:08,18817,
12:13:09,18931,
12:13:10,19035,
12:13:11,19071,
12:13:12,19096,
12:13:13,19633,
12:13:14,19471,
12:13:15,19183,
12:13:16,20035,
12:13:17,20025,
12:13:18,20248,
12:13:19,19965,
12:13:20,20028,
12:13:21,19796,
12:13:22,19530,
12:13:23,19649,
12:13:24,18951,
12:13:25,19176,
12:13:26,19350,
12:13:27,19531,
12:13:28,19088,
12:13:29,18945,
12:13:30,18884,
12:13:31,19094,
12:13:32,18980,
12:13:33,19054,
12:13:34,19300,
12:13:35,19054,
12:13:36,19289,
12:13:37,19320,
12:13:38,19156,
12:13:39,20153,
12:13:40,20858,
12:13:41,20552,
12:13:42,21135,
12:13:43,20849,
12:13:44,20855,
12:13:45,20702,
12:13:46,20622,
12:13:47,20176,
12:13:48,20463,
12:13:49,20696,
12:13:50,21099,
12:13:51,20689,
12:13:52,20763,
12:13:53,20523,
12:13:54,20033,
12:13:55,20763,
12:13:56,20965,
12:13:57,22527,
12:13:58,22993,
12:13:59,22705,
12:14:00,22612,
12:14:01,22352,
12:14:02,22457,
12:14:03,22709,
12:14:04,22451,
12:14:05,21973,
12:14:06,21839,
12:14:07,22193,
12:14:08,22041,
12:14:09,22836,
12:14:10,22630,
12:14:11,22300,
12:14:12,22339,
12:14:13,22380,
12:14:14,21880,
12:14:15,22826,
12:14:16,22526,
12:14:17,22851,
12:14:18,23671,
12:14:19,23487,
12:14:20,23629,
12:14:21,25111,
12:14:22,26264,
12:14:23,27911,
12:14:24,28954,
12:14:25,28642,
12:14:26,28518,
12:14:27,29822,
12:14:28,29734,
12:14:29,29770,
12:14:30,30157,
12:14:31,28999,
12:14:32,29399,
12:14:33,30662,
12:14:34,30474,
12:14:35,31134,
12:14:36,30835,
12:14:37,30959,
12:14:38,31599,
12:14:39,31337,
12:14:40,31267,
12:14:41,30848,
12:14:42,29641,
12:14:43,29484,
12:14:44,29945,
12:14:45,31938,
12:14:46,32241,
12:14:47,33048,
12:14:48,33301,
12:14:49,34396,
12:14:50,34858,
12:14:51,34888,
12:14:52,35284,
12:14:53,35347,
12:14:54,35883,
12:14:55,36756,
12:14:56,37671,
12:14:57,36997,
12:14:58,37518,
12:14:59,37535,
12:15:00,37288,
12:15:01,37384,
12:15:02,37423,
12:15:03,38025,
12:15:04,38981,
12:15:05,39271,
12:15:06,40082,
12:15:07,41059,
12:15:08,40904,
12:15:09,38434,
12:15:10,37661,
12:15:11,37232,
12:15:12,36707,
12:15:13,36627,
12:15:14,36512,
12:15:15,36606,
12:15:16,36195,
12:15:17,33524,
12:15:18,33745,
12:15:19,34985,
12:15:20,35130,
12:15:21,35553,
12:15:22,35475,
12:15:23,35434,
12:15:24,35571,
12:15:25,35329,
12:15:26,36347,
12:15:27,35567,
12:15:28,36843,
12:15:29,36359,
12:15:30,36239,
12:15:31,35808,
12:15:32,35646,
12:15:33,34464,
12:15:34,34428,
12:15:35,33988,
12:15:36,33916,
12:15:37,33740,
12:15:38,34081,
12:15:39,33718,
12:15:40,33033,
12:15:41,33076,
12:15:42,34076,
12:15:43,35596,
12:15:44,37749,
12:15:45,37833,
12:15:46,37499,
12:15:47,37664,
12:15:48,37401,
12:15:49,37482,
12:15:50,38141,
12:15:51,38367,
12:15:52,38197,
12:15:53,38470,
12:15:54,38151,
12:15:55,37759,
12:15:56,37446,
12:15:57,36912,
12:15:58,37254,
12:15:59,37151,
12:16:00,37643,
12:16:01,37538,
12:16:02,37294,
12:16:03,37171,
12:16:04,38508,
12:16:05,35839,
12:16:06,35064,
12:16:07,35518,
12:16:08,35511,
12:16:09,35698,
12:16:10,36427,
12:16:11,38398,
12:16:12,37137,
12:16:13,36233,
12:16:14,35456,
12:16:15,35599,
12:16:16,36522,
12:16:17,37307,
12:16:18,37391,
12:16:19,37684,
12:16:20,36839,
12:16:21,36530,
12:16:22,36571,
12:16:23,35764,
12:16:24,35447,
12:16:25,36008,
12:16:26,36554,
12:16:27,36754,
12:16:28,37059,
12:16:29,37034,
12:16:30,38695,
12:16:31,38498,
12:16:32,37987,
12:16:33,38120,
12:16:34,38586,
12:16:35,38474,
12:16:36,37453,
12:16:37,37557,
12:16:38,36871,
12:16:39,36872,
12:16:40,36309,
12:16:41,35903,
12:16:42,37148,
12:16:43,38480,
12:16:44,37079,
12:16:45,36553,
12:16:46,36487,
12:16:47,35808,
12:16:48,35146,
12:16:49,35891,
12:16:50,36759,
12:16:51,36624,
12:16:52,37350,
12:16:53,37097,
12:16:54,36476,
12:16:55,37535,
12:16:56,38116,
12:16:57,38047,
12:16:58,37970,
12:16:59,38526,
12:17:00,39422,
12:17:01,38772,
12:17:02,38078,
12:17:03,38498,
12:17:04,38866,
12:17:05,38648,
12:17:06,43288,
12:17:07,44944,
12:17:08,43486,
12:17:09,44159,
12:17:10,44998,
12:17:11,52792,
12:17:12,57066,
12:17:13,58795,
12:17:14,57953,
12:17:15,60415,
12:17:16,65352,
12:17:17,64130,
12:17:18,71103,
12:17:19,79708,
12:17:20,74293,
12:17:21,74085,
12:17:22,73351,
12:17:23,71986,
12:17:24,75727,
12:17:25,74741,
12:17:26,85135,
12:17:27,100936,
12:17:28,101329,
12:17:29,113603,
12:17:30,86429,
12:17:31,102225,
12:17:32,105514,
12:17:33,61331,
12:17:34,53135,
12:17:35,37683,
12:17:36,38106,
12:17:37,59929,
12:17:38,51473,
12:17:39,47135,
12:17:40,47701,
12:17:41,53194,
12:17:42,55020,
12:17:43,60874,
12:17:44,60719,
12:17:45,53642,
12:17:46,51523,
12:17:47,42793,
12:17:48,44694,
12:17:49,33473,
12:17:50,36828,
12:17:51,38617,
12:17:52,37160,
12:17:53,34170,
12:17:54,35565,
12:17:55,36778,
12:17:56,36225,
12:17:57,36374,
12:17:58,34317,
12:17:59,37483,
12:18:00,34244,
12:18:01,33270,
12:18:02,32647,
12:18:03,32617,
12:18:04,29850,
12:18:05,31609,
12:18:06,29958,
12:18:07,30685,
12:18:08,30438,
12:18:09,30746,
12:18:10,30884,
12:18:11,30518,
12:18:12,30505,
12:18:13,30983,
12:18:14,30048,
12:18:15,29733,
12:18:16,29676,
12:18:17,29461,
12:18:18,29258,
12:18:19,29073,
12:18:20,28923,
12:18:21,29033,
12:18:22,29122,
12:18:23,28985,
12:18:24,29012,
12:18:25,28881,
12:18:26,29222,
12:18:27,29154,
12:18:28,28962,
12:18:29,29281,
12:18:30,29541,
12:18:31,28872,
12:18:32,29007,
12:18:33,28835,
12:18:34,28879,
12:18:35,29151,
12:18:36,28839,
12:18:37,28831,
12:18:38,29030,
12:18:39,28772,
12:18:40,28579,
12:18:41,28906,
12:18:42,28941,
12:18:43,29020,
12:18:44,29073,
12:18:45,29128,
12:18:46,29127,
12:18:47,28883,
12:18:48,28916,
12:18:49,29055,
12:18:50,28936,
12:18:51,28859,
12:18:52,28903,
12:18:53,28857,
12:18:54,29083,
12:18:55,29223,
12:18:56,29108,
12:18:57,29146,
12:18:58,29254,
12:18:59,29286,
12:19:00,29295,
12:19:01,29119,
12:19:02,29083,
12:19:03,29107,
12:19:04,28969,
12:19:05,29042,
12:19:06,28871,
12:19:07,29110,
12:19:08,29384,
12:19:09,29108,
12:19:10,29245,
12:19:11,29171,
12:19:12,29317,
12:19:13,29311,
12:19:14,29460,
12:19:15,28906,
12:19:16,29234,
12:19:17,29371,
12:19:18,29207,
12:19:19,29075,
12:19:20,29298,
12:19:21,29074,
12:19:22,29290,
12:19:23,29076,
12:19:24,29146,
12:19:25,28954,
12:19:26,29109,
12:19:27,29192,
12:19:28,29037,
12:19:29,28930,
12:19:30,28810,
12:19:31,29066,
12:19:32,28948,
12:19:33,29060,
12:19:34,29129,
12:19:35,28955,
12:19:36,28810,
12:19:37,29078,
12:19:38,29042,
12:19:39,28909,
12:19:40,28985,
12:19:41,29508,
12:19:42,29074,
12:19:43,28898,
12:19:44,29186,
12:19:45,28764,
12:19:46,28816,
12:19:47,29293,
12:19:48,28899,
12:19:49,28792,
12:19:50,28739,
12:19:51,28888,
12:19:52,28900,
12:19:53,28906,
12:19:54,28967,
12:19:55,28913,
12:19:56,28833,
12:19:57,28856,
12:19:58,28976,
12:19:59,28604,
12:20:00,28943,
12:20:01,28804,
12:20:02,28889,
12:20:03,28798,
12:20:04,28589,
12:20:05,28803,
12:20:06,28651,
12:20:07,28728,
12:20:08,28795,
12:20:09,28792,
12:20:10,28593,
12:20:11,29005,
12:20:12,28529,
12:20:13,28430,
12:20:14,29410,
12:20:15,30739,
12:20:16,28795,
12:20:17,29902,
12:20:18,28661,
12:20:19,28862,
12:20:20,28929,
12:20:21,28708,
12:20:22,28778,
12:20:23,28600,
12:20:24,28574,
12:20:25,28421,
12:20:26,28462,
12:20:27,28450,
12:20:28,28716,
12:20:29,28542,
12:20:30,28589,
12:20:31,28295,
12:20:32,28542,
12:20:33,28569,
12:20:34,28613,
12:20:35,28780,
12:20:36,28750,
12:20:37,28756,
12:20:38,28663,
12:20:39,28661,
12:20:40,28565,
12:20:41,28502,
12:20:42,28982,
12:20:43,28621,
12:20:44,28437,
12:20:45,28863,
12:20:46,28611,
12:20:47,28442,
12:20:48,28355,
12:20:49,28656,
12:20:50,28632,
12:20:51,28610,
12:20:52,28510,
12:20:53,28735,
12:20:54,28607,
12:20:55,28444,
12:20:56,28440,
12:20:57,28495,
12:20:58,28625,
12:20:59,28516,
12:21:00,28608,
12:21:01,28507,
12:21:02,28607,
12:21:03,28682,
12:21:04,28558,
12:21:05,28449,
12:21:06,28587,
12:21:07,28539,
12:21:08,28824,
12:21:09,28482,
12:21:10,28726,
12:21:11,29861,
12:21:12,29403,
12:21:13,28994,
12:21:14,28607,
12:21:15,28578,
12:21:16,28607,
12:21:17,28383,
12:21:18,28497,
12:21:19,28305,
12:21:20,28458,
12:21:21,28585,
12:21:22,28604,
12:21:23,28360,
12:21:24,28397,
12:21:25,28708,
12:21:26,28533,
12:21:27,28492,
12:21:28,28491,
12:21:29,28503,
12:21:30,28188,
12:21:31,28265,
12:21:32,28442,
12:21:33,28265,
12:21:34,28546,
12:21:35,28545,
12:21:36,28625,
12:21:37,28767,
12:21:38,28632,
12:21:39,28824,
12:21:40,28718,
12:21:41,29055,
12:21:42,29190,
12:21:43,29441,
12:21:44,28859,
12:21:45,28850,
12:21:46,28700,
12:21:47,28935,
12:21:48,29034,
12:21:49,29400,
12:21:50,29817,
12:21:51,30383,
12:21:52,31197,
12:21:53,31716,
12:21:54,31019,
12:21:55,31898,
12:21:56,31544,
12:21:57,31672,
12:21:58,30209,
12:21:59,32371,
12:22:00,32084,
12:22:01,31748,
12:22:02,31167,
12:22:03,32436,
12:22:04,31203,
12:22:05,33425,
12:22:06,39216,
12:22:07,38010,
12:22:08,34284,
12:22:09,35248,
12:22:10,34352,
12:22:11,37436,
12:22:12,36932,
12:22:13,37315,
12:22:14,38511,
12:22:15,34275,
12:22:16,33444,
12:22:17,36150,
12:22:18,35646,
12:22:19,36427,
12:22:20,40469,
12:22:21,39453,
12:22:22,40666,
12:22:23,42385,
12:22:24,44611,
12:22:25,43708,
12:22:26,43341,
12:22:27,44888,
12:22:28,41885,
12:22:29,42280,
12:22:30,41600,
12:22:31,42240,
12:22:32,42052,
12:22:33,42839,
12:22:34,44968,
12:22:35,48853,
12:22:36,44932,
12:22:37,42984,
12:22:38,40301,
12:22:39,43293,
12:22:40,45748,
12:22:41,45613,
12:22:42,45656,
12:22:43,50305,
12:22:44,48206,
12:22:45,49493,
12:22:46,48287,
12:22:47,48689,
12:22:48,50649,
12:22:49,50927,
12:22:50,47943,
12:22:51,53453,
12:22:52,55286,
12:22:53,54177,
12:22:54,54001,
12:22:55,53890,
12:22:56,53142,
12:22:57,50324,
12:22:58,53310,
12:22:59,51247,
12:23:00,52079,
12:23:01,54292,
12:23:02,56770,
12:23:03,58321,
12:23:04,56366,
12:23:05,60117,
12:23:06,59630,
12:23:07,58110,
12:23:08,52535,
12:23:09,55709,
12:23:10,56956,
12:23:11,57950,
12:23:12,57716,
12:23:13,56498,
12:23:14,53893,
12:23:15,54270,
12:23:16,53097,
12:23:17,63033,
12:23:18,62329,
12:23:19,58595,
12:23:20,60532,
12:23:21,60006,
12:23:22,65015,
12:23:23,66310,
12:23:24,65013,
12:23:25,65291,
12:23:26,65173,
12:23:27,61980,
12:23:28,64887,
12:23:29,63344,
12:23:30,66121,
12:23:31,73133,
12:23:32,74761,
12:23:33,77369,
12:23:34,78919,
12:23:35,71233,
12:23:36,68184,
12:23:37,67865,
12:23:38,67634,
12:23:39,76532,
12:23:40,81341,
12:23:41,79839,
12:23:42,83165,
12:23:43,82581,
12:23:44,79971,
12:23:45,82097,
12:23:46,82671,
12:23:47,86960,
12:23:48,89036,
12:23:49,84189,
12:23:50,84789,
12:23:51,82098,
12:23:52,81980,
12:23:53,87389,
12:23:54,87944,
12:23:55,86579,
12:23:56,87308,
12:23:57,87822,
12:23:58,88136,
12:23:59,88202,
12:24:00,87626,
12:24:01,87495,
12:24:02,88026,
12:24:03,88045,
12:24:04,87723,
12:24:05,89082,
12:24:06,91607,
12:24:07,91163,
12:24:08,93348,
12:24:09,91608,
12:24:10,92034,
12:24:11,90736,
12:24:12,90583,
12:24:13,91182,
12:24:14,90478,
12:24:15,90180,
12:24:16,89168,
12:24:17,90445,
12:24:18,91838,
12:24:19,92325,
12:24:20,91427,
12:24:21,93230,
12:24:22,94409,
12:24:23,93182,
12:24:24,92884,
12:24:25,94919,
12:24:26,96512,
12:24:27,99773,
12:24:28,96879,
12:24:29,97172,
12:24:30,96769,
12:24:31,97591,
12:24:32,99328,
12:24:33,97336,
12:24:34,95403,
12:24:35,94644,
12:24:36,95421,
12:24:37,97252,
12:24:38,99290,
12:24:39,101781,
12:24:40,100180,
12:24:41,98241,
12:24:42,101231,
12:24:43,103172,
12:24:44,104320,
12:24:45,104946,
12:24:46,103472,
12:24:47,103163,
12:24:48,105486,
12:24:49,104221,
12:24:50,102143,
12:24:51,102308,
12:24:52,103873,
12:24:53,102243,
12:24:54,102468,
12:24:55,100485,
12:24:56,101497,
12:24:57,103216,
12:24:58,103845,
12:24:59,105198,
12:25:00,105432,
12:25:01,105891,
12:25:02,105911,
12:25:03,105887,
12:25:04,103222,
12:25:05,104187,
12:25:06,106285,
12:25:07,104455,
12:25:08,106257,
12:25:09,106535,
12:25:10,104755,
12:25:11,103343,
12:25:12,104301,
12:25:13,105641,
12:25:14,104211,
12:25:15,105799,
12:25:16,108901,
12:25:17,107496,
12:25:18,108412,
12:25:19,107956,
12:25:20,109043,
12:25:21,109740,
12:25:22,111286,
12:25:23,112509,
12:25:24,113560,
12:25:25,114319,
12:25:26,114051,
12:25:27,113936,
12:25:28,115031,
12:25:29,115270,
12:25:30,102243,
12:25:31,101739,
12:25:32,108647,
12:25:33,112803,
12:25:34,114413,
12:25:35,103930,
12:25:36,94915,
12:25:37,103469,
12:25:38,107215,
12:25:39,109786,
12:25:40,87353,
12:25:41,99085,
12:25:42,104580,
12:25:43,88203,
12:25:44,92907,
12:25:45,101603,
12:25:46,86068,
12:25:47,97420,
12:25:48,93635,
12:25:49,87944,
12:25:50,99019,
12:25:51,81142,
12:25:52,95990,
12:25:53,83699,
12:25:54,87822,
12:25:55,89707,
12:25:56,88425,
12:25:57,87765,
12:25:58,88913,
12:25:59,89821,
12:26:00,86079,
12:26:01,89582,
12:26:02,92792,
12:26:03,90727,
12:26:04,89652,
12:26:05,89551,
12:26:06,88552,
12:26:07,86391,
12:26:08,87749,
12:26:09,88252,
12:26:10,83451,
12:26:11,85720,
12:26:12,86747,
12:26:13,84150,
12:26:14,82893,
12:26:15,82740,
12:26:16,84913,
12:26:17,81576,
12:26:18,83838,
12:26:19,81780,
12:26:20,80206,
12:26:21,85941,
12:26:22,80182,
12:26:23,79611,
12:26:24,85246,
12:26:25,83088,
12:26:26,82684,
12:26:27,81323,
12:26:28,78968,
12:26:29,77099,
12:26:30,75800,
12:26:31,74031,
12:26:32,74596,
12:26:33,74296,
12:26:34,74466,
12:26:35,73149,
12:26:36,72898,
12:26:37,73243,
12:26:38,71443,
12:26:39,71684,
12:26:40,74719,
12:26:41,73741,
12:26:42,72884,
12:26:43,74509,
12:26:44,73015,
12:26:45,72504,
12:26:46,67939,
12:26:47,66869,
12:26:48,64368,
12:26:49,67803,
12:26:50,66412,
12:26:51,67221,
12:26:52,63317,
12:26:53,63014,
12:26:54,66767,
12:26:55,66909,
12:26:56,66997,
12:26:57,64279,
12:26:58,62042,
12:26:59,61283,
12:27:00,64528,
12:27:01,66691,
12:27:02,66332,
12:27:03,65565,
12:27:04,66781,
12:27:05,68788,
12:27:06,65851,
12:27:07,64184,
12:27:08,64350,
12:27:09,64094,
12:27:10,64296,
12:27:11,63726,
12:27:12,64126,
12:27:13,63424,
12:27:14,63424,
12:27:15,61299,
12:27:16,60411,
12:27:17,59223,
12:27:18,57265,
12:27:19,58192,
12:27:20,57377,
12:27:21,59633,
12:27:22,59467,
12:27:23,60204,
12:27:24,59640,
12:27:25,60108,
12:27:26,58003,
12:27:27,57183,
12:27:28,56564,
12:27:29,55037,
12:27:30,55053,
12:27:31,54745,
12:27:32,55247,
12:27:33,52353,
12:27:34,52716,
12:27:35,54888,
12:27:36,50140,
12:27:37,51278,
12:27:38,49875,
12:27:39,54181,
12:27:40,53013,
12:27:41,51904,
12:27:42,49849,
12:27:43,50720,
12:27:44,50070,
12:27:45,48914,
12:27:46,50366,
12:27:47,52620,
12:27:48,49143,
12:27:49,50947,
12:27:50,46198,
12:27:51,49902,
12:27:52,46643,
12:27:53,49499,
12:27:54,45339,
12:27:55,45512,
12:27:56,45758,
12:27:57,45011,
12:27:58,45670,
12:27:59,46247,
12:28:00,44250,
12:28:01,44403,
12:28:02,45170,
12:28:03,45780,
12:28:04,44743,
12:28:05,46437,
12:28:06,45428,
12:28:07,44558,
12:28:08,44442,
12:28:09,45739,
12:28:10,44699,
12:28:11,42797,
12:28:12,42141,
12:28:13,43249,
12:28:14,44063,
12:28:15,44047,
12:28:16,43179,
12:28:17,42703,
12:28:18,42297,
12:28:19,44932,
12:28:20,45203,
12:28:21,43011,
12:28:22,40942,
12:28:23,42922,
12:28:24,41298,
12:28:25,44123,
12:28:26,42053,
12:28:27,37490,
12:28:28,35915,
12:28:29,39243,
12:28:30,40997,
12:28:31,39739,
12:28:32,41642,
12:28:33,36925,
12:28:34,39059,
12:28:35,39935,
12:28:36,34488,
12:28:37,33978,
12:28:38,39612,
12:28:39,40962,
12:28:40,41214,
12:28:41,41743,
12:28:42,40747,
12:28:43,39600,
12:28:44,38731,
12:28:45,43023,
12:28:46,44445,
12:28:47,41921,
12:28:48,40439,
12:28:49,39801,
12:28:50,41623,
12:28:51,40018,
12:28:52,45798,
12:28:53,48713,
12:28:54,44848,
12:28:55,44703,
12:28:56,45414,
12:28:57,43587,
12:28:58,43783,
12:28:59,43231,
12:29:00,42545,
12:29:01,41138,
12:29:02,43399,
12:29:03,44770,
12:29:04,43898,
12:29:05,44025,
12:29:06,41547,
12:29:07,40097,
12:29:08,38974,
12:29:09,38358,
12:29:10,37851,
12:29:11,37759,
12:29:12,41636,
12:29:13,33884,
12:29:14,34824,
12:29:15,33721,
12:29:16,39601,
12:29:17,35866,
12:29:18,35717,
12:29:19,39023,
12:29:20,38445,
12:29:21,39210,
12:29:22,36811,
12:29:23,31978,
12:29:24,34985,
12:29:25,33000,
12:29:26,38203,
12:29:27,38531,
12:29:28,36674,
12:29:29,41615,
12:29:30,40170,
12:29:31,39218,
12:29:32,39605,
12:29:33,37979,
12:29:34,36626,
12:29:35,39124,
12:29:36,36971,
12:29:37,38948,
12:29:38,39630,
12:29:39,36835,
12:29:40,41235,
12:29:41,39992,
12:29:42,38112,
12:29:43,40334,
12:29:44,32806,
12:29:45,37393,
12:29:46,39212,
12:29:47,30914,
12:29:48,34116,
12:29:49,37339,
12:29:50,38338,
12:29:51,39185,
12:29:52,34241,
12:29:53,36132,
12:29:54,32773,
12:29:55,36331,
12:29:56,39197,
12:29:57,35695,
12:29:58,38088,
12:29:59,36423,
12:30:00,35744,
12:30:01,34592,
12:30:02,32411,
12:30:03,36969,
12:30:04,36186,
12:30:05,35923,
12:30:06,36213,
12:30:07,35404,
12:30:08,39784,
12:30:09,36592,
12:30:10,37844,
12:30:11,37449,
12:30:12,32713,
12:30:13,32212,
12:30:14,28206,
12:30:15,33857,
12:30:16,34831,
12:30:17,35519,
12:30:18,35889,
12:30:19,33882,
12:30:20,37812,
12:30:21,36004,
12:30:22,39184,
12:30:23,38255,
12:30:24,35100,
12:30:25,37099,
12:30:26,32865,
12:30:27,38102,
12:30:28,36199,
12:30:29,36397,
12:30:30,36251,
12:30:31,33386,
12:30:32,38215,
12:30:33,35453,
12:30:34,37627,
12:30:35,36278,
12:30:36,36374,
12:30:37,39447,
12:30:38,36487,
12:30:39,38060,
12:30:40,36194,
12:30:41,38907,
12:30:42,42765,
12:30:43,35151,
12:30:44,40209,
12:30:45,38440,
12:30:46,40777,
12:30:47,36643,
12:30:48,36455,
12:30:49,36025,
12:30:50,34907,
12:30:51,39743,
12:30:52,36486,
12:30:53,38550,
12:30:54,36782,
12:30:55,37571,
12:30:56,39207,
12:30:57,36031,
12:30:58,39729,
12:30:59,38419,
12:31:00,41158,
12:31:01,40848,
12:31:02,40054,
12:31:03,42236,
12:31:04,39051,
12:31:05,42407,
12:31:06,39497,
12:31:07,42318,
12:31:08,40731,
12:31:09,40329,
12:31:10,43603,
12:31:11,39783,
12:31:12,43272,
12:31:13,40218,
12:31:14,42457,
12:31:15,41981,
12:31:16,40294,
12:31:17,43034,
12:31:18,40520,
12:31:19,43694,
12:31:20,40282,
12:31:21,42280,
12:31:22,42420,
12:31:23,40163,
12:31:24,42971,
12:31:25,39210,
12:31:26,43396,
12:31:27,40540,
12:31:28,42394,
12:31:29,43204,
12:31:30,40769,
12:31:31,43245,
12:31:32,39361,
12:31:33,42897,
12:31:34,40693,
12:31:35,40965,
12:31:36,41184,
12:31:37,38973,
12:31:38,42688,
12:31:39,38981,
12:31:40,42866,
12:31:41,40782,
12:31:42,41034,
12:31:43,42322,
12:31:44,39694,
12:31:45,43437,
12:31:46,39896,
12:31:47,42971,
12:31:48,40941,
12:31:49,40009,
12:31:50,38574,
12:31:51,36766,
12:31:52,39218,
12:31:53,37311,
12:31:54,37251,
12:31:55,33774,
12:31:56,33174,
12:31:57,37936,
12:31:58,34311,
12:31:59,36984,
12:32:00,34622,
12:32:01,37229,
12:32:02,37725,
12:32:03,36976,
12:32:04,39256,
12:32:05,34931,
12:32:06,39723,
12:32:07,36135,
12:32:08,38133,
12:32:09,37975,
12:32:10,36515,
12:32:11,38856,
12:32:12,34532,
12:32:13,37247,
12:32:14,33230,
12:32:15,37254,
12:32:16,35667,
12:32:17,37351,
12:32:18,40958,
12:32:19,34972,
12:32:20,37601,
12:32:21,35723,
12:32:22,40106,
12:32:23,37511,
12:32:24,38217,
12:32:25,40496,
12:32:26,33668,
12:32:27,38426,
12:32:28,35051,
12:32:29,35979,
12:32:30,35718,
12:32:31,35227,
12:32:32,37194,
12:32:33,33172,
12:32:34,36160,
12:32:35,35423,
12:32:36,36860,
12:32:37,39591,
12:32:38,39245,
12:32:39,38351,
12:32:40,34187,
12:32:41,37010,
12:32:42,35083,
12:32:43,43737,
12:32:44,40082,
12:32:45,38966,
12:32:46,43686,
12:32:47,35653,
12:32:48,43220,
12:32:49,37631,
12:32:50,40036,
12:32:51,38249,
12:32:52,38316,
12:32:53,40035,
12:32:54,36138,
12:32:55,39197,
12:32:56,37231,
12:32:57,39467,
12:32:58,37656,
12:32:59,36653,
12:33:00,38625,
12:33:01,35560,
12:33:02,39527,
12:33:03,36191,
12:33:04,38689,
12:33:05,37481,
12:33:06,36895,
12:33:07,39100,
12:33:08,36354,
12:33:09,40190,
12:33:10,36505,
12:33:11,39376,
12:33:12,37246,
12:33:13,37333,
12:33:14,38753,
12:33:15,35357,
12:33:16,39408,
12:33:17,36678,
12:33:18,39744,
12:33:19,38369,
12:33:20,37947,
12:33:21,39705,
12:33:22,39186,
12:33:23,39766,
12:33:24,36090,
12:33:25,39537,
12:33:26,37769,
12:33:27,39064,
12:33:28,43815,
12:33:29,40230,
12:33:30,40902,
12:33:31,38549,
12:33:32,41310,
12:33:33,39852,
12:33:34,38148,
12:33:35,39796,
12:33:36,36623,
12:33:37,40181,
12:33:38,39179,
12:33:39,41643,
12:33:40,38334,
12:33:41,37722,
12:33:42,39606,
12:33:43,36064,
12:33:44,39270,
12:33:45,36323,
12:33:46,39592,
12:33:47,38459,
12:33:48,39147,
12:33:49,41427,
12:33:50,38341,
12:33:51,41207,
12:33:52,37702,
12:33:53,41709,
12:33:54,39940,
12:33:55,40119,
12:33:56,41662,
12:33:57,38431,
12:33:58,40532,
12:33:59,38000,
12:34:00,42006,
12:34:01,39071,
12:34:02,39320,
12:34:03,39969,
12:34:04,37198,
12:34:05,40425,
12:34:06,37471,
12:34:07,40937,
12:34:08,39122,
12:34:09,39400,
12:34:10,40575,
12:34:11,37567,
12:34:12,40880,
12:34:13,36954,
12:34:14,41132,
12:34:15,39317,
12:34:16,39435,
12:34:17,40994,
12:34:18,37858,
12:34:19,41260,
12:34:20,37650,
12:34:21,41134,
12:34:22,39222,
12:34:23,39221,
12:34:24,41032,
12:34:25,38937,
12:34:26,42876,
12:34:27,37545,
12:34:28,39985,
12:34:29,38919,
12:34:30,38966,
12:34:31,41377,
12:34:32,38577,
12:34:33,42989,
12:34:34,39755,
12:34:35,42528,
12:34:36,41193,
12:34:37,40655,
12:34:38,40853,
12:34:39,38852,
12:34:40,43009,
12:34:41,39952,
12:34:42,43383,
12:34:43,41871,
12:34:44,42871,
12:34:45,43812,
12:34:46,39955,
12:34:47,44262,
12:34:48,40236,
12:34:49,43277,
12:34:50,42107,
12:34:51,41219,
12:34:52,42787,
12:34:53,39412,
12:34:54,42885,
12:34:55,38964,
12:34:56,42970,
12:34:57,41732,
12:34:58,41683,
12:34:59,42932,
12:35:00,40067,
12:35:01,43752,
12:35:02,39863,
12:35:03,41185,
12:35:04,39336,
12:35:05,39858,
12:35:06,42013,
12:35:07,38163,
12:35:08,41591,
12:35:09,38518,
12:35:10,42621,
12:35:11,40872,
12:35:12,39850,
12:35:13,42580,
12:35:14,38409,
12:35:15,42236,
12:35:16,39023,
12:35:17,42189,
12:35:18,40627,
12:35:19,39656,
12:35:20,41795,
12:35:21,38400,
12:35:22,42538,
12:35:23,38892,
12:35:24,42304,
12:35:25,40994,
12:35:26,40521,
12:35:27,42251,
12:35:28,39186,
12:35:29,42744,
12:35:30,39360,
12:35:31,42471,
12:35:32,41353,
12:35:33,40266,
12:35:34,43086,
12:35:35,39436,
12:35:36,43620,
12:35:37,39980,
12:35:38,42914,
12:35:39,41895,
12:35:40,40334,
12:35:41,42019,
12:35:42,38660,
12:35:43,42393,
12:35:44,38746,
12:35:45,41931,
12:35:46,41302,
12:35:47,40426,
12:35:48,42677,
12:35:49,38943,
12:35:50,42651,
12:35:51,39095,
12:35:52,41639,
12:35:53,40578,
12:35:54,39770,
12:35:55,41867,
12:35:56,39195,
12:35:57,43282,
12:35:58,39770,
12:35:59,42577,
12:36:00,41512,
12:36:01,39605,
12:36:02,42283,
12:36:03,39371,
12:36:04,43106,
12:36:05,39264,
12:36:06,41507,
12:36:07,41885,
12:36:08,40681,
12:36:09,43278,
12:36:10,39643,
12:36:11,43444,
12:36:12,41092,
12:36:13,43105,
12:36:14,41709,
12:36:15,39386,
12:36:16,42616,
12:36:17,39253,
12:36:18,43581,
12:36:19,40112,
12:36:20,41241,
12:36:21,41388,
12:36:22,39403,
12:36:23,42478,
12:36:24,39679,
12:36:25,42843,
12:36:26,40050,
12:36:27,41541,
12:36:28,43554,
12:36:29,40901,
12:36:30,43080,
12:36:31,39361,
12:36:32,43163,
12:36:33,40404,
12:36:34,41920,
12:36:35,41901,
12:36:36,40205,
12:36:37,43363,
12:36:38,39848,
12:36:39,43209,
12:36:40,40418,
12:36:41,41974,
12:36:42,41951,
12:36:43,39478,
12:36:44,42629,
12:36:45,38845,
12:36:46,42633,
12:36:47,40128,
12:36:48,41157,
12:36:49,41624,
12:36:50,39024,
12:36:51,42801,
12:36:52,39193,
12:36:53,42517,
12:36:54,40362,
12:36:55,40723,
12:36:56,42087,
12:36:57,39268,
12:36:58,42971,
12:36:59,39282,
12:37:00,42755,
12:37:01,41118,
12:37:02,41397,
12:37:03,42762,
12:37:04,39740,
12:37:05,43092,
12:37:06,39587,
12:37:07,42865,
12:37:08,41650,
12:37:09,40915,
12:37:10,42850,
12:37:11,39556,
12:37:12,43292,
12:37:13,40067,
12:37:14,42441,
12:37:15,41576,
12:37:16,40959,
12:37:17,43096,
12:37:18,39548,
12:37:19,43374,
12:37:20,40130,
12:37:21,42493,
12:37:22,41934,
12:37:23,40759,
12:37:24,43099,
12:37:25,39742,
12:37:26,43734,
12:37:27,40431,
12:37:28,42787,
12:37:29,42402,
12:37:30,40598,
12:37:31,43683,
12:37:32,39946,
12:37:33,43752,
12:37:34,40939,
12:37:35,42503,
12:37:36,42772,
12:37:37,40495,
12:37:38,43359,
12:37:39,39882,
12:37:40,43313,
12:37:41,40905,
12:37:42,42339,
12:37:43,43016,
12:37:44,40244,
12:37:45,43585,
12:37:46,39996,
12:37:47,43504,
12:37:48,41345,
12:37:49,41846,
12:37:50,43073,
12:37:51,39833,
12:37:52,43289,
12:37:53,39918,
12:37:54,43324,
12:37:55,41512,
12:37:56,41635,
12:37:57,43332,
12:37:58,40160,
12:37:59,43557,
12:38:00,40050,
12:38:01,43512,
12:38:02,41910,
12:38:03,41270,
12:38:04,43284,
12:38:05,40122,
12:38:06,43862,
12:38:07,40222,
12:38:08,43468,
12:38:09,42037,
12:38:10,40980,
12:38:11,43671,
12:38:12,40042,
12:38:13,43855,
12:38:14,40595,
12:38:15,42883,
12:38:16,42559,
12:38:17,41132,
12:38:18,43720,
12:38:19,40463,
12:38:20,43909,
12:38:21,41075,
12:38:22,42821,
12:38:23,42712,
12:38:24,40641,
12:38:25,43525,
12:38:26,40192,
12:38:27,43690,
12:38:28,41309,
12:38:29,42557,
12:38:30,42979,
12:38:31,40487,
12:38:32,43693,
12:38:33,40100,
12:38:34,43395,
12:38:35,41551,
12:38:36,41732,
12:38:37,43150,
12:38:38,39996,
12:38:39,43547,
12:38:40,40084,
12:38:41,43442,
12:38:42,41768,
12:38:43,41654,
12:38:44,43248,
12:38:45,40112,
12:38:46,43499,
12:38:47,40193,
12:38:48,43032,
12:38:49,42278,
12:38:50,41298,
12:38:51,43397,
12:38:52,39953,
12:38:53,43712,
12:38:54,40333,
12:38:55,42825,
12:38:56,43975,
12:38:57,41864,
12:38:58,43621,
12:38:59,39990,
12:39:00,43586,
12:39:01,40475,
12:39:02,42464,
12:39:03,42430,
12:39:04,40293,
12:39:05,43086,
12:39:06,39420,
12:39:07,43032,
12:39:08,41034,
12:39:09,41726,
12:39:10,43102,
12:39:11,39790,
12:39:12,43149,
12:39:13,39516,
12:39:14,43088,
12:39:15,41486,
12:39:16,41187,
12:39:17,43077,
12:39:18,39774,
12:39:19,43226,
12:39:20,39970,
12:39:21,42678,
12:39:22,41835,
12:39:23,40971,
12:39:24,43110,
12:39:25,39463,
12:39:26,43473,
12:39:27,40415,
12:39:28,42202,
12:39:29,42452,
12:39:30,40164,
12:39:31,43201,
12:39:32,39736,
12:39:33,43081,
12:39:34,40820,
12:39:35,41703,
12:39:36,43025,
12:39:37,40262,
12:39:38,43656,
12:39:39,39732,
12:39:40,43106,
12:39:41,41436,
12:39:42,41280,
12:39:43,42951,
12:39:44,39678,
12:39:45,43266,
12:39:46,39966,
12:39:47,42876,
12:39:48,41931,
12:39:49,40769,
12:39:50,42943,
12:39:51,39640,
12:39:52,43152,
12:39:53,39912,
12:39:54,39706,
12:39:55,42578,
12:39:56,40045,
12:39:57,43187,
12:39:58,37917,
12:39:59,39972,
12:40:00,37758,
12:40:01,39371,
12:40:02,42021,
12:40:03,38334,
12:40:04,41462,
12:40:05,37682,
12:40:06,39778,
12:40:07,37776,
12:40:08,37400,
12:40:09,40751,
12:40:10,37585,
12:40:11,41065,
12:40:12,39367,
12:40:13,42503,
12:40:14,41192,
12:40:15,39197,
12:40:16,42297,
12:40:17,39179,
12:40:18,42933,
12:40:19,40437,
12:40:20,41632,
12:40:21,41689,
12:40:22,39836,
12:40:23,42791,
12:40:24,39006,
12:40:25,42245,
12:40:26,40205,
12:40:27,39752,
12:40:28,40656,
12:40:29,37053,
12:40:30,39960,
12:40:31,37327,
12:40:32,38849,
12:40:33,39337,
12:40:34,38950,
12:40:35,40622,
12:40:36,36811,
12:40:37,40267,
12:40:38,37625,
12:40:39,38476,
12:40:40,39224,
12:40:41,37666,
12:40:42,40990,
12:40:43,37701,
12:40:44,40328,
12:40:45,37793,
12:40:46,38338,
12:40:47,41521,
12:40:48,39532,
12:40:49,42961,
12:40:50,39530,
12:40:51,42218,
12:40:52,41351,
12:40:53,40788,
12:40:54,42854,
12:40:55,39131,
12:40:56,42847,
12:40:57,38953,
12:40:58,41352,
12:40:59,41621,
12:41:00,40020,
12:41:01,42801,
12:41:02,39213,
12:41:03,42395,
12:41:04,41486,
12:41:05,42705,
12:41:06,42572,
12:41:07,39803,
12:41:08,42834,
12:41:09,39109,
12:41:10,41974,
12:41:11,40313,
12:41:12,40371,
12:41:13,41793,
12:41:14,38452,
12:41:15,42002,
12:41:16,39137,
12:41:17,41951,
12:41:18,41255,
12:41:19,39694,
12:41:20,42182,
12:41:21,38930,
12:41:22,41471,
12:41:23,38905,
12:41:24,40631,
12:41:25,41972,
12:41:26,38820,
12:41:27,41878,
12:41:28,38520,
12:41:29,39964,
12:41:30,39121,
12:41:31,36915,
12:41:32,38831,
12:41:33,35400,
12:41:34,39013,
12:41:35,39352,
12:41:36,39530,
12:41:37,39720,
12:41:38,36698,
12:41:39,38750,
12:41:40,33553,
12:41:41,39210,
12:41:42,38783,
12:41:43,39781,
12:41:44,40732,
12:41:45,36587,
12:41:46,39970,
12:41:47,37691,
12:41:48,41186,
12:41:49,40938,
12:41:50,39413,
12:41:51,42009,
12:41:52,38368,
12:41:53,40675,
12:41:54,38270,
12:41:55,40090,
12:41:56,40928,
12:41:57,38411,
12:41:58,41006,
12:41:59,37513,
12:42:00,41004,
12:42:01,39999,
12:42:02,39795,
12:42:03,41153,
12:42:04,37935,
12:42:05,41660,
12:42:06,38583,
12:42:07,40831,
12:42:08,40751,
12:42:09,38862,
12:42:10,41331,
12:42:11,38331,
12:42:12,41436,
12:42:13,39275,
12:42:14,40113,
12:42:15,41328,
12:42:16,38473,
12:42:17,41323,
12:42:18,38221,
12:42:19,41145,
12:42:20,40031,
12:42:21,38707,
12:42:22,41029,
12:42:23,38034,
12:42:24,41736,
12:42:25,38951,
12:42:26,40283,
12:42:27,40631,
12:42:28,37977,
12:42:29,40377,
12:42:30,37052,
12:42:31,40919,
12:42:32,39589,
12:42:33,39413,
12:42:34,40860,
12:42:35,37871,
12:42:36,41293,
12:42:37,38126,
12:42:38,40102,
12:42:39,40155,
12:42:40,38472,
12:42:41,39427,
12:42:42,35610,
12:42:43,40256,
12:42:44,38819,
12:42:45,39236,
12:42:46,40588,
12:42:47,37719,
12:42:48,40488,
12:42:49,37879,
12:42:50,39899,
12:42:51,39155,
12:42:52,37124,
12:42:53,39427,
12:42:54,36581,
12:42:55,39538,
12:42:56,38074,
12:42:57,37574,
12:42:58,37844,
12:42:59,37215,
12:43:00,40222,
12:43:01,37477,
12:43:02,39750,
12:43:03,39081,
12:43:04,38209,
12:43:05,40284,
12:43:06,37377,
12:43:07,40475,
12:43:08,38202,
12:43:09,38089,
12:43:10,39390,
12:43:11,36881,
12:43:12,38730,
12:43:13,35141,
12:43:14,38891,
12:43:15,39284,
12:43:16,38220,
12:43:17,38356,
12:43:18,36542,
12:43:19,39603,
12:43:20,37457,
12:43:21,39500,
12:43:22,39207,
12:43:23,37286,
12:43:24,39850,
12:43:25,36890,
12:43:26,39321,
12:43:27,37572,
12:43:28,37474,
12:43:29,38630,
12:43:30,36470,
12:43:31,39555,
12:43:32,37090,
12:43:33,39030,
12:43:34,39009,
12:43:35,37077,
12:43:36,39133,
12:43:37,36160,
12:43:38,39144,
12:43:39,37555,
12:43:40,37809,
12:43:41,39334,
12:43:42,36319,
12:43:43,39079,
12:43:44,34850,
12:43:45,35320,
12:43:46,36640,
12:43:47,36757,
12:43:48,38889,
12:43:49,36132,
12:43:50,38849,
12:43:51,36745,
12:43:52,37652,
12:43:53,38553,
12:43:54,35974,
12:43:55,38985,
12:43:56,35813,
12:43:57,38215,
12:43:58,37981,
12:43:59,36452,
12:44:00,38676,
12:44:01,36132,
12:44:02,38854,
12:44:03,37084,
12:44:04,37258,
12:44:05,38624,
12:44:06,36182,
12:44:07,38717,
12:44:08,35852,
12:44:09,37469,
12:44:10,37035,
12:44:11,34232,
12:44:12,36174,
12:44:13,33425,
12:44:14,37605,
12:44:15,35119,
12:44:16,32770,
12:44:17,33984,
12:44:18,33677,
12:44:19,35566,
12:44:20,32520,
12:44:21,35010,
12:44:22,35881,
12:44:23,31820,
12:44:24,33958,
12:44:25,30967,
12:44:26,31402,
12:44:27,29940,
12:44:28,29366,
12:44:29,32622,
12:44:30,30740,
12:44:31,31835,
12:44:32,29009,
12:44:33,29685,
12:44:34,30649,
12:44:35,30954,
12:44:36,34482,
12:44:37,33799,
12:44:38,37226,
12:44:39,35576,
12:44:40,36177,
12:44:41,37098,
12:44:42,34753,
12:44:43,37528,
12:44:44,34684,
12:44:45,35994,
12:44:46,35901,
12:44:47,35107,
12:44:48,37744,
12:44:49,34399,
12:44:50,37067,
12:44:51,34756,
12:44:52,35036,
12:44:53,36854,
12:44:54,35072,
12:44:55,37324,
12:44:56,35005,
12:44:57,37238,
12:44:58,36407,
12:44:59,34881,
12:45:00,37634,
12:45:01,34964,
12:45:02,38232,
12:45:03,36071,
12:45:04,36409,
12:45:05,37924,
12:45:06,35528,
12:45:07,37507,
12:45:08,35372,
12:45:09,36675,
12:45:10,36675,
12:45:11,34526,
12:45:12,36726,
12:45:13,33825,
12:45:14,36633,
12:45:15,34067,
12:45:16,34358,
12:45:17,36129,
12:45:18,34092,
12:45:19,38097,
12:45:20,34809,
12:45:21,33052,
12:45:22,33799,
12:45:23,33641,
12:45:24,36164,
12:45:25,33175,
12:45:26,36001,
12:45:27,35127,
12:45:28,34578,
12:45:29,35340,
12:45:30,31394,
12:45:31,33135,
12:45:32,33181,
12:45:33,34849,
12:45:34,35900,
12:45:35,33408,
12:45:36,36045,
12:45:37,32854,
12:45:38,35364,
12:45:39,34676,
12:45:40,33712,
12:45:41,35273,
12:45:42,31647,
12:45:43,33946,
12:45:44,32725,
12:45:45,31416,
12:45:46,33476,
12:45:47,32435,
12:45:48,34619,
12:45:49,32535,
12:45:50,33689,
12:45:51,32251,
12:45:52,33344,
12:45:53,33074,
12:45:54,30011,
12:45:55,34440,
12:45:56,34045,
12:45:57,33881,
12:45:58,34970,
12:45:59,32382,
12:46:00,35460,
12:46:01,33296,
12:46:02,34788,
12:46:03,34771,
12:46:04,33387,
12:46:05,35094,
12:46:06,32697,
12:46:07,34615,
12:46:08,33649,
12:46:09,33355,
12:46:10,34623,
12:46:11,32574,
12:46:12,35199,
12:46:13,32871,
12:46:14,34309,
12:46:15,34342,
12:46:16,32376,
12:46:17,34394,
12:46:18,32202,
12:46:19,34885,
12:46:20,33867,
12:46:21,33316,
12:46:22,34751,
12:46:23,32224,
12:46:24,34903,
12:46:25,32806,
12:46:26,33923,
12:46:27,31956,
12:46:28,31453,
12:46:29,34629,
12:46:30,32140,
12:46:31,34102,
12:46:32,33189,
12:46:33,32692,
12:46:34,32901,
12:46:35,31907,
12:46:36,34495,
12:46:37,32755,
12:46:38,32915,
12:46:39,34145,
12:46:40,32125,
12:46:41,34466,
12:46:42,32216,
12:46:43,34103,
12:46:44,33969,
12:46:45,32460,
12:46:46,34744,
12:46:47,31642,
12:46:48,34296,
12:46:49,33018,
12:46:50,33203,
12:46:51,34555,
12:46:52,32180,
12:46:53,34555,
12:46:54,32435,
12:46:55,34442,
12:46:56,34315,
12:46:57,32549,
12:46:58,34602,
12:46:59,32126,
12:47:00,34595,
12:47:01,32991,
12:47:02,32839,
12:47:03,34238,
12:47:04,32015,
12:47:05,34364,
12:47:06,31815,
12:47:07,33472,
12:47:08,33744,
12:47:09,31668,
12:47:10,34046,
12:47:11,31718,
12:47:12,33746,
12:47:13,32623,
12:47:14,32371,
12:47:15,33131,
12:47:16,30670,
12:47:17,32821,
12:47:18,30697,
12:47:19,31873,
12:47:20,32704,
12:47:21,30987,
12:47:22,32807,
12:47:23,31082,
12:47:24,33550,
12:47:25,33189,
12:47:26,32489,
12:47:27,33947,
12:47:28,31306,
12:47:29,33692,
12:47:30,31716,
12:47:31,32709,
12:47:32,33205,
12:47:33,31319,
12:47:34,33263,
12:47:35,31175,
12:47:36,32765,
12:47:37,32904,
12:47:38,31668,
12:47:39,33510,
12:47:40,31182,
12:47:41,33536,
12:47:42,32053,
12:47:43,32016,
12:47:44,33006,
12:47:45,31146,
12:47:46,34079,
12:47:47,31690,
12:47:48,32219,
12:47:49,32832,
12:47:50,31386,
12:47:51,33404,
12:47:52,31295,
12:47:53,32876,
12:47:54,32162,
12:47:55,31690,
12:47:56,33171,
12:47:57,30843,
12:47:58,33316,
12:47:59,31652,
12:48:00,32865,
12:48:01,32461,
12:48:02,30656,
12:48:03,32399,
12:48:04,30464,
12:48:05,33103,
12:48:06,32391,
12:48:07,31487,
12:48:08,33055,
12:48:09,30279,
12:48:10,33075,
12:48:11,32002,
12:48:12,32377,
12:48:13,33092,
12:48:14,31067,
12:48:15,33409,
12:48:16,31104,
12:48:17,32531,
12:48:18,32390,
12:48:19,30942,
12:48:20,32659,
12:48:21,30254,
12:48:22,32408,
12:48:23,31491,
12:48:24,31191,
12:48:25,32677,
12:48:26,30271,
12:48:27,32763,
12:48:28,31150,
12:48:29,31652,
12:48:30,31516,
12:48:31,30674,
12:48:32,32918,
12:48:33,30646,
12:48:34,32513,
12:48:35,31296,
12:48:36,30569,
12:48:37,32543,
12:48:38,30292,
12:48:39,32721,
12:48:40,31143,
12:48:41,31501,
12:48:42,32709,
12:48:43,30240,
12:48:44,32654,
12:48:45,30531,
12:48:46,31952,
12:48:47,31942,
12:48:48,30564,
12:48:49,32507,
12:48:50,30146,
12:48:51,32005,
12:48:52,31202,
12:48:53,30191,
12:48:54,31961,
12:48:55,30049,
12:48:56,32341,
12:48:57,30733,
12:48:58,31887,
12:48:59,32165,
12:49:00,29623,
12:49:01,31475,
12:49:02,29751,
12:49:03,31731,
12:49:04,31174,
12:49:05,30315,
12:49:06,31858,
12:49:07,29743,
12:49:08,31771,
12:49:09,30325,
12:49:10,30902,
12:49:11,32256,
12:49:12,30163,
12:49:13,31707,
12:49:14,29307,
12:49:15,30446,
12:49:16,30980,
12:49:17,29490,
12:49:18,31530,
12:49:19,29421,
12:49:20,31702,
12:49:21,31014,
12:49:22,30409,
12:49:23,32648,
12:49:24,30066,
12:49:25,31671,
12:49:26,30137,
12:49:27,30635,
12:49:28,31764,
12:49:29,29555,
12:49:30,32169,
12:49:31,29899,
12:49:32,31326,
12:49:33,31181,
12:49:34,29893,
12:49:35,31848,
12:49:36,29220,
12:49:37,31545,
12:49:38,30571,
12:49:39,30333,
12:49:40,31654,
12:49:41,29550,
12:49:42,31760,
12:49:43,29675,
12:49:44,30819,
12:49:45,31080,
12:49:46,29382,
12:49:47,31675,
12:49:48,29406,
12:49:49,31198,
12:49:50,30674,
12:49:51,29367,
12:49:52,31286,
12:49:53,29151,
12:49:54,31317,
12:49:55,30026,
12:49:56,30315,
12:49:57,31143,
12:49:58,28995,
12:49:59,31406,
12:50:00,29467,
12:50:01,30502,
12:50:02,30436,
12:50:03,29062,
12:50:04,31285,
12:50:05,28786,
12:50:06,31052,
12:50:07,29872,
12:50:08,29143,
12:50:09,30420,
12:50:10,28293,
12:50:11,30932,
12:50:12,29238,
12:50:13,29916,
12:50:14,30149,
12:50:15,28799,
12:50:16,31080,
12:50:17,28953,
12:50:18,30766,
12:50:19,30308,
12:50:20,29253,
12:50:21,31067,
12:50:22,28397,
12:50:23,30695,
12:50:24,29457,
12:50:25,29781,
12:50:26,30704,
12:50:27,28298,
12:50:28,30638,
12:50:29,28705,
12:50:30,29967,
12:50:31,29266,
12:50:32,28315,
12:50:33,30268,
12:50:34,27996,
12:50:35,30270,
12:50:36,28752,
12:50:37,29066,
12:50:38,29534,
12:50:39,27435,
12:50:40,30748,
12:50:41,28817,
12:50:42,30631,
12:50:43,29702,
12:50:44,28894,
12:50:45,30305,
12:50:46,27610,
12:50:47,29754,
12:50:48,28080,
12:50:49,29474,
12:50:50,28767,
12:50:51,28073,
12:50:52,30321,
12:50:53,28959,
12:50:54,30166,
12:50:55,28181,
12:50:56,28522,
12:50:57,29760,
12:50:58,28456,
12:50:59,30547,
12:51:00,27807,
12:51:01,30138,
12:51:02,28903,
12:51:03,29437,
12:51:04,29830,
12:51:05,27450,
12:51:06,29549,
12:51:07,27485,
12:51:08,29066,
12:51:09,27634,
12:51:10,28414,
12:51:11,28359,
12:51:12,26715,
12:51:13,28352,
12:51:14,26020,
12:51:15,28593,
12:51:16,27489,
12:51:17,29587,
12:51:18,29149,
12:51:19,28749,
12:51:20,29221,
12:51:21,27269,
12:51:22,28652,
12:51:23,27276,
12:51:24,29616,
12:51:25,27700,
12:51:26,29397,
12:51:27,28378,
12:51:28,28024,
12:51:29,28419,
12:51:30,26931,
12:51:31,28592,
12:51:32,26340,
12:51:33,28355,
12:51:34,26720,
12:51:35,28878,
12:51:36,27823,
12:51:37,29273,
12:51:38,28366,
12:51:39,29037,
12:51:40,28739,
12:51:41,28073,
12:51:42,28166,
12:51:43,26161,
12:51:44,29580,
12:51:45,27241,
12:51:46,29051,
12:51:47,26018,
12:51:48,27989,
12:51:49,25880,
12:51:50,28987,
12:51:51,26996,
12:51:52,28919,
12:51:53,26738,
12:51:54,27350,
12:51:55,26369,
12:51:56,28520,
12:51:57,27390,
12:51:58,28819,
12:51:59,26904,
12:52:00,27759,
12:52:01,26576,
12:52:02,27341,
12:52:03,27643,
12:52:04,28105,
12:52:05,27752,
12:52:06,27721,
12:52:07,27328,
12:52:08,27816,
12:52:09,27662,
12:52:10,27529,
12:52:11,27579,
12:52:12,27372,
12:52:13,27282,
12:52:14,27405,
12:52:15,26425,
12:52:16,27061,
12:52:17,26296,
12:52:18,27529,
12:52:19,26235,
12:52:20,27988,
12:52:21,26680,
12:52:22,27617,
12:52:23,26018,
12:52:24,28455,
12:52:25,26107,
12:52:26,28550,
12:52:27,26490,
12:52:28,28709,
12:52:29,27675,
12:52:30,28655,
12:52:31,25125,
12:52:32,26597,
12:52:33,25990,
12:52:34,27204,
12:52:35,26547,
12:52:36,27121,
12:52:37,27332,
12:52:38,26603,
12:52:39,27361,
12:52:40,26160,
12:52:41,27939,
12:52:42,25737,
12:52:43,28352,
12:52:44,25800,
12:52:45,28180,
12:52:46,25646,
12:52:47,28170,
12:52:48,26067,
12:52:49,27224,
12:52:50,26034,
12:52:51,26682,
12:52:52,26770,
12:52:53,26210,
12:52:54,27132,
12:52:55,23174,
12:52:56,24228,
12:52:57,23026,
12:52:58,26066,
12:52:59,22737,
12:53:00,25865,
12:53:01,25197,
12:53:02,27290,
12:53:03,25468,
12:53:04,26897,
12:53:05,26264,
12:53:06,26053,
12:53:07,26509,
12:53:08,25181,
12:53:09,25272,
12:53:10,23817,
12:53:11,26382,
12:53:12,24808,
12:53:13,27007,
12:53:14,24552,
12:53:15,26239,
12:53:16,23867,
12:53:17,25662,
12:53:18,24394,
12:53:19,26049,
12:53:20,25224,
12:53:21,25839,
12:53:22,25877,
12:53:23,25554,
12:53:24,26519,
12:53:25,24830,
12:53:26,25444,
12:53:27,23641,
12:53:28,25962,
12:53:29,23817,
12:53:30,26391,
12:53:31,24362,
12:53:32,26629,
12:53:33,24495,
12:53:34,26805,
12:53:35,24762,
12:53:36,26045,
12:53:37,23682,
12:53:38,24474,
12:53:39,22848,
12:53:40,21960,
12:53:41,21042,
12:53:42,21474,
12:53:43,21295,
12:53:44,20937,
12:53:45,22478,
12:53:46,24406,
12:53:47,23023,
12:53:48,21292,
12:53:49,22712,
12:53:50,22802,
12:53:51,24711,
12:53:52,23933,
12:53:53,25661,
12:53:54,24058,
12:53:55,25851,
12:53:56,24182,
12:53:57,25356,
12:53:58,23926,
12:53:59,25197,
12:54:00,23817,
12:54:01,25625,
12:54:02,24188,
12:54:03,25412,
12:54:04,24107,
12:54:05,24910,
12:54:06,24191,
12:54:07,24893,
12:54:08,24023,
12:54:09,23696,
12:54:10,24001,
12:54:11,24190,
12:54:12,24169,
12:54:13,23697,
12:54:14,24514,
12:54:15,24065,
12:54:16,25188,
12:54:17,23495,
12:54:18,24769,
12:54:19,23831,
12:54:20,24921,
12:54:21,23197,
12:54:22,24805,
12:54:23,22420,
12:54:24,24954,
12:54:25,23153,
12:54:26,25376,
12:54:27,23203,
12:54:28,24958,
12:54:29,23507,
12:54:30,24023,
12:54:31,24040,
12:54:32,23334,
12:54:33,24860,
12:54:34,23227,
12:54:35,25096,
12:54:36,22986,
12:54:37,25001,
12:54:38,23202,
12:54:39,24232,
12:54:40,23801,
12:54:41,22975,
12:54:42,24486,
12:54:43,22633,
12:54:44,24690,
12:54:45,22568,
12:54:46,24330,
12:54:47,23552,
12:54:48,23294,
12:54:49,24439,
12:54:50,22593,
12:54:51,24599,
12:54:52,22705,
12:54:53,24280,
12:54:54,23632,
12:54:55,23160,
12:54:56,24156,
12:54:57,22562,
12:54:58,25090,
12:54:59,23459,
12:55:00,23696,
12:55:01,24177,
12:55:02,22543,
12:55:03,25092,
12:55:04,23356,
12:55:05,24411,
12:55:06,24310,
12:55:07,22853,
12:55:08,24835,
12:55:09,22767,
12:55:10,24254,
12:55:11,24114,
12:55:12,22879,
12:55:13,24614,
12:55:14,22899,
12:55:15,24076,
12:55:16,23949,
12:55:17,21837,
12:55:18,24231,
12:55:19,23006,
12:55:20,23167,
12:55:21,24349,
12:55:22,22268,
12:55:23,24076,
12:55:24,22915,
12:55:25,22615,
12:55:26,24367,
12:55:27,22552,
12:55:28,23908,
12:55:29,24030,
12:55:30,22485,
12:55:31,24164,
12:55:32,22726,
12:55:33,19300,
12:55:34,20063,
12:55:35,20952,
12:55:36,23168,
12:55:37,23904,
12:55:38,21484,
12:55:39,22148,
12:55:40,21324,
12:55:41,20933,
12:55:42,23470,
12:55:43,22100,
12:55:44,20622,
12:55:45,23136,
12:55:46,22688,
12:55:47,22234,
12:55:48,23809,
12:55:49,22550,
12:55:50,22251,
12:55:51,23592,
12:55:52,22277,
12:55:53,22770,
12:55:54,23434,
12:55:55,22151,
12:55:56,22560,
12:55:57,23490,
12:55:58,22085,
12:55:59,22501,
12:56:00,23629,
12:56:01,22379,
12:56:02,22815,
12:56:03,23614,
12:56:04,22138,
12:56:05,22155,
12:56:06,23318,
12:56:07,22631,
12:56:08,22751,
12:56:09,23546,
12:56:10,22652,
12:56:11,22350,
12:56:12,23605,
12:56:13,22043,
12:56:14,20141,
12:56:15,23000,
12:56:16,22691,
12:56:17,21494,
12:56:18,23168,
12:56:19,23025,
12:56:20,21300,
12:56:21,22220,
12:56:22,22858,
12:56:23,21632,
12:56:24,21906,
12:56:25,23188,
12:56:26,22468,
12:56:27,21483,
12:56:28,22874,
12:56:29,22953,
12:56:30,21095,
12:56:31,22320,
12:56:32,22561,
12:56:33,21611,
12:56:34,21072,
12:56:35,22514,
12:56:36,22567,
12:56:37,20921,
12:56:38,21938,
12:56:39,22437,
12:56:40,21285,
12:56:41,21100,
12:56:42,22645,
12:56:43,22444,
12:56:44,21203,
12:56:45,21952,
12:56:46,22490,
12:56:47,21775,
12:56:48,21075,
12:56:49,22787,
12:56:50,22748,
12:56:51,21345,
12:56:52,21835,
12:56:53,22559,
12:56:54,21924,
12:56:55,20915,
12:56:56,22462,
12:56:57,22269,
12:56:58,21409,
12:56:59,21302,
12:57:00,22487,
12:57:01,22007,
12:57:02,20883,
12:57:03,21786,
12:57:04,22413,
12:57:05,21775,
12:57:06,20323,
12:57:07,22077,
12:57:08,22264,
12:57:09,21630,
12:57:10,20990,
12:57:11,22351,
12:57:12,21290,
12:57:13,20038,
12:57:14,19534,
12:57:15,19292,
12:57:16,19589,
12:57:17,20113,
12:57:18,21608,
12:57:19,22220,
12:57:20,21470,
12:57:21,20926,
12:57:22,22102,
12:57:23,22115,
12:57:24,21040,
12:57:25,20984,
12:57:26,22477,
12:57:27,21937,
12:57:28,20930,
12:57:29,21453,
12:57:30,22004,
12:57:31,21656,
12:57:32,20599,
12:57:33,21828,
12:57:34,22883,
12:57:35,21025,
12:57:36,20796,
12:57:37,21859,
12:57:38,21042,
12:57:39,20084,
12:57:40,20836,
12:57:41,21862,
12:57:42,21169,
12:57:43,19861,
12:57:44,21165,
12:57:45,21647,
12:57:46,20600,
12:57:47,19808,
12:57:48,21446,
12:57:49,21462,
12:57:50,20297,
12:57:51,20615,
12:57:52,21899,
12:57:53,21328,
12:57:54,20196,
12:57:55,21620,
12:57:56,21722,
12:57:57,20438,
12:57:58,20695,
12:57:59,21769,
12:58:00,20673,
12:58:01,19829,
12:58:02,21690,
12:58:03,20902,
12:58:04,18080,
12:58:05,18887,
12:58:06,20124,
12:58:07,18802,
12:58:08,19222,
12:58:09,19655,
12:58:10,19012,
12:58:11,18695,
12:58:12,20014,
12:58:13,18919,
12:58:14,18259,
12:58:15,20095,
12:58:16,19553,
12:58:17,18863,
12:58:18,20029,
12:58:19,19341,
12:58:20,19534,
12:58:21,20830,
12:58:22,19889,
12:58:23,19813,
12:58:24,21176,
12:58:25,19858,
12:58:26,20012,
12:58:27,21124,
12:58:28,19280,
12:58:29,20599,
12:58:30,20633,
12:58:31,19251,
12:58:32,20926,
12:58:33,19580,
12:58:34,19680,
12:58:35,20312,
12:58:36,18975,
12:58:37,20903,
12:58:38,19653,
12:58:39,19566,
12:58:40,20308,
12:58:41,18689,
12:58:42,20724,
12:58:43,19039,
12:58:44,19775,
12:58:45,20088,
12:58:46,18852,
12:58:47,20976,
12:58:48,18761,
12:58:49,20198,
12:58:50,18517,
12:58:51,19633,
12:58:52,19684,
12:58:53,19499,
12:58:54,20224,
12:58:55,18907,
12:58:56,20581,
12:58:57,18644,
12:58:58,20649,
12:58:59,18478,
12:59:00,20565,
12:59:01,18448,
12:59:02,19229,
12:59:03,17425,
12:59:04,18730,
12:59:05,18126,
12:59:06,18759,
12:59:07,17374,
12:59:08,19072,
12:59:09,18867,
12:59:10,19969,
12:59:11,19199,
12:59:12,19995,
12:59:13,18579,
12:59:14,19862,
12:59:15,18661,
12:59:16,20159,
12:59:17,18341,
12:59:18,20210,
12:59:19,18167,
12:59:20,20070,
12:59:21,18220,
12:59:22,19492,
12:59:23,19374,
12:59:24,18608,
12:59:25,20140,
12:59:26,18110,
12:59:27,19862,
12:59:28,18384,
12:59:29,19104,
12:59:30,19033,
12:59:31,17855,
12:59:32,19608,
12:59:33,17971,
12:59:34,19024,
12:59:35,18573,
12:59:36,17874,
12:59:37,19428,
12:59:38,17805,
12:59:39,18801,
12:59:40,18971,
12:59:41,17767,
12:59:42,19008,
12:59:43,18316,
12:59:44,17266,
12:59:45,18637,
12:59:46,18195,
12:59:47,17358,
12:59:48,18412,
12:59:49,18434,
12:59:50,17558,
12:59:51,17189,
12:59:52,18140,
12:59:53,18063,
12:59:54,17460,
12:59:55,17409,
12:59:56,18195,
12:59:57,18339,
12:59:58,17577,
12:59:59,16796,
13:00:00,16951,
13:00:01,17418,
13:00:02,17911,
13:00:03,18217,
13:00:04,17613,
13:00:05,17361,
13:00:06,17039,
13:00:07,17056,
13:00:08,17295,
13:00:09,17666,
13:00:10,17393,
13:00:11,17098,
13:00:12,16699,
13:00:13,16722,
13:00:14,16719,
13:00:15,16891,
13:00:16,17036,
13:00:17,17472,
13:00:18,17522,
13:00:19,17651,
13:00:20,17355,
13:00:21,17055,
13:00:22,16716,
13:00:23,16739,
13:00:24,16780,
13:00:25,16865,
13:00:26,16733,
13:00:27,17180,
13:00:28,17227,
13:00:29,17304,
13:00:30,17441,
13:00:31,17372,
13:00:32,17180,
13:00:33,17116,
13:00:34,16951,
13:00:35,16910,
13:00:36,17026,
13:00:37,16820,
13:00:38,16922,
13:00:39,17134,
13:00:40,17279,
13:00:41,17357,
13:00:42,17131,
13:00:43,16484,
13:00:44,16097,
13:00:45,15898,
13:00:46,15608,
13:00:47,15694,
13:00:48,15610,
13:00:49,15976,
13:00:50,16486,
13:00:51,16796,
13:00:52,16761,
13:00:53,16595,
13:00:54,17015,
13:00:55,16729,
13:00:56,16378,
13:00:57,16547,
13:00:58,16473,
13:00:59,16022,
13:01:00,15971,
13:01:01,15784,
13:01:02,15553,
13:01:03,16015,
13:01:04,16072,
13:01:05,16210,
13:01:06,16766,
13:01:07,16375,
13:01:08,16580,
13:01:09,16149,
13:01:10,16360,
13:01:11,16034,
13:01:12,16285,
13:01:13,16393,
13:01:14,16778,
13:01:15,16640,
13:01:16,16972,
13:01:17,16835,
13:01:18,16306,
13:01:19,16212,
13:01:20,16426,
13:01:21,16582,
13:01:22,16816,
13:01:23,16697,
13:01:24,16398,
13:01:25,16129,
13:01:26,15869,
13:01:27,15786,
13:01:28,15898,
13:01:29,16067,
13:01:30,16324,
13:01:31,16506,
13:01:32,16562,
13:01:33,16505,
13:01:34,16401,
13:01:35,16406,
13:01:36,16135,
13:01:37,16071,
13:01:38,16100,
13:01:39,16082,
13:01:40,16312,
13:01:41,16661,
13:01:42,16864,
13:01:43,16464,
13:01:44,16789,
13:01:45,16332,
13:01:46,16394,
13:01:47,16656,
13:01:48,16456,
13:01:49,16033,
13:01:50,15708,
13:01:51,15907,
13:01:52,15944,
13:01:53,16403,
13:01:54,16448,
13:01:55,16519,
13:01:56,16504,
13:01:57,16421,
13:01:58,16194,
13:01:59,16119,
13:02:00,16013,
13:02:01,16005,
13:02:02,15965,
13:02:03,16203,
13:02:04,16131,
13:02:05,16090,
13:02:06,16159,
13:02:07,16317,
13:02:08,16367,
13:02:09,16558,
13:02:10,16821,
13:02:11,16781,
13:02:12,15805,
13:02:13,16211,
13:02:14,16119,
13:02:15,16269,
13:02:16,16220,
13:02:17,16079,
13:02:18,16122,
13:02:19,16165,
13:02:20,16310,
13:02:21,16495,
13:02:22,16541,
13:02:23,16616,
13:02:24,16553,
13:02:25,16487,
13:02:26,16312,
13:02:27,16163,
13:02:28,16018,
13:02:29,15862,
13:02:30,15969,
13:02:31,15850,
13:02:32,16230,
13:02:33,16657,
13:02:34,16726,
13:02:35,16767,
13:02:36,16363,
13:02:37,16299,
13:02:38,15960,
13:02:39,15825,
13:02:40,15845,
13:02:41,16045,
13:02:42,15853,
13:02:43,15562,
13:02:44,15716,
13:02:45,16374,
13:02:46,16207,
13:02:47,16292,
13:02:48,16342,
13:02:49,16640,
13:02:50,16387,
13:02:51,16132,
13:02:52,16076,
13:02:53,16024,
13:02:54,16320,
13:02:55,16157,
13:02:56,16078,
13:02:57,16104,
13:02:58,16338,
13:02:59,16143,
13:03:00,15935,
13:03:01,16040,
13:03:02,16373,
13:03:03,16722,
13:03:04,16432,
13:03:05,16319,
13:03:06,15689,
13:03:07,15009,
13:03:08,15121,
13:03:09,15381,
13:03:10,15603,
13:03:11,15586,
13:03:12,15818,
13:03:13,15876,
13:03:14,15908,
13:03:15,16194,
13:03:16,16152,
13:03:17,16023,
13:03:18,15822,
13:03:19,15755,
13:03:20,15951,
13:03:21,15905,
13:03:22,16136,
13:03:23,16395,
13:03:24,16277,
13:03:25,16068,
13:03:26,15734,
13:03:27,16132,
13:03:28,16178,
13:03:29,16050,
13:03:30,15927,
13:03:31,15717,
13:03:32,15333,
13:03:33,15653,
13:03:34,15768,
13:03:35,15941,
13:03:36,16268,
13:03:37,16099,
13:03:38,16193,
13:03:39,16318,
13:03:40,16116,
13:03:41,16075,
13:03:42,15754,
13:03:43,15694,
13:03:44,15704,
13:03:45,15429,
13:03:46,15684,
13:03:47,15808,
13:03:48,15783,
13:03:49,15917,
13:03:50,16056,
13:03:51,16021,
13:03:52,16166,
13:03:53,15891,
13:03:54,15774,
13:03:55,15764,
13:03:56,15514,
13:03:57,15195,
13:03:58,15408,
13:03:59,15472,
13:04:00,15572,
13:04:01,16134,
13:04:02,16143,
13:04:03,15935,
13:04:04,15738,
13:04:05,15593,
13:04:06,15257,
13:04:07,15603,
13:04:08,15694,
13:04:09,15517,
13:04:10,15750,
13:04:11,15945,
13:04:12,15865,
13:04:13,16183,
13:04:14,15839,
13:04:15,15898,
13:04:16,16033,
13:04:17,15848,
13:04:18,15793,
13:04:19,15702,
13:04:20,15605,
13:04:21,15614,
13:04:22,15880,
13:04:23,15673,
13:04:24,15007,
13:04:25,15150,
13:04:26,15318,
13:04:27,15243,
13:04:28,14978,
13:04:29,15413,
13:04:30,15516,
13:04:31,15866,
13:04:32,15692,
13:04:33,15624,
13:04:34,15489,
13:04:35,14826,
13:04:36,13948,
13:04:37,13362,
13:04:38,14825,
13:04:39,15449,
13:04:40,15711,
13:04:41,15623,
13:04:42,15755,
13:04:43,15491,
13:04:44,15574,
13:04:45,15368,
13:04:46,15208,
13:04:47,15121,
13:04:48,15241,
13:04:49,15550,
13:04:50,15658,
13:04:51,15292,
13:04:52,15511,
13:04:53,15152,
13:04:54,15163,
13:04:55,14510,
13:04:56,14650,
13:04:57,14962,
13:04:58,14936,
13:04:59,14592,
13:05:00,15156,
13:05:01,15376,
13:05:02,15404,
13:05:03,15433,
13:05:04,15370,
13:05:05,15468,
13:05:06,15276,
13:05:07,15330,
13:05:08,15251,
13:05:09,15333,
13:05:10,15315,
13:05:11,15412,
13:05:12,15397,
13:05:13,15671,
13:05:14,15814,
13:05:15,15685,
13:05:16,15437,
13:05:17,15432,
13:05:18,15524,
13:05:19,15426,
13:05:20,15369,
13:05:21,15229,
13:05:22,15218,
13:05:23,14946,
13:05:24,15134,
13:05:25,15167,
13:05:26,15273,
13:05:27,15351,
13:05:28,15346,
13:05:29,15603,
13:05:30,15459,
13:05:31,15751,
13:05:32,15635,
13:05:33,15559,
13:05:34,15409,
13:05:35,15463,
13:05:36,15380,
13:05:37,15163,
13:05:38,15244,
13:05:39,15184,
13:05:40,15049,
13:05:41,15024,
13:05:42,15244,
13:05:43,15538,
13:05:44,15595,
13:05:45,15221,
13:05:46,15399,
13:05:47,15195,
13:05:48,15281,
13:05:49,15026,
13:05:50,15128,
13:05:51,15072,
13:05:52,14904,
13:05:53,14975,
13:05:54,15546,
13:05:55,15136,
13:05:56,14868,
13:05:57,14815,
13:05:58,14881,
13:05:59,15104,
13:06:00,15120,
13:06:01,15392,
13:06:02,15319,
13:06:03,14950,
13:06:04,14655,
13:06:05,14692,
13:06:06,14678,
13:06:07,15131,
13:06:08,15067,
13:06:09,14943,
13:06:10,14984,
13:06:11,15166,
13:06:12,15037,
13:06:13,14840,
13:06:14,14886,
13:06:15,14945,
13:06:16,14863,
13:06:17,14850,
13:06:18,14173,
13:06:19,14384,
13:06:20,15062,
13:06:21,15198,
13:06:22,14900,
13:06:23,14788,
13:06:24,14710,
13:06:25,14677,
13:06:26,14740,
13:06:27,14545,
13:06:28,14992,
13:06:29,15028,
13:06:30,14911,
13:06:31,14703,
13:06:32,14649,
13:06:33,14359,
13:06:34,14261,
13:06:35,14290,
13:06:36,14022,
13:06:37,14052,
13:06:38,14162,
13:06:39,14433,
13:06:40,14577,
13:06:41,14343,
13:06:42,14124,
13:06:43,13859,
13:06:44,14301,
13:06:45,14910,
13:06:46,14988,
13:06:47,14793,
13:06:48,14470,
13:06:49,14688,
13:06:50,14943,
13:06:51,14915,
13:06:52,14977,
13:06:53,14804,
13:06:54,15020,
13:06:55,14944,
13:06:56,14902,
13:06:57,14703,
13:06:58,14754,
13:06:59,14769,
13:07:00,14551,
13:07:01,14619,
13:07:02,14400,
13:07:03,13838,
13:07:04,13135,
13:07:05,13025,
13:07:06,13481,
13:07:07,13837,
13:07:08,13922,
13:07:09,14215,
13:07:10,14490,
13:07:11,14960,
13:07:12,14751,
13:07:13,14577,
13:07:14,14715,
13:07:15,14218,
13:07:16,13800,
13:07:17,13499,
13:07:18,13487,
13:07:19,13539,
13:07:20,13888,
13:07:21,14030,
13:07:22,13552,
13:07:23,13876,
13:07:24,14031,
13:07:25,14076,
13:07:26,14065,
13:07:27,13597,
13:07:28,13210,
13:07:29,13163,
13:07:30,13744,
13:07:31,14680,
13:07:32,14763,
13:07:33,14399,
13:07:34,14352,
13:07:35,13951,
13:07:36,13794,
13:07:37,13661,
13:07:38,13495,
13:07:39,13872,
13:07:40,13710,
13:07:41,13644,
13:07:42,13898,
13:07:43,13685,
13:07:44,13536,
13:07:45,13547,
13:07:46,13523,
13:07:47,13747,
13:07:48,14009,
13:07:49,14019,
13:07:50,14062,
13:07:51,13646,
13:07:52,13162,
13:07:53,13103,
13:07:54,13124,
13:07:55,13392,
13:07:56,13525,
13:07:57,13480,
13:07:58,13819,
13:07:59,13852,
13:08:00,14116,
13:08:01,14176,
13:08:02,14110,
13:08:03,13557,
13:08:04,13058,
13:08:05,13393,
13:08:06,13462,
13:08:07,13366,
13:08:08,13348,
13:08:09,13590,
13:08:10,13689,
13:08:11,13263,
13:08:12,13174,
13:08:13,13761,
13:08:14,14157,
13:08:15,13727,
13:08:16,13219,
13:08:17,13013,
13:08:18,13295,
13:08:19,13500,
13:08:20,13356,
13:08:21,13484,
13:08:22,13738,
13:08:23,13730,
13:08:24,13831,
13:08:25,13989,
13:08:26,13830,
13:08:27,13476,
13:08:28,13212,
13:08:29,13985,
13:08:30,14329,
13:08:31,14015,
13:08:32,13772,
13:08:33,13629,
13:08:34,13516,
13:08:35,13552,
13:08:36,13358,
13:08:37,13738,
13:08:38,13697,
13:08:39,13339,
13:08:40,13290,
13:08:41,12925,
13:08:42,13079,
13:08:43,13477,
13:08:44,13700,
13:08:45,13811,
13:08:46,14043,
13:08:47,14107,
13:08:48,13554,
13:08:49,13643,
13:08:50,13912,
13:08:51,13881,
13:08:52,13417,
13:08:53,12939,
13:08:54,12754,
13:08:55,12962,
13:08:56,13322,
13:08:57,13524,
13:08:58,13345,
13:08:59,13564,
13:09:00,13148,
13:09:01,13050,
13:09:02,13038,
13:09:03,13492,
13:09:04,13085,
13:09:05,13179,
13:09:06,13370,
13:09:07,13306,
13:09:08,13174,
13:09:09,13196,
13:09:10,13010,
13:09:11,13145,
13:09:12,12991,
13:09:13,12459,
13:09:14,12257,
13:09:15,13337,
13:09:16,13775,
13:09:17,13297,
13:09:18,12132,
13:09:19,12440,
13:09:20,12555,
13:09:21,12922,
13:09:22,13356,
13:09:23,13925,
13:09:24,13771,
13:09:25,13567,
13:09:26,12993,
13:09:27,13051,
13:09:28,12787,
13:09:29,12862,
13:09:30,12728,
13:09:31,13178,
13:09:32,13422,
13:09:33,13515,
13:09:34,13666,
13:09:35,13502,
13:09:36,13373,
13:09:37,13259,
13:09:38,13179,
13:09:39,13135,
13:09:40,13039,
13:09:41,13026,
13:09:42,13098,
13:09:43,13245,
13:09:44,12619,
13:09:45,11704,
13:09:46,12267,
13:09:47,12424,
13:09:48,12535,
13:09:49,12454,
13:09:50,12678,
13:09:51,12654,
13:09:52,12400,
13:09:53,12428,
13:09:54,12598,
13:09:55,12546,
13:09:56,12542,
13:09:57,12667,
13:09:58,12904,
13:09:59,12998,
13:10:00,13304,
13:10:01,13287,
13:10:02,13298,
13:10:03,13247,
13:10:04,13100,
13:10:05,13273,
13:10:06,13134,
13:10:07,13225,
13:10:08,12888,
13:10:09,12733,
13:10:10,12801,
13:10:11,12222,
13:10:12,12249,
13:10:13,12844,
13:10:14,13089,
13:10:15,13065,
13:10:16,13037,
13:10:17,12972,
13:10:18,13177,
13:10:19,13192,
13:10:20,13192,
13:10:21,13542,
13:10:22,13447,
13:10:23,13222,
13:10:24,13226,
13:10:25,12736,
13:10:26,13022,
13:10:27,13190,
13:10:28,13163,
13:10:29,13182,
13:10:30,13678,
13:10:31,13664,
13:10:32,13366,
13:10:33,13275,
13:10:34,13372,
13:10:35,13391,
13:10:36,12938,
13:10:37,13135,
13:10:38,13149,
13:10:39,13380,
13:10:40,13453,
13:10:41,13311,
13:10:42,13384,
13:10:43,13120,
13:10:44,13207,
13:10:45,13199,
13:10:46,12919,
13:10:47,13133,
13:10:48,13419,
13:10:49,13230,
13:10:50,13031,
13:10:51,13172,
13:10:52,13388,
13:10:53,12893,
13:10:54,12671,
13:10:55,13134,
13:10:56,13061,
13:10:57,13181,
13:10:58,13604,
13:10:59,13668,
13:11:00,13834,
13:11:01,13369,
13:11:02,13127,
13:11:03,13263,
13:11:04,12955,
13:11:05,13001,
13:11:06,12994,
13:11:07,12732,
13:11:08,12774,
13:11:09,12704,
13:11:10,13028,
13:11:11,13068,
13:11:12,12982,
13:11:13,12982,
13:11:14,12683,
13:11:15,12948,
13:11:16,13050,
13:11:17,13139,
13:11:18,13036,
13:11:19,13035,
13:11:20,13057,
13:11:21,12721,
13:11:22,12980,
13:11:23,12938,
13:11:24,13091,
13:11:25,13515,
13:11:26,13721,
13:11:27,13613,
13:11:28,13295,
13:11:29,13544,
13:11:30,13684,
13:11:31,13347,
13:11:32,13105,
13:11:33,13096,
13:11:34,13284,
13:11:35,13678,
13:11:36,13561,
13:11:37,13425,
13:11:38,13279,
13:11:39,13192,
13:11:40,13323,
13:11:41,13047,
13:11:42,12855,
13:11:43,12692,
13:11:44,12614,
13:11:45,13073,
13:11:46,13107,
13:11:47,12968,
13:11:48,12037,
13:11:49,12150,
13:11:50,12539,
13:11:51,12028,
13:11:52,12141,
13:11:53,12461,
13:11:54,12839,
13:11:55,12893,
13:11:56,13085,
13:11:57,13120,
13:11:58,13196,
13:11:59,13114,
13:12:00,12975,
13:12:01,13203,
13:12:02,13441,
13:12:03,13213,
13:12:04,13416,
13:12:05,13032,
13:12:06,13603,
13:12:07,13426,
13:12:08,13193,
13:12:09,13472,
13:12:10,13275,
13:12:11,13704,
13:12:12,13921,
13:12:13,13913,
13:12:14,13676,
13:12:15,14235,
13:12:16,14307,
13:12:17,14037,
13:12:18,13701,
13:12:19,13704,
13:12:20,13442,
13:12:21,13194,
13:12:22,13927,
13:12:23,14271,
13:12:24,13926,
13:12:25,14045,
13:12:26,13760,
13:12:27,13600,
13:12:28,13482,
13:12:29,13919,
13:12:30,14158,
13:12:31,13697,
13:12:32,13805,
13:12:33,13806,
13:12:34,13901,
13:12:35,14044,
13:12:36,12680,
13:12:37,12729,
13:12:38,14321,
13:12:39,13983,
13:12:40,13553,
13:12:41,13979,
13:12:42,14476,
13:12:43,14214,
13:12:44,13487,
13:12:45,14052,
13:12:46,14090,
13:12:47,14346,
13:12:48,14347,
13:12:49,14349,
13:12:50,14692,
13:12:51,14620,
13:12:52,14954,
13:12:53,15005,
13:12:54,13640,
13:12:55,13280,
13:12:56,13841,
13:12:57,14316,
13:12:58,14537,
13:12:59,14169,
13:13:00,13898,
13:13:01,14599,
13:13:02,15799,
13:13:03,15386,
13:13:04,14631,
13:13:05,14694,
13:13:06,15024,
13:13:07,14674,
13:13:08,14520,
13:13:09,14031,
13:13:10,13240,
13:13:11,13632,
13:13:12,13750,
13:13:13,13661,
13:13:14,14232,
13:13:15,14116,
13:13:16,14556,
13:13:17,14604,
13:13:18,14605,
13:13:19,14831,
13:13:20,14738,
13:13:21,14703,
13:13:22,14307,
13:13:23,13538,
13:13:24,14163,
13:13:25,14234,
13:13:26,14257,
13:13:27,14265,
13:13:28,14552,
13:13:29,14809,
13:13:30,14631,
13:13:31,14811,
13:13:32,14942,
13:13:33,14801,
13:13:34,15068,
13:13:35,14872,
13:13:36,15223,
13:13:37,14796,
13:13:38,14652,
13:13:39,14544,
13:13:40,14882,
13:13:41,15229,
13:13:42,15003,
13:13:43,14726,
13:13:44,15197,
13:13:45,14962,
13:13:46,15539,
13:13:47,16068,
13:13:48,15791,
13:13:49,15665,
13:13:50,16264,
13:13:51,16604,
13:13:52,16429,
13:13:53,16079,
13:13:54,15457,
13:13:55,15369,
13:13:56,15607,
13:13:57,16442,
13:13:58,16166,
13:13:59,16356,
13:14:00,16272,
13:14:01,15884,
13:14:02,15692,
13:14:03,15340,
13:14:04,15393,
13:14:05,16566,
13:14:06,16313,
13:14:07,16295,
13:14:08,15538,
13:14:09,15045,
13:14:10,15832,
13:14:11,16496,
13:14:12,16769,
13:14:13,16455,
13:14:14,16705,
13:14:15,17422,
13:14:16,17410,
13:14:17,16881,
13:14:18,16849,
13:14:19,16275,
13:14:20,15837,
13:14:21,16226,
13:14:22,16630,
13:14:23,16303,
13:14:24,16942,
13:14:25,15948,
13:14:26,15060,
13:14:27,15367,
13:14:28,15801,
13:14:29,14741,
13:14:30,13668,
13:14:31,13938,
13:14:32,15227,
13:14:33,15489,
13:14:34,15753,
13:14:35,15252,
13:14:36,15465,
13:14:37,15094,
13:14:38,15168,
13:14:39,15047,
13:14:40,15482,
13:14:41,16324,
13:14:42,16036,
13:14:43,15565,
13:14:44,15251,
13:14:45,15266,
13:14:46,15481,
13:14:47,15862,
13:14:48,15663,
13:14:49,15504,
13:14:50,15337,
13:14:51,15297,
13:14:52,15609,
13:14:53,16182,
13:14:54,16097,
13:14:55,16111,
13:14:56,15703,
13:14:57,16534,
13:14:58,16592,
13:14:59,16803,
13:15:00,16768,
13:15:01,15783,
13:15:02,15397,
13:15:03,15423,
13:15:04,15335,
13:15:05,15756,
13:15:06,15784,
13:15:07,15513,
13:15:08,15384,
13:15:09,16362,
13:15:10,15916,
13:15:11,15126,
13:15:12,14519,
13:15:13,14168,
13:15:14,14072,
13:15:15,15221,
13:15:16,15615,
13:15:17,15225,
13:15:18,15460,
13:15:19,15161,
13:15:20,15212,
13:15:21,15044,
13:15:22,14972,
13:15:23,15093,
13:15:24,15166,
13:15:25,15232,
13:15:26,15500,
13:15:27,15443,
13:15:28,15315,
13:15:29,15645,
13:15:30,15305,
13:15:31,14911,
13:15:32,14491,
13:15:33,14208,
13:15:34,14772,
13:15:35,14875,
13:15:36,14984,
13:15:37,14644,
13:15:38,14138,
13:15:39,14624,
13:15:40,14658,
13:15:41,14637,
13:15:42,15269,
13:15:43,14534,
13:15:44,14793,
13:15:45,14367,
13:15:46,14682,
13:15:47,14539,
13:15:48,14311,
13:15:49,14389,
13:15:50,15265,
13:15:51,15550,
13:15:52,14957,
13:15:53,14722,
13:15:54,14876,
13:15:55,14776,
13:15:56,14663,
13:15:57,14847,
13:15:58,14791,
13:15:59,14673,
13:16:00,14616,
13:16:01,14878,
13:16:02,15356,
13:16:03,15244,
13:16:04,15060,
13:16:05,15644,
13:16:06,16002,
13:16:07,16215,
13:16:08,16150,
13:16:09,16193,
13:16:10,15924,
13:16:11,15995,
13:16:12,15654,
13:16:13,14694,
13:16:14,14357,
13:16:15,14250,
13:16:16,14438,
13:16:17,14285,
13:16:18,14190,
13:16:19,14065,
13:16:20,14227,
13:16:21,14021,
13:16:22,14229,
13:16:23,14259,
13:16:24,14439,
13:16:25,14700,
13:16:26,14520,
13:16:27,14232,
13:16:28,14275,
13:16:29,14486,
13:16:30,14568,
13:16:31,14318,
13:16:32,14099,
13:16:33,14132,
13:16:34,14091,
13:16:35,14053,
13:16:36,14428,
13:16:37,14761,
13:16:38,15054,
13:16:39,14683,
13:16:40,14706,
13:16:41,14481,
13:16:42,14201,
13:16:43,14415,
13:16:44,14686,
13:16:45,14993,
13:16:46,14725,
13:16:47,15042,
13:16:48,14987,
13:16:49,14658,
13:16:50,14729,
13:16:51,15027,
13:16:52,14762,
13:16:53,14667,
13:16:54,14662,
13:16:55,14914,
13:16:56,14950,
13:16:57,14845,
13:16:58,13769,
13:16:59,11712,
13:17:00,11995,
13:17:01,13585,
13:17:02,14634,
13:17:03,14659,
13:17:04,14886,
13:17:05,14835,
13:17:06,14177,
13:17:07,13603,
13:17:08,13888,
13:17:09,14963,
13:17:10,15535,
13:17:11,15426,
13:17:12,15261,
13:17:13,15062,
13:17:14,14854,
13:17:15,14989,
13:17:16,14773,
13:17:17,13484,
13:17:18,14001,
13:17:19,14470,
13:17:20,14728,
13:17:21,14424,
13:17:22,14761,
13:17:23,15475,
13:17:24,15346,
13:17:25,15340,
13:17:26,15553,
13:17:27,15705,
13:17:28,15406,
13:17:29,15031,
13:17:30,14918,
13:17:31,14634,
13:17:32,14652,
13:17:33,14619,
13:17:34,14535,
13:17:35,14519,
13:17:36,14574,
13:17:37,14551,
13:17:38,14649,
13:17:39,14801,
13:17:40,15033,
13:17:41,15376,
13:17:42,15262,
13:17:43,15368,
13:17:44,15377,
13:17:45,14924,
13:17:46,14969,
13:17:47,15166,
13:17:48,15198,
13:17:49,14857,
13:17:50,15101,
13:17:51,14547,
13:17:52,14239,
13:17:53,13800,
13:17:54,13947,
13:17:55,14530,
13:17:56,14680,
13:17:57,14449,
13:17:58,14614,
13:17:59,14474,
13:18:00,14506,
13:18:01,14416,
13:18:02,14345,
13:18:03,14390,
13:18:04,14683,
13:18:05,14406,
13:18:06,14456,
13:18:07,14445,
13:18:08,13934,
13:18:09,14048,
13:18:10,13803,
13:18:11,14055,
13:18:12,14112,
13:18:13,14079,
13:18:14,13993,
13:18:15,14248,
13:18:16,14843,
13:18:17,14963,
13:18:18,15014,
13:18:19,14887,
13:18:20,14931,
13:18:21,14684,
13:18:22,14483,
13:18:23,14486,
13:18:24,14328,
13:18:25,14294,
13:18:26,14448,
13:18:27,14696,
13:18:28,14774,
13:18:29,15286,
13:18:30,15241,
13:18:31,14897,
13:18:32,15036,
13:18:33,14865,
13:18:34,14358,
13:18:35,14477,
13:18:36,14698,
13:18:37,14551,
13:18:38,14463,
13:18:39,14605,
13:18:40,14674,
13:18:41,14552,
13:18:42,14975,
13:18:43,15355,
13:18:44,15351,
13:18:45,15152,
13:18:46,14880,
13:18:47,15124,
13:18:48,15337,
13:18:49,15702,
13:18:50,14444,
13:18:51,14589,
13:18:52,14470,
13:18:53,14240,
13:18:54,14563,
13:18:55,14952,
13:18:56,15266,
13:18:57,15706,
13:18:58,15401,
13:18:59,14964,
13:19:00,14763,
13:19:01,14328,
13:19:02,14442,
13:19:03,14229,
13:19:04,14220,
13:19:05,14112,
13:19:06,14310,
13:19:07,14136,
13:19:08,14321,
13:19:09,14314,
13:19:10,14690,
13:19:11,14413,
13:19:12,14363,
13:19:13,14375,
13:19:14,14726,
13:19:15,14750,
13:19:16,14804,
13:19:17,14760,
13:19:18,14776,
13:19:19,14801,
13:19:20,14791,
13:19:21,14778,
13:19:22,14803,
13:19:23,14482,
13:19:24,14483,
13:19:25,14402,
13:19:26,14524,
13:19:27,14584,
13:19:28,14616,
13:19:29,14534,
13:19:30,14716,
13:19:31,15031,
13:19:32,14799,
13:19:33,14927,
13:19:34,14910,
13:19:35,14836,
13:19:36,14814,
13:19:37,14628,
13:19:38,14627,
13:19:39,14609,
13:19:40,14626,
13:19:41,14673,
13:19:42,14609,
13:19:43,14667,
13:19:44,14961,
13:19:45,15241,
13:19:46,14725,
13:19:47,14657,
13:19:48,14249,
13:19:49,14979,
13:19:50,16671,
13:19:51,18380,
13:19:52,28550,
13:19:53,29882,
13:19:54,29816,
13:19:55,30900,
13:19:56,31235,
13:19:57,31745,
13:19:58,32293,
13:19:59,31994,
13:20:00,32332,
13:20:01,33160,
13:20:02,33653,
13:20:03,33774,
13:20:04,34004,
13:20:05,34155,
13:20:06,33789,
13:20:07,31636,
13:20:08,32197,
13:20:09,33658,
13:20:10,34796,
13:20:11,33996,
13:20:12,33943,
13:20:13,34158,
13:20:14,34088,
13:20:15,34094,
13:20:16,34202,
13:20:17,34221,
13:20:18,34360,
13:20:19,34463,
13:20:20,34742,
13:20:21,36752,
13:20:22,36155,
13:20:23,35089,
13:20:24,35077,
13:20:25,35362,
13:20:26,34297,
13:20:27,35125,
13:20:28,36139,
13:20:29,35602,
13:20:30,32593,
13:20:31,30942,
13:20:32,33046,
13:20:33,35358,
13:20:34,35611,
13:20:35,35315,
13:20:36,35557,
13:20:37,34839,
13:20:38,37038,
13:20:39,34664,
13:20:40,34431,
13:20:41,36170,
13:20:42,40507,
13:20:43,39221,
13:20:44,35359,
13:20:45,35145,
13:20:46,34046,
13:20:47,35199,
13:20:48,34729,
13:20:49,33819,
13:20:50,34407,
13:20:51,34996,
13:20:52,37051,
13:20:53,37794,
13:20:54,37634,
13:20:55,36799,
13:20:56,37522,
13:20:57,37431,
13:20:58,38314,
13:20:59,37138,
13:21:00,36624,
13:21:01,31217,
13:21:02,30638,
13:21:03,30726,
13:21:04,31306,
13:21:05,30809,
13:21:06,31944,
13:21:07,32146,
13:21:08,33609,
13:21:09,33845,
13:21:10,34448,
13:21:11,34726,
13:21:12,33465,
13:21:13,32777,
13:21:14,31619,
13:21:15,31570,
13:21:16,31886,
13:21:17,31988,
13:21:18,31580,
13:21:19,31596,
13:21:20,31644,
13:21:21,31546,
13:21:22,30959,
13:21:23,30050,
13:21:24,29479,
13:21:25,29843,
13:21:26,29629,
13:21:27,29136,
13:21:28,29236,
13:21:29,29106,
13:21:30,28451,
13:21:31,28308,
13:21:32,28135,
13:21:33,27648,
13:21:34,27986,
13:21:35,27845,
13:21:36,28201,
13:21:37,28295,
13:21:38,28359,
13:21:39,27827,
13:21:40,27491,
13:21:41,27554,
13:21:42,27858,
13:21:43,28172,
13:21:44,27535,
13:21:45,28511,
13:21:46,28444,
13:21:47,28893,
13:21:48,28133,
13:21:49,28111,
13:21:50,28575,
13:21:51,28638,
13:21:52,29230,
13:21:53,28043,
13:21:54,28287,
13:21:55,28081,
13:21:56,27123,
13:21:57,27435,
13:21:58,26677,
13:21:59,27336,
13:22:00,27048,
13:22:01,27313,
13:22:02,27578,
13:22:03,27210,
13:22:04,28013,
13:22:05,26580,
13:22:06,25457,
13:22:07,25444,
13:22:08,25750,
13:22:09,25460,
13:22:10,27328,
13:22:11,26557,
13:22:12,26781,
13:22:13,27540,
13:22:14,28386,
13:22:15,28336,
13:22:16,26704,
13:22:17,26022,
13:22:18,26972,
13:22:19,27304,
13:22:20,26820,
13:22:21,27343,
13:22:22,29034,
13:22:23,30207,
13:22:24,27275,
13:22:25,25809,
13:22:26,25816,
13:22:27,25636,
13:22:28,24470,
13:22:29,24312,
13:22:30,23046,
13:22:31,23280,
13:22:32,24310,
13:22:33,24633,
13:22:34,24658,
13:22:35,22943,
13:22:36,23839,
13:22:37,24664,
13:22:38,23963,
13:22:39,24396,
13:22:40,24578,
13:22:41,24714,
13:22:42,23240,
13:22:43,22386,
13:22:44,23993,
13:22:45,23536,
13:22:46,24486,
13:22:47,24457,
13:22:48,24413,
13:22:49,24928,
13:22:50,24707,
13:22:51,24409,
13:22:52,23496,
13:22:53,23668,
13:22:54,24172,
13:22:55,23911,
13:22:56,23442,
13:22:57,24009,
13:22:58,25269,
13:22:59,25872,
13:23:00,25988,
13:23:01,25877,
13:23:02,26224,
13:23:03,27112,
13:23:04,28092,
13:23:05,27972,
13:23:06,27902,
13:23:07,28298,
13:23:08,28760,
13:23:09,29248,
13:23:10,29566,
13:23:11,30177,
13:23:12,29980,
13:23:13,30220,
13:23:14,30224,
13:23:15,30539,
13:23:16,31052,
13:23:17,31331,
13:23:18,31345,
13:23:19,31643,
13:23:20,31866,
13:23:21,32692,
13:23:22,33000,
13:23:23,32721,
13:23:24,32871,
13:23:25,33076,
13:23:26,34193,
13:23:27,35255,
13:23:28,33955,
13:23:29,35237,
13:23:30,35538,
13:23:31,36481,
13:23:32,36780,
13:23:33,36965,
13:23:34,39189,
13:23:35,38695,
13:23:36,38507,
13:23:37,40093,
13:23:38,47366,
13:23:39,45486,
13:23:40,42123,
13:23:41,48653,
13:23:42,42623,
13:23:43,46879,
13:23:44,78555,
13:23:45,75590,
13:23:46,56810,
13:23:47,52391,
13:23:48,57567,
13:23:49,52953,
13:23:50,49012,
13:23:51,50599,
13:23:52,48631,
13:23:53,49510,
13:23:54,48924,
13:23:55,50490,
13:23:56,50892,
13:23:57,49671,
13:23:58,48884,
13:23:59,48271,
13:24:00,48729,
13:24:01,56501,
13:24:02,57496,
13:24:03,55749,
13:24:04,53110,
13:24:05,51507,
13:24:06,52002,
13:24:07,51008,
13:24:08,56002,
13:24:09,60464,
13:24:10,59690,
13:24:11,58091,
13:24:12,55927,
13:24:13,52999,
13:24:14,51193,
13:24:15,51838,
13:24:16,50554,
13:24:17,47822,
13:24:18,47240,
13:24:19,47659,
13:24:20,47551,
13:24:21,48657,
13:24:22,49585,
13:24:23,50386,
13:24:24,50993,
13:24:25,50905,
13:24:26,51928,
13:24:27,52105,
13:24:28,51362,
13:24:29,51923,
13:24:30,53604,
13:24:31,52761,
13:24:32,54658,
13:24:33,59648,
13:24:34,59509,
13:24:35,56966,
13:24:36,55912,
13:24:37,54908,
13:24:38,55125,
13:24:39,55830,
13:24:40,57074,
13:24:41,57385,
13:24:42,55806,
13:24:43,55863,
13:24:44,54804,
13:24:45,58665,
13:24:46,61146,
13:24:47,57611,
13:24:48,53760,
13:24:49,52301,
13:24:50,51294,
13:24:51,52012,
13:24:52,51131,
13:24:53,50962,
13:24:54,51582,
13:24:55,50465,
13:24:56,49646,
13:24:57,49953,
13:24:58,50400,
13:24:59,51721,
13:25:00,53857,
13:25:01,55650,
13:25:02,54667,
13:25:03,52215,
13:25:04,52780,
13:25:05,53522,
13:25:06,51771,
13:25:07,54981,
13:25:08,54187,
13:25:09,54808,
13:25:10,53572,
13:25:11,53837,
13:25:12,53486,
13:25:13,53424,
13:25:14,53945,
13:25:15,53604,
13:25:16,49736,
13:25:17,47844,
13:25:18,49393,
13:25:19,53068,
13:25:20,50169,
13:25:21,37680,
13:25:22,37111,
13:25:23,38612,
13:25:24,38249,
13:25:25,41335,
13:25:26,42736,
13:25:27,39445,
13:25:28,37301,
13:25:29,35977,
13:25:30,33774,
13:25:31,33746,
13:25:32,33703,
13:25:33,34098,
13:25:34,34434,
13:25:35,46537,
13:25:36,57091,
13:25:37,57233,
13:25:38,55453,
13:25:39,41239,
13:25:40,39832,
13:25:41,47479,
13:25:42,50521,
13:25:43,47775,
13:25:44,44747,
13:25:45,47148,
13:25:46,46782,
13:25:47,44903,
13:25:48,43906,
13:25:49,43026,
13:25:50,43210,
13:25:51,48501,
13:25:52,48340,
13:25:53,46247,
13:25:54,46164,
13:25:55,46857,
13:25:56,46818,
13:25:57,41161,
13:25:58,41007,
13:25:59,41484,
13:26:00,41363,
13:26:01,41431,
13:26:02,41598,
13:26:03,42062,
13:26:04,41639,
13:26:05,41917,
13:26:06,42820,
13:26:07,42904,
13:26:08,44044,
13:26:09,50958,
13:26:10,51665,
13:26:11,49287,
13:26:12,56104,
13:26:13,51611,
13:26:14,49424,
13:26:15,49584,
13:26:16,50200,
13:26:17,49179,
13:26:18,48708,
13:26:19,47389,
13:26:20,46746,
13:26:21,45933,
13:26:22,47424,
13:26:23,47734,
13:26:24,47670,
13:26:25,46055,
13:26:26,43053,
13:26:27,42641,
13:26:28,42122,
13:26:29,40945,
13:26:30,40698,
13:26:31,41448,
13:26:32,40560,
13:26:33,39362,
13:26:34,38071,
13:26:35,39197,
13:26:36,39152,
13:26:37,39922,
13:26:38,40734,
13:26:39,39175,
13:26:40,39630,
13:26:41,39603,
13:26:42,39954,
13:26:43,41388,
13:26:44,44612,
13:26:45,44864,
13:26:46,46942,
13:26:47,50312,
13:26:48,50658,
13:26:49,49222,
13:26:50,47684,
13:26:51,51185,
13:26:52,55191,
13:26:53,50875,
13:26:54,52301,
13:26:55,55019,
13:26:56,53405,
13:26:57,54170,
13:26:58,49579,
13:26:59,49996,
13:27:00,50036,
13:27:01,52781,
13:27:02,52848,
13:27:03,53725,
13:27:04,49363,
13:27:05,45152,
13:27:06,43647,
13:27:07,40425,
13:27:08,40228,
13:27:09,39756,
13:27:10,41026,
13:27:11,38238,
13:27:12,35931,
13:27:13,35895,
13:27:14,35895,
13:27:15,38903,
13:27:16,38575,
13:27:17,38073,
13:27:18,39081,
13:27:19,41396,
13:27:20,43684,
13:27:21,42492,
13:27:22,42662,
13:27:23,43150,
13:27:24,43561,
13:27:25,43408,
13:27:26,43856,
13:27:27,43863,
13:27:28,43712,
13:27:29,42276,
13:27:30,42239,
13:27:31,42151,
13:27:32,41630,
13:27:33,42495,
13:27:34,42265,
13:27:35,42322,
13:27:36,41963,
13:27:37,41837,
13:27:38,42139,
13:27:39,41483,
13:27:40,42694,
13:27:41,41648,
13:27:42,40966,
13:27:43,41938,
13:27:44,45146,
13:27:45,38598,
13:27:46,56960,
13:27:47,73021,
13:27:48,81419,
13:27:49,55475,
13:27:50,49442,
13:27:51,48808,
13:27:52,48945,
13:27:53,47883,
13:27:54,48145,
13:27:55,45303,
13:27:56,41317,
13:27:57,41915,
13:27:58,43424,
13:27:59,49919,
13:28:00,52189,
13:28:01,52251,
13:28:02,51882,
13:28:03,49829,
13:28:04,48587,
13:28:05,48584,
13:28:06,48867,
13:28:07,47403,
13:28:08,43715,
13:28:09,39822,
13:28:10,39962,
13:28:11,40077,
13:28:12,40623,
13:28:13,41093,
13:28:14,41462,
13:28:15,41240,
13:28:16,40997,
13:28:17,40392,
13:28:18,41082,
13:28:19,40541,
13:28:20,40125,
13:28:21,40195,
13:28:22,40047,
13:28:23,40757,
13:28:24,41099,
13:28:25,40794,
13:28:26,40667,
13:28:27,40362,
13:28:28,40976,
13:28:29,40873,
13:28:30,40699,
13:28:31,44055,
13:28:32,44504,
13:28:33,46844,
13:28:34,48142,
13:28:35,46249,
13:28:36,46410,
13:28:37,45173,
13:28:38,44120,
13:28:39,44939,
13:28:40,45332,
13:28:41,45226,
13:28:42,45862,
13:28:43,50560,
13:28:44,53116,
13:28:45,52800,
13:28:46,48493,
13:28:47,47638,
13:28:48,52987,
13:28:49,50769,
13:28:50,49039,
13:28:51,45266,
13:28:52,43713,
13:28:53,44307,
13:28:54,43251,
13:28:55,43641,
13:28:56,42667,
13:28:57,43726,
13:28:58,45558,
13:28:59,45842,
13:29:00,46370,
13:29:01,46255,
13:29:02,44914,
13:29:03,45846,
13:29:04,46341,
13:29:05,45454,
13:29:06,50016,
13:29:07,51687,
13:29:08,49702,
13:29:09,50674,
13:29:10,50324,
13:29:11,50933,
13:29:12,50980,
13:29:13,50158,
13:29:14,51839,
13:29:15,51068,
13:29:16,49438,
13:29:17,49013,
13:29:18,49065,
13:29:19,47923,
13:29:20,49996,
13:29:21,49621,
13:29:22,49753,
13:29:23,47385,
13:29:24,45451,
13:29:25,44778,
13:29:26,46297,
13:29:27,46643,
13:29:28,44194,
13:29:29,46757,
13:29:30,52475,
13:29:31,51717,
13:29:32,49127,
13:29:33,48441,
13:29:34,47032,
13:29:35,46453,
13:29:36,45983,
13:29:37,45361,
13:29:38,45659,
13:29:39,45274,
13:29:40,45113,
13:29:41,44825,
13:29:42,45530,
13:29:43,45519,
13:29:44,45983,
13:29:45,46043,
13:29:46,46134,
13:29:47,47317,
13:29:48,52932,
13:29:49,53765,
13:29:50,50018,
13:29:51,49783,
13:29:52,49466,
13:29:53,49883,
13:29:54,50096,
13:29:55,48401,
13:29:56,47442,
13:29:57,48053,
13:29:58,47219,
13:29:59,45752,
13:30:00,44388,
13:30:01,41608,
13:30:02,43763,
13:30:03,52492,
13:30:04,52281,
13:30:05,76625,
13:30:06,47847,
13:30:07,38687,
13:30:08,38680,
13:30:09,40223,
13:30:10,38606,
13:30:11,38767,
13:30:12,37850,
13:30:13,38174,
13:30:14,37817,
13:30:15,37930,
13:30:16,38224,
13:30:17,38131,
13:30:18,39366,
13:30:19,40316,
13:30:20,41388,
13:30:21,43403,
13:30:22,42479,
13:30:23,43000,
13:30:24,45260,
13:30:25,46840,
13:30:26,48793,
13:30:27,49318,
13:30:28,48964,
13:30:29,48969,
13:30:30,48007,
13:30:31,46886,
13:30:32,42305,
13:30:33,40349,
13:30:34,36274,
13:30:35,35422,
13:30:36,37105,
13:30:37,38387,
13:30:38,38474,
13:30:39,37578,
13:30:40,36121,
13:30:41,37140,
13:30:42,36391,
13:30:43,36686,
13:30:44,39081,
13:30:45,39509,
13:30:46,41296,
13:30:47,41670,
13:30:48,39837,
13:30:49,40486,
13:30:50,40284,
13:30:51,38515,
13:30:52,37437,
13:30:53,38510,
13:30:54,39517,
13:30:55,40292,
13:30:56,38544,
13:30:57,40333,
13:30:58,41168,
13:30:59,44728,
13:31:00,45133,
13:31:01,46402,
13:31:02,44927,
13:31:03,42723,
13:31:04,42460,
13:31:05,42222,
13:31:06,43658,
13:31:07,43337,
13:31:08,43902,
13:31:09,42555,
13:31:10,41390,
13:31:11,41917,
13:31:12,41787,
13:31:13,42122,
13:31:14,43252,
13:31:15,42884,
13:31:16,42304,
13:31:17,42246,
13:31:18,42387,
13:31:19,43826,
13:31:20,43137,
13:31:21,42296,
13:31:22,45169,
13:31:23,44470,
13:31:24,50383,
13:31:25,49009,
13:31:26,51613,
13:31:27,51509,
13:31:28,49709,
13:31:29,46348,
13:31:30,46900,
13:31:31,46991,
13:31:32,44156,
13:31:33,44633,
13:31:34,43648,
13:31:35,41133,
13:31:36,41742,
13:31:37,42176,
13:31:38,41886,
13:31:39,42506,
13:31:40,43577,
13:31:41,43250,
13:31:42,41647,
13:31:43,41754,
13:31:44,41828,
13:31:45,42455,
13:31:46,41832,
13:31:47,41074,
13:31:48,41661,
13:31:49,41267,
13:31:50,41160,
13:31:51,41324,
13:31:52,41107,
13:31:53,41350,
13:31:54,41296,
13:31:55,41450,
13:31:56,41690,
13:31:57,41384,
13:31:58,41150,
13:31:59,41349,
13:32:00,41817,
13:32:01,43464,
13:32:02,44999,
13:32:03,46542,
13:32:04,46580,
13:32:05,45563,
13:32:06,45915,
13:32:07,45167,
13:32:08,45420,
13:32:09,45567,
13:32:10,45168,
13:32:11,45525,
13:32:12,44491,
13:32:13,44442,
13:32:14,44451,
13:32:15,43709,
13:32:16,42086,
13:32:17,41882,
13:32:18,41847,
13:32:19,40290,
13:32:20,39211,
13:32:21,39648,
13:32:22,39918,
13:32:23,40123,
13:32:24,40286,
13:32:25,40214,
13:32:26,42030,
13:32:27,41079,
13:32:28,40488,
13:32:29,36103,
13:32:30,36445,
13:32:31,36278,
13:32:32,35931,
13:32:33,36252,
13:32:34,36390,
13:32:35,34598,
13:32:36,34619,
13:32:37,33353,
13:32:38,33521,
13:32:39,37027,
13:32:40,45915,
13:32:41,52973,
13:32:42,62478,
13:32:43,65406,
13:32:44,62426,
13:32:45,55996,
13:32:46,52258,
13:32:47,50624,
13:32:48,51131,
13:32:49,50624,
13:32:50,46770,
13:32:51,42326,
13:32:52,43099,
13:32:53,41952,
13:32:54,41011,
13:32:55,38972,
13:32:56,39989,
13:32:57,43196,
13:32:58,45586,
13:32:59,45177,
13:33:00,44921,
13:33:01,44093,
13:33:02,43277,
13:33:03,42911,
13:33:04,41447,
13:33:05,41808,
13:33:06,42912,
13:33:07,44791,
13:33:08,44373,
13:33:09,44221,
13:33:10,42439,
13:33:11,41923,
13:33:12,42714,
13:33:13,42521,
13:33:14,42183,
13:33:15,39778,
13:33:16,37678,
13:33:17,37467,
13:33:18,37173,
13:33:19,36812,
13:33:20,37029,
13:33:21,37147,
13:33:22,36880,
13:33:23,36748,
13:33:24,36719,
13:33:25,37162,
13:33:26,37780,
13:33:27,38684,
13:33:28,40984,
13:33:29,46256,
13:33:30,48039,
13:33:31,49544,
13:33:32,48941,
13:33:33,50417,
13:33:34,46744,
13:33:35,43172,
13:33:36,42182,
13:33:37,40905,
13:33:38,41139,
13:33:39,41064,
13:33:40,40077,
13:33:41,37952,
13:33:42,35919,
13:33:43,35616,
13:33:44,35304,
13:33:45,35006,
13:33:46,35315,
13:33:47,34726,
13:33:48,34161,
13:33:49,34520,
13:33:50,34524,
13:33:51,34590,
13:33:52,36900,
13:33:53,40844,
13:33:54,39509,
13:33:55,38462,
13:33:56,38117,
13:33:57,38066,
13:33:58,40796,
13:33:59,45086,
13:34:00,57696,
13:34:01,57350,
13:34:02,62282,
13:34:03,70269,
13:34:04,71930,
13:34:05,71693,
13:34:06,91355,
13:34:07,79937,
13:34:08,92896,
13:34:09,95421,
13:34:10,97248,
13:34:11,93763,
13:34:12,102670,
13:34:13,100507,
13:34:14,98898,
13:34:15,98661,
13:34:16,91013,
13:34:17,80129,
13:34:18,64679,
13:34:19,47347,
13:34:20,43248,
13:34:21,42970,
13:34:22,43726,
13:34:23,46587,
13:34:24,48319,
13:34:25,47991,
13:34:26,48089,
13:34:27,47138,
13:34:28,45926,
13:34:29,45334,
13:34:30,44562,
13:34:31,43151,
13:34:32,42752,
13:34:33,41384,
13:34:34,41554,
13:34:35,41856,
13:34:36,42272,
13:34:37,42137,
13:34:38,41715,
13:34:39,40857,
13:34:40,39978,
13:34:41,39591,
13:34:42,39601,
13:34:43,40372,
13:34:44,40208,
13:34:45,39864,
13:34:46,38370,
13:34:47,36481,
13:34:48,35920,
13:34:49,36075,
13:34:50,36445,
13:34:51,36885,
13:34:52,37691,
13:34:53,38178,
13:34:54,39369,
13:34:55,42167,
13:34:56,42438,
13:34:57,42229,
13:34:58,42404,
13:34:59,42690,
13:35:00,42085,
13:35:01,41629,
13:35:02,41495,
13:35:03,41210,
13:35:04,41082,
13:35:05,41022,
13:35:06,41445,
13:35:07,42038,
13:35:08,42617,
13:35:09,43000,
13:35:10,43371,
13:35:11,45080,
13:35:12,44953,
13:35:13,46826,
13:35:14,49218,
13:35:15,47843,
13:35:16,46466,
13:35:17,46224,
13:35:18,46849,
13:35:19,46925,
13:35:20,47283,
13:35:21,46956,
13:35:22,46977,
13:35:23,49225,
13:35:24,49123,
13:35:25,48063,
13:35:26,51206,
13:35:27,52149,
13:35:28,54331,
13:35:29,55366,
13:35:30,59070,
13:35:31,70120,
13:35:32,69077,
13:35:33,72563,
13:35:34,95759,
13:35:35,94903,
13:35:36,97376,
13:35:37,94385,
13:35:38,91147,
13:35:39,73414,
13:35:40,75684,
13:35:41,66334,
13:35:42,59062,
13:35:43,58156,
13:35:44,52988,
13:35:45,50783,
13:35:46,58795,
13:35:47,52009,
13:35:48,51740,
13:35:49,52811,
13:35:50,51571,
13:35:51,55606,
13:35:52,52430,
13:35:53,51473,
13:35:54,51041,
13:35:55,52222,
13:35:56,56105,
13:35:57,58149,
13:35:58,54893,
13:35:59,55497,
13:36:00,55789,
13:36:01,54974,
13:36:02,52950,
13:36:03,48525,
13:36:04,49146,
13:36:05,48030,
13:36:06,47377,
13:36:07,47553,
13:36:08,49000,
13:36:09,48397,
13:36:10,48215,
13:36:11,49590,
13:36:12,49201,
13:36:13,45137,
13:36:14,43348,
13:36:15,41401,
13:36:16,41672,
13:36:17,41694,
13:36:18,41364,
13:36:19,40351,
13:36:20,39775,
13:36:21,38837,
13:36:22,38544,
13:36:23,39069,
13:36:24,39746,
13:36:25,40851,
13:36:26,43325,
13:36:27,43561,
13:36:28,42870,
13:36:29,42797,
13:36:30,42900,
13:36:31,42684,
13:36:32,42549,
13:36:33,41947,
13:36:34,43049,
13:36:35,42975,
13:36:36,42256,
13:36:37,42574,
13:36:38,43110,
13:36:39,42656,
13:36:40,42676,
13:36:41,43435,
13:36:42,44551,
13:36:43,44792,
13:36:44,45354,
13:36:45,45763,
13:36:46,45253,
13:36:47,44744,
13:36:48,44594,
13:36:49,44728,
13:36:50,45157,
13:36:51,58319,
13:36:52,56997,
13:36:53,53696,
13:36:54,52217,
13:36:55,49438,
13:36:56,45217,
13:36:57,44509,
13:36:58,44527,
13:36:59,50024,
13:37:00,48685,
13:37:01,46791,
13:37:02,46608,
13:37:03,47065,
13:37:04,46238,
13:37:05,46181,
13:37:06,47569,
13:37:07,47945,
13:37:08,49666,
13:37:09,50809,
13:37:10,52216,
13:37:11,53221,
13:37:12,53763,
13:37:13,52624,
13:37:14,51997,
13:37:15,50991,
13:37:16,49441,
13:37:17,50881,
13:37:18,50963,
13:37:19,49082,
13:37:20,48575,
13:37:21,49555,
13:37:22,50008,
13:37:23,49101,
13:37:24,49692,
13:37:25,49515,
13:37:26,49057,
13:37:27,48965,
13:37:28,49204,
13:37:29,49216,
13:37:30,49078,
13:37:31,49281,
13:37:32,49428,
13:37:33,49234,
13:37:34,49370,
13:37:35,49113,
13:37:36,48932,
13:37:37,48748,
13:37:38,48434,
13:37:39,48604,
13:37:40,51775,
13:37:41,51053,
13:37:42,51652,
13:37:43,52426,
13:37:44,54560,
13:37:45,59960,
13:37:46,61459,
13:37:47,60528,
13:37:48,58159,
13:37:49,53791,
13:37:50,51230,
13:37:51,60805,
13:37:52,59845,
13:37:53,59582,
13:37:54,61256,
13:37:55,59622,
13:37:56,78110,
13:37:57,81327,
13:37:58,82627,
13:37:59,76344,
13:38:00,73696,
13:38:01,74350,
13:38:02,71606,
13:38:03,69633,
13:38:04,73251,
13:38:05,73138,
13:38:06,74175,
13:38:07,71494,
13:38:08,60517,
13:38:09,60758,
13:38:10,63328,
13:38:11,66600,
13:38:12,67963,
13:38:13,65179,
13:38:14,58956,
13:38:15,54728,
13:38:16,54249,
13:38:17,47827,
13:38:18,45828,
13:38:19,45655,
13:38:20,44204,
13:38:21,43406,
13:38:22,42815,
13:38:23,43014,
13:38:24,42989,
13:38:25,44114,
13:38:26,45069,
13:38:27,44799,
13:38:28,43586,
13:38:29,43593,
13:38:30,44326,
13:38:31,44124,
13:38:32,44580,
13:38:33,45727,
13:38:34,45258,
13:38:35,44886,
13:38:36,45264,
13:38:37,45617,
13:38:38,44939,
13:38:39,44919,
13:38:40,46054,
13:38:41,51618,
13:38:42,66229,
13:38:43,90206,
13:38:44,92328,
13:38:45,88086,
13:38:46,88216,
13:38:47,85409,
13:38:48,87401,
13:38:49,78401,
13:38:50,72942,
13:38:51,78571,
13:38:52,82362,
13:38:53,77946,
13:38:54,76244,
13:38:55,76570,
13:38:56,75560,
13:38:57,75496,
13:38:58,74937,
13:38:59,72275,
13:39:00,72209,
13:39:01,70739,
13:39:02,68660,
13:39:03,66263,
13:39:04,64256,
13:39:05,66167,
13:39:06,65368,
13:39:07,66206,
13:39:08,64796,
13:39:09,63645,
13:39:10,62652,
13:39:11,62467,
13:39:12,62888,
13:39:13,63000,
13:39:14,63403,
13:39:15,63571,
13:39:16,61731,
13:39:17,63841,
13:39:18,64374,
13:39:19,63458,
13:39:20,65067,
13:39:21,66442,
13:39:22,65635,
13:39:23,65493,
13:39:24,64509,
13:39:25,64711,
13:39:26,64785,
13:39:27,66522,
13:39:28,67020,
13:39:29,66261,
13:39:30,66811,
13:39:31,67290,
13:39:32,67712,
13:39:33,66551,
13:39:34,65243,
13:39:35,62652,
13:39:36,62620,
13:39:37,61517,
13:39:38,61445,
13:39:39,61097,
13:39:40,61469,
13:39:41,61047,
13:39:42,59967,
13:39:43,58489,
13:39:44,56078,
13:39:45,56611,
13:39:46,57643,
13:39:47,56414,
13:39:48,56342,
13:39:49,55664,
13:39:50,54399,
13:39:51,54229,
13:39:52,53589,
13:39:53,53635,
13:39:54,53501,
13:39:55,51871,
13:39:56,52428,
13:39:57,50751,
13:39:58,50248,
13:39:59,50296,
13:40:00,49948,
13:40:01,48508,
13:40:02,47313,
13:40:03,49420,
13:40:04,47896,
13:40:05,49186,
13:40:06,47331,
13:40:07,45393,
13:40:08,44919,
13:40:09,45358,
13:40:10,50051,
13:40:11,56238,
13:40:12,49754,
13:40:13,54494,
13:40:14,61210,
13:40:15,55605,
13:40:16,49502,
13:40:17,50394,
13:40:18,50884,
13:40:19,51381,
13:40:20,50154,
13:40:21,49211,
13:40:22,48161,
13:40:23,49069,
13:40:24,47864,
13:40:25,49430,
13:40:26,49399,
13:40:27,47334,
13:40:28,45113,
13:40:29,44030,
13:40:30,44782,
13:40:31,46140,
13:40:32,46943,
13:40:33,46565,
13:40:34,47625,
13:40:35,49896,
13:40:36,53386,
13:40:37,52399,
13:40:38,52604,
13:40:39,52715,
13:40:40,53205,
13:40:41,54289,
13:40:42,54919,
13:40:43,55869,
13:40:44,57396,
13:40:45,61335,
13:40:46,68812,
13:40:47,75013,
13:40:48,75880,
13:40:49,75920,
13:40:50,79040,
13:40:51,82169,
13:40:52,83784,
13:40:53,82224,
13:40:54,80936,
13:40:55,80320,
13:40:56,79402,
13:40:57,77200,
13:40:58,77307,
13:40:59,76245,
13:41:00,74386,
13:41:01,72321,
13:41:02,70169,
13:41:03,69044,
13:41:04,67030,
13:41:05,65059,
13:41:06,63336,
13:41:07,62172,
13:41:08,61998,
13:41:09,61916,
13:41:10,60850,
13:41:11,61068,
13:41:12,61778,
13:41:13,61157,
13:41:14,60937,
13:41:15,60259,
13:41:16,58466,
13:41:17,59754,
13:41:18,60358,
13:41:19,60312,
13:41:20,60420,
13:41:21,59666,
13:41:22,60311,
13:41:23,60639,
13:41:24,60677,
13:41:25,60335,
13:41:26,61665,
13:41:27,62128,
13:41:28,60282,
13:41:29,59175,
13:41:30,59845,
13:41:31,61530,
13:41:32,62275,
13:41:33,62409,
13:41:34,64316,
13:41:35,66508,
13:41:36,67729,
13:41:37,67017,
13:41:38,65629,
13:41:39,62905,
13:41:40,61725,
13:41:41,60823,
13:41:42,58798,
13:41:43,58225,
13:41:44,59919,
13:41:45,62314,
13:41:46,61148,
13:41:47,64847,
13:41:48,63067,
13:41:49,65635,
13:41:50,66493,
13:41:51,64416,
13:41:52,63547,
13:41:53,63779,
13:41:54,63063,
13:41:55,63736,
13:41:56,68618,
13:41:57,69612,
13:41:58,71790,
13:41:59,69434,
13:42:00,70750,
13:42:01,71925,
13:42:02,71195,
13:42:03,70702,
13:42:04,71336,
13:42:05,70775,
13:42:06,71618,
13:42:07,70876,
13:42:08,70276,
13:42:09,69488,
13:42:10,69144,
13:42:11,68512,
13:42:12,67502,
13:42:13,65418,
13:42:14,63684,
13:42:15,61649,
13:42:16,61691,
13:42:17,63620,
13:42:18,63375,
13:42:19,62815,
13:42:20,60056,
13:42:21,58831,
13:42:22,57652,
13:42:23,58529,
13:42:24,56772,
13:42:25,56057,
13:42:26,55498,
13:42:27,57444,
13:42:28,54293,
13:42:29,50943,
13:42:30,52666,
13:42:31,49060,
13:42:32,49229,
13:42:33,49649,
13:42:34,48579,
13:42:35,48955,
13:42:36,49268,
13:42:37,48807,
13:42:38,47550,
13:42:39,46758,
13:42:40,48175,
13:42:41,47372,
13:42:42,46786,
13:42:43,45517,
13:42:44,45262,
13:42:45,43386,
13:42:46,44916,
13:42:47,47079,
13:42:48,45461,
13:42:49,39738,
13:42:50,44617,
13:42:51,45502,
13:42:52,45571,
13:42:53,39545,
13:42:54,37606,
13:42:55,37835,
13:42:56,36732,
13:42:57,34563,
13:42:58,32446,
13:42:59,34079,
13:43:00,34947,
13:43:01,35546,
13:43:02,37450,
13:43:03,37610,
13:43:04,39644,
13:43:05,40663,
13:43:06,37950,
13:43:07,38843,
13:43:08,40878,
13:43:09,42485,
13:43:10,44462,
13:43:11,44294,
13:43:12,45481,
13:43:13,45952,
13:43:14,45734,
13:43:15,45245,
13:43:16,44724,
13:43:17,44634,
13:43:18,39212,
13:43:19,38229,
13:43:20,35735,
13:43:21,34354,
13:43:22,31731,
13:43:23,32091,
13:43:24,29629,
13:43:25,37072,
13:43:26,57215,
13:43:27,47719,
13:43:28,32661,
13:43:29,36873,
13:43:30,35258,
13:43:31,29931,
13:43:32,29911,
13:43:33,31993,
13:43:34,31858,
13:43:35,27712,
13:43:36,32353,
13:43:37,36527,
13:43:38,38863,
13:43:39,37125,
13:43:40,36058,
13:43:41,37766,
13:43:42,38236,
13:43:43,37082,
13:43:44,36319,
13:43:45,35107,
13:43:46,38750,
13:43:47,37214,
13:43:48,35762,
13:43:49,37438,
13:43:50,41855,
13:43:51,41981,
13:43:52,40443,
13:43:53,39382,
13:43:54,38798,
13:43:55,39485,
13:43:56,39555,
13:43:57,39739,
13:43:58,38631,
13:43:59,39445,
13:44:00,38508,
13:44:01,41722,
13:44:02,38421,
13:44:03,39664,
13:44:04,41882,
13:44:05,42151,
13:44:06,42115,
13:44:07,40555,
13:44:08,38886,
13:44:09,40528,
13:44:10,45819,
13:44:11,45599,
13:44:12,42576,
13:44:13,41028,
13:44:14,37097,
13:44:15,37083,
13:44:16,35738,
13:44:17,34392,
13:44:18,36085,
13:44:19,34173,
13:44:20,32724,
13:44:21,32499,
13:44:22,31994,
13:44:23,31767,
13:44:24,32285,
13:44:25,34674,
13:44:26,36156,
13:44:27,37819,
13:44:28,42398,
13:44:29,43844,
13:44:30,48011,
13:44:31,49996,
13:44:32,49886,
13:44:33,49158,
13:44:34,51466,
13:44:35,53916,
13:44:36,49038,
13:44:37,54991,
13:44:38,55395,
13:44:39,50829,
13:44:40,44910,
13:44:41,42414,
13:44:42,42365,
13:44:43,40947,
13:44:44,41166,
13:44:45,42033,
13:44:46,42400,
13:44:47,41808,
13:44:48,42861,
13:44:49,44403,
13:44:50,43341,
13:44:51,43412,
13:44:52,42652,
13:44:53,41799,
13:44:54,40333,
13:44:55,39563,
13:44:56,38434,
13:44:57,38296,
13:44:58,38506,
13:44:59,37771,
13:45:00,37346,
13:45:01,36672,
13:45:02,37471,
13:45:03,37218,
13:45:04,34100,
13:45:05,34922,
13:45:06,36738,
13:45:07,39647,
13:45:08,41286,
13:45:09,45189,
13:45:10,45642,
13:45:11,45216,
13:45:12,44078,
13:45:13,47639,
13:45:14,51355,
13:45:15,50865,
13:45:16,50078,
13:45:17,49382,
13:45:18,44189,
13:45:19,41443,
13:45:20,41136,
13:45:21,39829,
13:45:22,40542,
13:45:23,40841,
13:45:24,41000,
13:45:25,47159,
13:45:26,46735,
13:45:27,39484,
13:45:28,35252,
13:45:29,35632,
13:45:30,35891,
13:45:31,35334,
13:45:32,34611,
13:45:33,36835,
13:45:34,38108,
13:45:35,39365,
13:45:36,44861,
13:45:37,43541,
13:45:38,46809,
13:45:39,49005,
13:45:40,49689,
13:45:41,49598,
13:45:42,48522,
13:45:43,47723,
13:45:44,47315,
13:45:45,46725,
13:45:46,47080,
13:45:47,46545,
13:45:48,45411,
13:45:49,44843,
13:45:50,43898,
13:45:51,41920,
13:45:52,42254,
13:45:53,42176,
13:45:54,42858,
13:45:55,40248,
13:45:56,36912,
13:45:57,37702,
13:45:58,38357,
13:45:59,37189,
13:46:00,36541,
13:46:01,36979,
13:46:02,47472,
13:46:03,57089,
13:46:04,56317,
13:46:05,53522,
13:46:06,48643,
13:46:07,45099,
13:46:08,45446,
13:46:09,44719,
13:46:10,42637,
13:46:11,41981,
13:46:12,41480,
13:46:13,42095,
13:46:14,42327,
13:46:15,42645,
13:46:16,42823,
13:46:17,47657,
13:46:18,56790,
13:46:19,62635,
13:46:20,60264,
13:46:21,47174,
13:46:22,47460,
13:46:23,51558,
13:46:24,49962,
13:46:25,54630,
13:46:26,54654,
13:46:27,55707,
13:46:28,58643,
13:46:29,57332,
13:46:30,55983,
13:46:31,57223,
13:46:32,55447,
13:46:33,52733,
13:46:34,54743,
13:46:35,52965,
13:46:36,49671,
13:46:37,48714,
13:46:38,50185,
13:46:39,46081,
13:46:40,44647,
13:46:41,44858,
13:46:42,47093,
13:46:43,47547,
13:46:44,46475,
13:46:45,46395,
13:46:46,46632,
13:46:47,46721,
13:46:48,46397,
13:46:49,46814,
13:46:50,46498,
13:46:51,45620,
13:46:52,45422,
13:46:53,45366,
13:46:54,45809,
13:46:55,45065,
13:46:56,47105,
13:46:57,50753,
13:46:58,50737,
13:46:59,50471,
13:47:00,49733,
13:47:01,47049,
13:47:02,46160,
13:47:03,44551,
13:47:04,45705,
13:47:05,45832,
13:47:06,45365,
13:47:07,46342,
13:47:08,46722,
13:47:09,46085,
13:47:10,46104,
13:47:11,46036,
13:47:12,45518,
13:47:13,44790,
13:47:14,45185,
13:47:15,45812,
13:47:16,44819,
13:47:17,43735,
13:47:18,41186,
13:47:19,42059,
13:47:20,43312,
13:47:21,43514,
13:47:22,43060,
13:47:23,42963,
13:47:24,42492,
13:47:25,41924,
13:47:26,41765,
13:47:27,41065,
13:47:28,40639,
13:47:29,39656,
13:47:30,39282,
13:47:31,38387,
13:47:32,38082,
13:47:33,37750,
13:47:34,38264,
13:47:35,38692,
13:47:36,38700,
13:47:37,38231,
13:47:38,38625,
13:47:39,39130,
13:47:40,39133,
13:47:41,38763,
13:47:42,38170,
13:47:43,38607,
13:47:44,38192,
13:47:45,37659,
13:47:46,38072,
13:47:47,38450,
13:47:48,38334,
13:47:49,38499,
13:47:50,38808,
13:47:51,38753,
13:47:52,38946,
13:47:53,38538,
13:47:54,38564,
13:47:55,39010,
13:47:56,40958,
13:47:57,41029,
13:47:58,40640,
13:47:59,39739,
13:48:00,38909,
13:48:01,39704,
13:48:02,39463,
13:48:03,38952,
13:48:04,40495,
13:48:05,42419,
13:48:06,43189,
13:48:07,44383,
13:48:08,45688,
13:48:09,47356,
13:48:10,46616,
13:48:11,45846,
13:48:12,46903,
13:48:13,48345,
13:48:14,49395,
13:48:15,46549,
13:48:16,44450,
13:48:17,44967,
13:48:18,45233,
13:48:19,45771,
13:48:20,45129,
13:48:21,44763,
13:48:22,45258,
13:48:23,45133,
13:48:24,49504,
13:48:25,48921,
13:48:26,46174,
13:48:27,46095,
13:48:28,46489,
13:48:29,49766,
13:48:30,54516,
13:48:31,58701,
13:48:32,67147,
13:48:33,66729,
13:48:34,68163,
13:48:35,68017,
13:48:36,65519,
13:48:37,63100,
13:48:38,65418,
13:48:39,63205,
13:48:40,64097,
13:48:41,62139,
13:48:42,62931,
13:48:43,69357,
13:48:44,69973,
13:48:45,69636,
13:48:46,70628,
13:48:47,69690,
13:48:48,68836,
13:48:49,67496,
13:48:50,66342,
13:48:51,62557,
13:48:52,59474,
13:48:53,63232,
13:48:54,63295,
13:48:55,64554,
13:48:56,65178,
13:48:57,64651,
13:48:58,64170,
13:48:59,64191,
13:49:00,62115,
13:49:01,59305,
13:49:02,53864,
13:49:03,57492,
13:49:04,59754,
13:49:05,50244,
13:49:06,42633,
13:49:07,42050,
13:49:08,46153,
13:49:09,51420,
13:49:10,50168,
13:49:11,47378,
13:49:12,51366,
13:49:13,53153,
13:49:14,49609,
13:49:15,51956,
13:49:16,52380,
13:49:17,51153,
13:49:18,52484,
13:49:19,52587,
13:49:20,52645,
13:49:21,53724,
13:49:22,53188,
13:49:23,53923,
13:49:24,55859,
13:49:25,61643,
13:49:26,68309,
13:49:27,63959,
13:49:28,63872,
13:49:29,60809,
13:49:30,57481,
13:49:31,56229,
13:49:32,56488,
13:49:33,54340,
13:49:34,53007,
13:49:35,53052,
13:49:36,52719,
13:49:37,51862,
13:49:38,51077,
13:49:39,50989,
13:49:40,50218,
13:49:41,49053,
13:49:42,49264,
13:49:43,49520,
13:49:44,48991,
13:49:45,48328,
13:49:46,47986,
13:49:47,46963,
13:49:48,46507,
13:49:49,47389,
13:49:50,49477,
13:49:51,49037,
13:49:52,47987,
13:49:53,47423,
13:49:54,47098,
13:49:55,47291,
13:49:56,47822,
13:49:57,44198,
13:49:58,43126,
13:49:59,44352,
13:50:00,47790,
13:50:01,48689,
13:50:02,48124,
13:50:03,48318,
13:50:04,47267,
13:50:05,46780,
13:50:06,46525,
13:50:07,46288,
13:50:08,45041,
13:50:09,45659,
13:50:10,43831,
13:50:11,43822,
13:50:12,43245,
13:50:13,42953,
13:50:14,41967,
13:50:15,41953,
13:50:16,41985,
13:50:17,41550,
13:50:18,41007,
13:50:19,39375,
13:50:20,37510,
13:50:21,37351,
13:50:22,37418,
13:50:23,38404,
13:50:24,38732,
13:50:25,38373,
13:50:26,39015,
13:50:27,38382,
13:50:28,41850,
13:50:29,39879,
13:50:30,45155,
13:50:31,45223,
13:50:32,42781,
13:50:33,41256,
13:50:34,37926,
13:50:35,39488,
13:50:36,38301,
13:50:37,38671,
13:50:38,38986,
13:50:39,38736,
13:50:40,38557,
13:50:41,38048,
13:50:42,37261,
13:50:43,36320,
13:50:44,35542,
13:50:45,34932,
13:50:46,34280,
13:50:47,33758,
13:50:48,33554,
13:50:49,33876,
13:50:50,34757,
13:50:51,34722,
13:50:52,34527,
13:50:53,37536,
13:50:54,39596,
13:50:55,41531,
13:50:56,44403,
13:50:57,41585,
13:50:58,39196,
13:50:59,43401,
13:51:00,44782,
13:51:01,43017,
13:51:02,41310,
13:51:03,40269,
13:51:04,39333,
13:51:05,37978,
13:51:06,35425,
13:51:07,34683,
13:51:08,34772,
13:51:09,34144,
13:51:10,32960,
13:51:11,33887,
13:51:12,32842,
13:51:13,33392,
13:51:14,34001,
13:51:15,32021,
13:51:16,34631,
13:51:17,36121,
13:51:18,35940,
13:51:19,36718,
13:51:20,35375,
13:51:21,34681,
13:51:22,35640,
13:51:23,34381,
13:51:24,36381,
13:51:25,37947,
13:51:26,45611,
13:51:27,46424,
13:51:28,44927,
13:51:29,44601,
13:51:30,44233,
13:51:31,43418,
13:51:32,43050,
13:51:33,42971,
13:51:34,43322,
13:51:35,43405,
13:51:36,46465,
13:51:37,47205,
13:51:38,46051,
13:51:39,47282,
13:51:40,49076,
13:51:41,50649,
13:51:42,50682,
13:51:43,48959,
13:51:44,49591,
13:51:45,52119,
13:51:46,55496,
13:51:47,56723,
13:51:48,52264,
13:51:49,48145,
13:51:50,47233,
13:51:51,47608,
13:51:52,47876,
13:51:53,46749,
13:51:54,46462,
13:51:55,46134,
13:51:56,46033,
13:51:57,46131,
13:51:58,43657,
13:51:59,44734,
13:52:00,45174,
13:52:01,43903,
13:52:02,43245,
13:52:03,41919,
13:52:04,42541,
13:52:05,39555,
13:52:06,38643,
13:52:07,38395,
13:52:08,39307,
13:52:09,50873,
13:52:10,59676,
13:52:11,47457,
13:52:12,61807,
13:52:13,70432,
13:52:14,71973,
13:52:15,69079,
13:52:16,94296,
13:52:17,89478,
13:52:18,91471,
13:52:19,102108,
13:52:20,99828,
13:52:21,99033,
13:52:22,101197,
13:52:23,97673,
13:52:24,95488,
13:52:25,80376,
13:52:26,79448,
13:52:27,78451,
13:52:28,79777,
13:52:29,74810,
13:52:30,69728,
13:52:31,68206,
13:52:32,68006,
13:52:33,69972,
13:52:34,66519,
13:52:35,65247,
13:52:36,63232,
13:52:37,61004,
13:52:38,59947,
13:52:39,56985,
13:52:40,57533,
13:52:41,58866,
13:52:42,60095,
13:52:43,59300,
13:52:44,56810,
13:52:45,59951,
13:52:46,61162,
13:52:47,60894,
13:52:48,62031,
13:52:49,62385,
13:52:50,62162,
13:52:51,59620,
13:52:52,58324,
13:52:53,59172,
13:52:54,58265,
13:52:55,58581,
13:52:56,58092,
13:52:57,57468,
13:52:58,59015,
13:52:59,59468,
13:53:00,60697,
13:53:01,61654,
13:53:02,58970,
13:53:03,60630,
13:53:04,61114,
13:53:05,58792,
13:53:06,56372,
13:53:07,57941,
13:53:08,60819,
13:53:09,54890,
13:53:10,57196,
13:53:11,58870,
13:53:12,62665,
13:53:13,65925,
13:53:14,65919,
13:53:15,62809,
13:53:16,71735,
13:53:17,77792,
13:53:18,76337,
13:53:19,71354,
13:53:20,64307,
13:53:21,67182,
13:53:22,68802,
13:53:23,65125,
13:53:24,61760,
13:53:25,59809,
13:53:26,61444,
13:53:27,61778,
13:53:28,62857,
13:53:29,61077,
13:53:30,61362,
13:53:31,59220,
13:53:32,58185,
13:53:33,60273,
13:53:34,59273,
13:53:35,59404,
13:53:36,57261,
13:53:37,56265,
13:53:38,57815,
13:53:39,60683,
13:53:40,59932,
13:53:41,54636,
13:53:42,60377,
13:53:43,60067,
13:53:44,55764,
13:53:45,53147,
13:53:46,51063,
13:53:47,50451,
13:53:48,50752,
13:53:49,48011,
13:53:50,44898,
13:53:51,44667,
13:53:52,44011,
13:53:53,46273,
13:53:54,46459,
13:53:55,45053,
13:53:56,44895,
13:53:57,46260,
13:53:58,49235,
13:53:59,48082,
13:54:00,49040,
13:54:01,46453,
13:54:02,46910,
13:54:03,46887,
13:54:04,45270,
13:54:05,45915,
13:54:06,46965,
13:54:07,47555,
13:54:08,50662,
13:54:09,51596,
13:54:10,52509,
13:54:11,47658,
13:54:12,46532,
13:54:13,49078,
13:54:14,49141,
13:54:15,49351,
13:54:16,48919,
13:54:17,50442,
13:54:18,50383,
13:54:19,51260,
13:54:20,52955,
13:54:21,54190,
13:54:22,56777,
13:54:23,55578,
13:54:24,52493,
13:54:25,52318,
13:54:26,52316,
13:54:27,52068,
13:54:28,50820,
13:54:29,51366,
13:54:30,52773,
13:54:31,55810,
13:54:32,54019,
13:54:33,46957,
13:54:34,43276,
13:54:35,42152,
13:54:36,41302,
13:54:37,40495,
13:54:38,40341,
13:54:39,41419,
13:54:40,42524,
13:54:41,42114,
13:54:42,42580,
13:54:43,42149,
13:54:44,41160,
13:54:45,40710,
13:54:46,40766,
13:54:47,40770,
13:54:48,40841,
13:54:49,40894,
13:54:50,41702,
13:54:51,42331,
13:54:52,42215,
13:54:53,41754,
13:54:54,40180,
13:54:55,39099,
13:54:56,36430,
13:54:57,35092,
13:54:58,35145,
13:54:59,35341,
13:55:00,35578,
13:55:01,35822,
13:55:02,36066,
13:55:03,36021,
13:55:04,37534,
13:55:05,37283,
13:55:06,36654,
13:55:07,34780,
13:55:08,31809,
13:55:09,33334,
13:55:10,34513,
13:55:11,31743,
13:55:12,31036,
13:55:13,30909,
13:55:14,32929,
13:55:15,32559,
13:55:16,32974,
13:55:17,30839,
13:55:18,28311,
13:55:19,26918,
13:55:20,26465,
13:55:21,26921,
13:55:22,26910,
13:55:23,27521,
13:55:24,27375,
13:55:25,26764,
13:55:26,26510,
13:55:27,26245,
13:55:28,26487,
13:55:29,26732,
13:55:30,26361,
13:55:31,26303,
13:55:32,25884,
13:55:33,25975,
13:55:34,26093,
13:55:35,26471,
13:55:36,26951,
13:55:37,27633,
13:55:38,27783,
13:55:39,26846,
13:55:40,27371,
13:55:41,26442,
13:55:42,25776,
13:55:43,25209,
13:55:44,25557,
13:55:45,25631,
13:55:46,25182,
13:55:47,24912,
13:55:48,24232,
13:55:49,24286,
13:55:50,24238,
13:55:51,24339,
13:55:52,24487,
13:55:53,23994,
13:55:54,24071,
13:55:55,26460,
13:55:56,28166,
13:55:57,43198,
13:55:58,52128,
13:55:59,48589,
13:56:00,49158,
13:56:01,48996,
13:56:02,52891,
13:56:03,52993,
13:56:04,52183,
13:56:05,53672,
13:56:06,57201,
13:56:07,52574,
13:56:08,71665,
13:56:09,68320,
13:56:10,71841,
13:56:11,86473,
13:56:12,83497,
13:56:13,81400,
13:56:14,70847,
13:56:15,63226,
13:56:16,49332,
13:56:17,39039,
13:56:18,48607,
13:56:19,61530,
13:56:20,62286,
13:56:21,54292,
13:56:22,51913,
13:56:23,54051,
13:56:24,51593,
13:56:25,46334,
13:56:26,44697,
13:56:27,43353,
13:56:28,43085,
13:56:29,44006,
13:56:30,46481,
13:56:31,50151,
13:56:32,44554,
13:56:33,45269,
13:56:34,46187,
13:56:35,45434,
13:56:36,45129,
13:56:37,46110,
13:56:38,47494,
13:56:39,46027,
13:56:40,47086,
13:56:41,45088,
13:56:42,45724,
13:56:43,46505,
13:56:44,46769,
13:56:45,48317,
13:56:46,47298,
13:56:47,44264,
13:56:48,42731,
13:56:49,43539,
13:56:50,42471,
13:56:51,42137,
13:56:52,41957,
13:56:53,42584,
13:56:54,41836,
13:56:55,40729,
13:56:56,40095,
13:56:57,39126,
13:56:58,37881,
13:56:59,36339,
13:57:00,35568,
13:57:01,35766,
13:57:02,35269,
13:57:03,35901,
13:57:04,38589,
13:57:05,37764,
13:57:06,35530,
13:57:07,35189,
13:57:08,33898,
13:57:09,33710,
13:57:10,34283,
13:57:11,35772,
13:57:12,37089,
13:57:13,37548,
13:57:14,39772,
13:57:15,40133,
13:57:16,38842,
13:57:17,37336,
13:57:18,37052,
13:57:19,34958,
13:57:20,33977,
13:57:21,31375,
13:57:22,31081,
13:57:23,31790,
13:57:24,32015,
13:57:25,32599,
13:57:26,31736,
13:57:27,32599,
13:57:28,33368,
13:57:29,33502,
13:57:30,33526,
13:57:31,34590,
13:57:32,36945,
13:57:33,34748,
13:57:34,32464,
13:57:35,31454,
13:57:36,31725,
13:57:37,32155,
13:57:38,33273,
13:57:39,32379,
13:57:40,33524,
13:57:41,32801,
13:57:42,34087,
13:57:43,32938,
13:57:44,33252,
13:57:45,32683,
13:57:46,32408,
13:57:47,32313,
13:57:48,31120,
13:57:49,32705,
13:57:50,34179,
13:57:51,38557,
13:57:52,44769,
13:57:53,38155,
13:57:54,42496,
13:57:55,44549,
13:57:56,40429,
13:57:57,37593,
13:57:58,41111,
13:57:59,41554,
13:58:00,42780,
13:58:01,42526,
13:58:02,41494,
13:58:03,40546,
13:58:04,41166,
13:58:05,42555,
13:58:06,38675,
13:58:07,35095,
13:58:08,36408,
13:58:09,37290,
13:58:10,37075,
13:58:11,38114,
13:58:12,37176,
13:58:13,35688,
13:58:14,34545,
13:58:15,34961,
13:58:16,35860,
13:58:17,35662,
13:58:18,35248,
13:58:19,34131,
13:58:20,33341,
13:58:21,33374,
13:58:22,32137,
13:58:23,31273,
13:58:24,31125,
13:58:25,30162,
13:58:26,29248,
13:58:27,28730,
13:58:28,28676,
13:58:29,28487,
13:58:30,27685,
13:58:31,26785,
13:58:32,28061,
13:58:33,29059,
13:58:34,29352,
13:58:35,28773,
13:58:36,26765,
13:58:37,26621,
13:58:38,26840,
13:58:39,24325,
13:58:40,24165,
13:58:41,25045,
13:58:42,24437,
13:58:43,22904,
13:58:44,22830,
13:58:45,24803,
13:58:46,24742,
13:58:47,26614,
13:58:48,28720,
13:58:49,29803,
13:58:50,41086,
13:58:51,50951,
13:58:52,45977,
13:58:53,33881,
13:58:54,28831,
13:58:55,27016,
13:58:56,25723,
13:58:57,25053,
13:58:58,25395,
13:58:59,24616,
13:59:00,22957,
13:59:01,22986,
13:59:02,21800,
13:59:03,20443,
13:59:04,20721,
13:59:05,22805,
13:59:06,22709,
13:59:07,22317,
13:59:08,23592,
13:59:09,76230,
13:59:10,67013,
13:59:11,69272,
13:59:12,62829,
13:59:13,44284,
13:59:14,37768,
13:59:15,36342,
13:59:16,34897,
13:59:17,30838,
13:59:18,28390,
13:59:19,28842,
13:59:20,27435,
13:59:21,26945,
13:59:22,32032,
13:59:23,36902,
13:59:24,38334,
13:59:25,36391,
13:59:26,41320,
13:59:27,35982,
13:59:28,35443,
13:59:29,35447,
13:59:30,37946,
13:59:31,41239,
13:59:32,43697,
13:59:33,45011,
13:59:34,55528,
13:59:35,59157,
13:59:36,69755,
13:59:37,74555,
13:59:38,68602,
13:59:39,66273,
13:59:40,63273,
13:59:41,64529,
13:59:42,64298,
13:59:43,64360,
13:59:44,51829,
13:59:45,43013,
13:59:46,45468,
13:59:47,36836,
13:59:48,32078,
13:59:49,31210,
13:59:50,31936,
13:59:51,36711,
13:59:52,42524,
13:59:53,51153,
13:59:54,67725,
13:59:55,62269,
13:59:56,62758,
13:59:57,65391,
13:59:58,57644,
13:59:59,51007,
14:00:00,46510,
14:00:01,48379,
14:00:02,47133,
14:00:03,48293,
14:00:04,50314,
14:00:05,49693,
14:00:06,39220,
14:00:07,34048,
14:00:08,34380,
14:00:09,32435,
14:00:10,30920,
14:00:11,27681,
14:00:12,26562,
14:00:13,56657,
14:00:14,73387,
14:00:15,98976,
14:00:16,101910,
14:00:17,85478,
14:00:18,48162,
14:00:19,85748,
14:00:20,87277,
14:00:21,56518,
14:00:22,44876,
14:00:23,84473,
14:00:24,96693,
14:00:25,62250,
14:00:26,62833,
14:00:27,60279,
14:00:28,57196,
14:00:29,51386,
14:00:30,47665,
14:00:31,31146,
14:00:32,25682,
14:00:33,34454,
14:00:34,44395,
14:00:35,44964,
14:00:36,49136,
14:00:37,44973,
14:00:38,44973,
14:00:39,45861,
14:00:40,45389,
14:00:41,50796,
14:00:42,50846,
14:00:43,51515,
14:00:44,53568,
14:00:45,56334,
14:00:46,49972,
14:00:47,44889,
14:00:48,45579,
14:00:49,44337,
14:00:50,38100,
14:00:51,35373,
14:00:52,41601,
14:00:53,43837,
14:00:54,37779,
14:00:55,35150,
14:00:56,61123,
14:00:57,30266,
14:00:58,82448,
14:00:59,84402,
14:01:00,80443,
14:01:01,69883,
14:01:02,57318,
14:01:03,61469,
14:01:04,65545,
14:01:05,98975,
14:01:06,87840,
14:01:07,30262,
14:01:08,25043,
14:01:09,33500,
14:01:10,43921,
14:01:11,56574,
14:01:12,71579,
14:01:13,82709,
14:01:14,88340,
14:01:15,103201,
14:01:16,98795,
14:01:17,103573,
14:01:18,110847,
14:01:19,105808,
14:01:20,106144,
14:01:21,70456,
14:01:22,51092,
14:01:23,41948,
14:01:24,46761,
14:01:25,59710,
14:01:26,48107,
14:01:27,40930,
14:01:28,37144,
14:01:29,36782,
14:01:30,37286,
14:01:31,41860,
14:01:32,49856,
14:01:33,36662,
14:01:34,30414,
14:01:35,28876,
14:01:36,28271,
14:01:37,28280,
14:01:38,29181,
14:01:39,32767,
14:01:40,40362,
14:01:41,32871,
14:01:42,30718,
14:01:43,28166,
14:01:44,26394,
14:01:45,26573,
14:01:46,27368,
14:01:47,29131,
14:01:48,29781,
14:01:49,28359,
14:01:50,27828,
14:01:51,25951,
14:01:52,23842,
14:01:53,23221,
14:01:54,22680,
14:01:55,23002,
14:01:56,23188,
14:01:57,24260,
14:01:58,24966,
14:01:59,26015,
14:02:00,25913,
14:02:01,26289,
14:02:02,26036,
14:02:03,27558,
14:02:04,27257,
14:02:05,26957,
14:02:06,27496,
14:02:07,29373,
14:02:08,30542,
14:02:09,32198,
14:02:10,30947,
14:02:11,30199,
14:02:12,31629,
14:02:13,33016,
14:02:14,31789,
14:02:15,32041,
14:02:16,32041,
14:02:17,30469,
14:02:18,30529,
14:02:19,32899,
14:02:20,35156,
14:02:21,40685,
14:02:22,52584,
14:02:23,39991,
14:02:24,36860,
14:02:25,41487,
14:02:26,43350,
14:02:27,43990,
14:02:28,49961,
14:02:29,49637,
14:02:30,54227,
14:02:31,51469,
14:02:32,53543,
14:02:33,52684,
14:02:34,49817,
14:02:35,47919,
14:02:36,51043,
14:02:37,57162,
14:02:38,62538,
14:02:39,53219,
14:02:40,43724,
14:02:41,45223,
14:02:42,43075,
14:02:43,36775,
14:02:44,36164,
14:02:45,52558,
14:02:46,51079,
14:02:47,53223,
14:02:48,51152,
14:02:49,51494,
14:02:50,52086,
14:02:51,51604,
14:02:52,53061,
14:02:53,51437,
14:02:54,48770,
14:02:55,47470,
14:02:56,46470,
14:02:57,43064,
14:02:58,42719,
14:02:59,45207,
14:03:00,45506,
14:03:01,41796,
14:03:02,35706,
14:03:03,36046,
14:03:04,34759,
14:03:05,35142,
14:03:06,37315,
14:03:07,36341,
14:03:08,34526,
14:03:09,34563,
14:03:10,35666,
14:03:11,34506,
14:03:12,34016,
14:03:13,31285,
14:03:14,26004,
14:03:15,26776,
14:03:16,29268,
14:03:17,29151,
14:03:18,29758,
14:03:19,29216,
14:03:20,29019,
14:03:21,28948,
14:03:22,30656,
14:03:23,33903,
14:03:24,34659,
14:03:25,35393,
14:03:26,35994,
14:03:27,36418,
14:03:28,36768,
14:03:29,36556,
14:03:30,34605,
14:03:31,34379,
14:03:32,35326,
14:03:33,35383,
14:03:34,35450,
14:03:35,35314,
14:03:36,34815,
14:03:37,34977,
14:03:38,36706,
14:03:39,55509,
14:03:40,75040,
14:03:41,80007,
14:03:42,60129,
14:03:43,63103,
14:03:44,85458,
14:03:45,72542,
14:03:46,48760,
14:03:47,37708,
14:03:48,41130,
14:03:49,46941,
14:03:50,46448,
14:03:51,47231,
14:03:52,43694,
14:03:53,43855,
14:03:54,46946,
14:03:55,58608,
14:03:56,66567,
14:03:57,66118,
14:03:58,55077,
14:03:59,51269,
14:04:00,70068,
14:04:01,68185,
14:04:02,62545,
14:04:03,59508,
14:04:04,47438,
14:04:05,30782,
14:04:06,18053,
14:04:07,17474,
14:04:08,17553,
14:04:09,18537,
14:04:10,21934,
14:04:11,26050,
14:04:12,27110,
14:04:13,26659,
14:04:14,27666,
14:04:15,28336,
14:04:16,27084,
14:04:17,26785,
14:04:18,26264,
14:04:19,21695,
14:04:20,20723,
14:04:21,21626,
14:04:22,21818,
14:04:23,20122,
14:04:24,18832,
14:04:25,20011,
14:04:26,23313,
14:04:27,26477,
14:04:28,25771,
14:04:29,25468,
14:04:30,36849,
14:04:31,39934,
14:04:32,58179,
14:04:33,60059,
14:04:34,59636,
14:04:35,43955,
14:04:36,43409,
14:04:37,42128,
14:04:38,31266,
14:04:39,30698,
14:04:40,33514,
14:04:41,44278,
14:04:42,51350,
14:04:43,33402,
14:04:44,25177,
14:04:45,20660,
14:04:46,22745,
14:04:47,20455,
14:04:48,21055,
14:04:49,21388,
14:04:50,20603,
14:04:51,20532,
14:04:52,20829,
14:04:53,20667,
14:04:54,21195,
14:04:55,22394,
14:04:56,28256,
14:04:57,34360,
14:04:58,37341,
14:04:59,44374,
14:05:00,48361,
14:05:01,44676,
14:05:02,43428,
14:05:03,41647,
14:05:04,40602,
14:05:05,42724,
14:05:06,41175,
14:05:07,41258,
14:05:08,40618,
14:05:09,43030,
14:05:10,43948,
14:05:11,43788,
14:05:12,43673,
14:05:13,50782,
14:05:14,54981,
14:05:15,51760,
14:05:16,51458,
14:05:17,51121,
14:05:18,51288,
14:05:19,56331,
14:05:20,59269,
14:05:21,59156,
14:05:22,60880,
14:05:23,62279,
14:05:24,61330,
14:05:25,59580,
14:05:26,59434,
14:05:27,59555,
14:05:28,58414,
14:05:29,54775,
14:05:30,47913,
14:05:31,47854,
14:05:32,45595,
14:05:33,45365,
14:05:34,44236,
14:05:35,43359,
14:05:36,43593,
14:05:37,44473,
14:05:38,44306,
14:05:39,43809,
14:05:40,43942,
14:05:41,43657,
14:05:42,43728,
14:05:43,43523,
14:05:44,41295,
14:05:45,40313,
14:05:46,40473,
14:05:47,40583,
14:05:48,40209,
14:05:49,40841,
14:05:50,40231,
14:05:51,40594,
14:05:52,40747,
14:05:53,39918,
14:05:54,39430,
14:05:55,39171,
14:05:56,38008,
14:05:57,37970,
14:05:58,38361,
14:05:59,38177,
14:06:00,39832,
14:06:01,40571,
14:06:02,41651,
14:06:03,41341,
14:06:04,41150,
14:06:05,43089,
14:06:06,44875,
14:06:07,45568,
14:06:08,46221,
14:06:09,46910,
14:06:10,44667,
14:06:11,51283,
14:06:12,67429,
14:06:13,79557,
14:06:14,74718,
14:06:15,64115,
14:06:16,57891,
14:06:17,58584,
14:06:18,56991,
14:06:19,46394,
14:06:20,40857,
14:06:21,42442,
14:06:22,42738,
14:06:23,43373,
14:06:24,43442,
14:06:25,44740,
14:06:26,44301,
14:06:27,46180,
14:06:28,47652,
14:06:29,45939,
14:06:30,43425,
14:06:31,44147,
14:06:32,45978,
14:06:33,46967,
14:06:34,48727,
14:06:35,51920,
14:06:36,48309,
14:06:37,47233,
14:06:38,47627,
14:06:39,47402,
14:06:40,47909,
14:06:41,45568,
14:06:42,37854,
14:06:43,30193,
14:06:44,31917,
14:06:45,29732,
14:06:46,27918,
14:06:47,30024,
14:06:48,33312,
14:06:49,41963,
14:06:50,40349,
14:06:51,37291,
14:06:52,38352,
14:06:53,38610,
14:06:54,39257,
14:06:55,39421,
14:06:56,39443,
14:06:57,40588,
14:06:58,40841,
14:06:59,39612,
14:07:00,39662,
14:07:01,39704,
14:07:02,38636,
14:07:03,37327,
14:07:04,37393,
14:07:05,38139,
14:07:06,38104,
14:07:07,37916,
14:07:08,38022,
14:07:09,37991,
14:07:10,38330,
14:07:11,38982,
14:07:12,38532,
14:07:13,38257,
14:07:14,38312,
14:07:15,38795,
14:07:16,38613,
14:07:17,36452,
14:07:18,32186,
14:07:19,29487,
14:07:20,30392,
14:07:21,30660,
14:07:22,28875,
14:07:23,28389,
14:07:24,28249,
14:07:25,29149,
14:07:26,28696,
14:07:27,28622,
14:07:28,27966,
14:07:29,26097,
14:07:30,25896,
14:07:31,25722,
14:07:32,26559,
14:07:33,26881,
14:07:34,27044,
14:07:35,29346,
14:07:36,29381,
14:07:37,29070,
14:07:38,30054,
14:07:39,30963,
14:07:40,30672,
14:07:41,30239,
14:07:42,29443,
14:07:43,29469,
14:07:44,29865,
14:07:45,30948,
14:07:46,61121,
14:07:47,52272,
14:07:48,44007,
14:07:49,38527,
14:07:50,31098,
14:07:51,33138,
14:07:52,32833,
14:07:53,33643,
14:07:54,30814,
14:07:55,29861,
14:07:56,29746,
14:07:57,30126,
14:07:58,29768,
14:07:59,29605,
14:08:00,29795,
14:08:01,29311,
14:08:02,29410,
14:08:03,29501,
14:08:04,29558,
14:08:05,29417,
14:08:06,29724,
14:08:07,29734,
14:08:08,30129,
14:08:09,30170,
14:08:10,30006,
14:08:11,29801,
14:08:12,30045,
14:08:13,29772,
14:08:14,30026,
14:08:15,30838,
14:08:16,31025,
14:08:17,31129,
14:08:18,30906,
14:08:19,31420,
14:08:20,31338,
14:08:21,30849,
14:08:22,30486,
14:08:23,29676,
14:08:24,29616,
14:08:25,31407,
14:08:26,34290,
14:08:27,34006,
14:08:28,32638,
14:08:29,32225,
14:08:30,31565,
14:08:31,32322,
14:08:32,34285,
14:08:33,35058,
14:08:34,35509,
14:08:35,36597,
14:08:36,35971,
14:08:37,36720,
14:08:38,36466,
14:08:39,36638,
14:08:40,38130,
14:08:41,36807,
14:08:42,37907,
14:08:43,36397,
14:08:44,31356,
14:08:45,20692,
14:08:46,19369,
14:08:47,18430,
14:08:48,19763,
14:08:49,27109,
14:08:50,28474,
14:08:51,25588,
14:08:52,23962,
14:08:53,24200,
14:08:54,23119,
14:08:55,21785,
14:08:56,21548,
14:08:57,22101,
14:08:58,22652,
14:08:59,22695,
14:09:00,22212,
14:09:01,22801,
14:09:02,23561,
14:09:03,23842,
14:09:04,24955,
14:09:05,25121,
14:09:06,25471,
14:09:07,26157,
14:09:08,26564,
14:09:09,26562,
14:09:10,26448,
14:09:11,26735,
14:09:12,27211,
14:09:13,27392,
14:09:14,27350,
14:09:15,27473,
14:09:16,27198,
14:09:17,27347,
14:09:18,27345,
14:09:19,27408,
14:09:20,28026,
14:09:21,27982,
14:09:22,28046,
14:09:23,27821,
14:09:24,27997,
14:09:25,27798,
14:09:26,27612,
14:09:27,27449,
14:09:28,27918,
14:09:29,27940,
14:09:30,28355,
14:09:31,30126,
14:09:32,33369,
14:09:33,37528,
14:09:34,46731,
14:09:35,51821,
14:09:36,53617,
14:09:37,45751,
14:09:38,38871,
14:09:39,34686,
14:09:40,41168,
14:09:41,37999,
14:09:42,37918,
14:09:43,37878,
14:09:44,37200,
14:09:45,36015,
14:09:46,34810,
14:09:47,32934,
14:09:48,33795,
14:09:49,34130,
14:09:50,33970,
14:09:51,32710,
14:09:52,33432,
14:09:53,32628,
14:09:54,30550,
14:09:55,30095,
14:09:56,30302,
14:09:57,29911,
14:09:58,30020,
14:09:59,29897,
14:10:00,29424,
14:10:01,28360,
14:10:02,28514,
14:10:03,29404,
14:10:04,29172,
14:10:05,29214,
14:10:06,29505,
14:10:07,29305,
14:10:08,29115,
14:10:09,29577,
14:10:10,31438,
14:10:11,50086,
14:10:12,37366,
14:10:13,60178,
14:10:14,35153,
14:10:15,33511,
14:10:16,43682,
14:10:17,43383,
14:10:18,65648,
14:10:19,92470,
14:10:20,89091,
14:10:21,84684,
14:10:22,80360,
14:10:23,92512,
14:10:24,97083,
14:10:25,95306,
14:10:26,96221,
14:10:27,94951,
14:10:28,97872,
14:10:29,95108,
14:10:30,94637,
14:10:31,92715,
14:10:32,95954,
14:10:33,83671,
14:10:34,64303,
14:10:35,56676,
14:10:36,46040,
14:10:37,43495,
14:10:38,41072,
14:10:39,42891,
14:10:40,39102,
14:10:41,38292,
14:10:42,31157,
14:10:43,27422,
14:10:44,26926,
14:10:45,27070,
14:10:46,30246,
14:10:47,36623,
14:10:48,35124,
14:10:49,32993,
14:10:50,30291,
14:10:51,28942,
14:10:52,28036,
14:10:53,31398,
14:10:54,32879,
14:10:55,31778,
14:10:56,31424,
14:10:57,31334,
14:10:58,31781,
14:10:59,32427,
14:11:00,32222,
14:11:01,28338,
14:11:02,27892,
14:11:03,26768,
14:11:04,26471,
14:11:05,26901,
14:11:06,28575,
14:11:07,29564,
14:11:08,28983,
14:11:09,29052,
14:11:10,28813,
14:11:11,29724,
14:11:12,30441,
14:11:13,30475,
14:11:14,31395,
14:11:15,31561,
14:11:16,31311,
14:11:17,32456,
14:11:18,32960,
14:11:19,33395,
14:11:20,33064,
14:11:21,32730,
14:11:22,33769,
14:11:23,33196,
14:11:24,32555,
14:11:25,32655,
14:11:26,32672,
14:11:27,31966,
14:11:28,32590,
14:11:29,32375,
14:11:30,31911,
14:11:31,31441,
14:11:32,31537,
14:11:33,31842,
14:11:34,31984,
14:11:35,31817,
14:11:36,31074,
14:11:37,30955,
14:11:38,30621,
14:11:39,30654,
14:11:40,29393,
14:11:41,29619,
14:11:42,29050,
14:11:43,28927,
14:11:44,29190,
14:11:45,29546,
14:11:46,29920,
14:11:47,34013,
14:11:48,34040,
14:11:49,33932,
14:11:50,32940,
14:11:51,32119,
14:11:52,32778,
14:11:53,32993,
14:11:54,32666,
14:11:55,32542,
14:11:56,30426,
14:11:57,33661,
14:11:58,36948,
14:11:59,37347,
14:12:00,37900,
14:12:01,46284,
14:12:02,60503,
14:12:03,67018,
14:12:04,71207,
14:12:05,74979,
14:12:06,75371,
14:12:07,75645,
14:12:08,81571,
14:12:09,83858,
14:12:10,80695,
14:12:11,66451,
14:12:12,56850,
14:12:13,53866,
14:12:14,55773,
14:12:15,54694,
14:12:16,54422,
14:12:17,53585,
14:12:18,52134,
14:12:19,44758,
14:12:20,35586,
14:12:21,35088,
14:12:22,36537,
14:12:23,31581,
14:12:24,28955,
14:12:25,29264,
14:12:26,33893,
14:12:27,28082,
14:12:28,27226,
14:12:29,28106,
14:12:30,27814,
14:12:31,28381,
14:12:32,29353,
14:12:33,28165,
14:12:34,28249,
14:12:35,27716,
14:12:36,27550,
14:12:37,27933,
14:12:38,29541,
14:12:39,28354,
14:12:40,28110,
14:12:41,30205,
14:12:42,29637,
14:12:43,29941,
14:12:44,29439,
14:12:45,29044,
14:12:46,30053,
14:12:47,28754,
14:12:48,30223,
14:12:49,28898,
14:12:50,28631,
14:12:51,28851,
14:12:52,28206,
14:12:53,29652,
14:12:54,30012,
14:12:55,29621,
14:12:56,30173,
14:12:57,30136,
14:12:58,27664,
14:12:59,24791,
14:13:00,24354,
14:13:01,24086,
14:13:02,24193,
14:13:03,23696,
14:13:04,24250,
14:13:05,24014,
14:13:06,24012,
14:13:07,23862,
14:13:08,23930,
14:13:09,24254,
14:13:10,23980,
14:13:11,23528,
14:13:12,23603,
14:13:13,23199,
14:13:14,23066,
14:13:15,22040,
14:13:16,22269,
14:13:17,22874,
14:13:18,22902,
14:13:19,21718,
14:13:20,21333,
14:13:21,21021,
14:13:22,21030,
14:13:23,21051,
14:13:24,21829,
14:13:25,21356,
14:13:26,21615,
14:13:27,20575,
14:13:28,20196,
14:13:29,20967,
14:13:30,20560,
14:13:31,20005,
14:13:32,21434,
14:13:33,21284,
14:13:34,22063,
14:13:35,21367,
14:13:36,21205,
14:13:37,21905,
14:13:38,22492,
14:13:39,22221,
14:13:40,22182,
14:13:41,22481,
14:13:42,22194,
14:13:43,22641,
14:13:44,22574,
14:13:45,21888,
14:13:46,23007,
14:13:47,22981,
14:13:48,23718,
14:13:49,23766,
14:13:50,23711,
14:13:51,23144,
14:13:52,24199,
14:13:53,24308,
14:13:54,24211,
14:13:55,24229,
14:13:56,24647,
14:13:57,24087,
14:13:58,23952,
14:13:59,23920,
14:14:00,23749,
14:14:01,23802,
14:14:02,23607,
14:14:03,23376,
14:14:04,23479,
14:14:05,23326,
14:14:06,23644,
14:14:07,23505,
14:14:08,23462,
14:14:09,23439,
14:14:10,24146,
14:14:11,23933,
14:14:12,24036,
14:14:13,24479,
14:14:14,24271,
14:14:15,23374,
14:14:16,23217,
14:14:17,23352,
14:14:18,22503,
14:14:19,22609,
14:14:20,22614,
14:14:21,22485,
14:14:22,22366,
14:14:23,22908,
14:14:24,22911,
14:14:25,23093,
14:14:26,23135,
14:14:27,23082,
14:14:28,22758,
14:14:29,22541,
14:14:30,22654,
14:14:31,22516,
14:14:32,22435,
14:14:33,22344,
14:14:34,23050,
14:14:35,23016,
14:14:36,22982,
14:14:37,23183,
14:14:38,22833,
14:14:39,22940,
14:14:40,22663,
14:14:41,23269,
14:14:42,22798,
14:14:43,22968,
14:14:44,22846,
14:14:45,22194,
14:14:46,21761,
14:14:47,22652,
14:14:48,23142,
14:14:49,23238,
14:14:50,22548,
14:14:51,23537,
14:14:52,23085,
14:14:53,23055,
14:14:54,22968,
14:14:55,22295,
14:14:56,23192,
14:14:57,23362,
14:14:58,23479,
14:14:59,23858,
14:15:00,23540,
14:15:01,24072,
14:15:02,23485,
14:15:03,23218,
14:15:04,22618,
14:15:05,22647,
14:15:06,23401,
14:15:07,23313,
14:15:08,22919,
14:15:09,23140,
14:15:10,22876,
14:15:11,22759,
14:15:12,22730,
14:15:13,22726,
14:15:14,22733,
14:15:15,22893,
14:15:16,22929,
14:15:17,23176,
14:15:18,23646,
14:15:19,23592,
14:15:20,23440,
14:15:21,23298,
14:15:22,23678,
14:15:23,23796,
14:15:24,24370,
14:15:25,24068,
14:15:26,24040,
14:15:27,24467,
14:15:28,24240,
14:15:29,24009,
14:15:30,23009,
14:15:31,23156,
14:15:32,22944,
14:15:33,23118,
14:15:34,23176,
14:15:35,23522,
14:15:36,23380,
14:15:37,23068,
14:15:38,23074,
14:15:39,23297,
14:15:40,23267,
14:15:41,23111,
14:15:42,23335,
14:15:43,23164,
14:15:44,23295,
14:15:45,23600,
14:15:46,23639,
14:15:47,23560,
14:15:48,23933,
14:15:49,23919,
14:15:50,24112,
14:15:51,23974,
14:15:52,24396,
14:15:53,24459,
14:15:54,24471,
14:15:55,24839,
14:15:56,24396,
14:15:57,24098,
14:15:58,23909,
14:15:59,23829,
14:16:00,25221,
14:16:01,24555,
14:16:02,24183,
14:16:03,23938,
14:16:04,24133,
14:16:05,23657,
14:16:06,23495,
14:16:07,23257,
14:16:08,23274,
14:16:09,23415,
14:16:10,23196,
14:16:11,23366,
14:16:12,22939,
14:16:13,23090,
14:16:14,23085,
14:16:15,23142,
14:16:16,23270,
14:16:17,23196,
14:16:18,23291,
14:16:19,23009,
14:16:20,23211,
14:16:21,23084,
14:16:22,23262,
14:16:23,23241,
14:16:24,23230,
14:16:25,23158,
14:16:26,23952,
14:16:27,24211,
14:16:28,24126,
14:16:29,24181,
14:16:30,23801,
14:16:31,23295,
14:16:32,23006,
14:16:33,23419,
14:16:34,24094,
14:16:35,23810,
14:16:36,23515,
14:16:37,23636,
14:16:38,23323,
14:16:39,23247,
14:16:40,23386,
14:16:41,23272,
14:16:42,23111,
14:16:43,23542,
14:16:44,23366,
14:16:45,23522,
14:16:46,23304,
14:16:47,23449,
14:16:48,23366,
14:16:49,23132,
14:16:50,23285,
14:16:51,23149,
14:16:52,23211,
14:16:53,23575,
14:16:54,23448,
14:16:55,23589,
14:16:56,23330,
14:16:57,22989,
14:16:58,23079,
14:16:59,23731,
14:17:00,24005,
14:17:01,23800,
14:17:02,23697,
14:17:03,23781,
14:17:04,23690,
14:17:05,23455,
14:17:06,23479,
14:17:07,23676,
14:17:08,23483,
14:17:09,23385,
14:17:10,23270,
14:17:11,25306,
14:17:12,24245,
14:17:13,24876,
14:17:14,25161,
14:17:15,25700,
14:17:16,25006,
14:17:17,25226,
14:17:18,25610,
14:17:19,25433,
14:17:20,26003,
14:17:21,26072,
14:17:22,25865,
14:17:23,26085,
14:17:24,25830,
14:17:25,25606,
14:17:26,25525,
14:17:27,25554,
14:17:28,25383,
14:17:29,26105,
14:17:30,24887,
14:17:31,26018,
14:17:32,26203,
14:17:33,26311,
14:17:34,26297,
14:17:35,25834,
14:17:36,26583,
14:17:37,27086,
14:17:38,27080,
14:17:39,26346,
14:17:40,26301,
14:17:41,26815,
14:17:42,26426,
14:17:43,25817,
14:17:44,25992,
14:17:45,26449,
14:17:46,26269,
14:17:47,26598,
14:17:48,26643,
14:17:49,26003,
14:17:50,26539,
14:17:51,26468,
14:17:52,26349,
14:17:53,26602,
14:17:54,25397,
14:17:55,25468,
14:17:56,26414,
14:17:57,26322,
14:17:58,26286,
14:17:59,27064,
14:18:00,26938,
14:18:01,26738,
14:18:02,26136,
14:18:03,26988,
14:18:04,26844,
14:18:05,25803,
14:18:06,24786,
14:18:07,24989,
14:18:08,25109,
14:18:09,24815,
14:18:10,24616,
14:18:11,24506,
14:18:12,24520,
14:18:13,24253,
14:18:14,24612,
14:18:15,24669,
14:18:16,24637,
14:18:17,24271,
14:18:18,24553,
14:18:19,24368,
14:18:20,24578,
14:18:21,24183,
14:18:22,24507,
14:18:23,23994,
14:18:24,24136,
14:18:25,24315,
14:18:26,24161,
14:18:27,24176,
14:18:28,24081,
14:18:29,24001,
14:18:30,24175,
14:18:31,24443,
14:18:32,24855,
14:18:33,24859,
14:18:34,25305,
14:18:35,24623,
14:18:36,24191,
14:18:37,24270,
14:18:38,24278,
14:18:39,24732,
14:18:40,25117,
14:18:41,24467,
14:18:42,23961,
14:18:43,23955,
14:18:44,24126,
14:18:45,24108,
14:18:46,23951,
14:18:47,24135,
14:18:48,24888,
14:18:49,24138,
14:18:50,24697,
14:18:51,24830,
14:18:52,26377,
14:18:53,24911,
14:18:54,25419,
14:18:55,24629,
14:18:56,25050,
14:18:57,25373,
14:18:58,24858,
14:18:59,24364,
14:19:00,24432,
14:19:01,24236,
14:19:02,24416,
14:19:03,24181,
14:19:04,24233,
14:19:05,24738,
14:19:06,24631,
14:19:07,24605,
14:19:08,25416,
14:19:09,26406,
14:19:10,25396,
14:19:11,25184,
14:19:12,25274,
14:19:13,25571,
14:19:14,25916,
14:19:15,25944,
14:19:16,28849,
14:19:17,27601,
14:19:18,25184,
14:19:19,24782,
14:19:20,25728,
14:19:21,25219,
14:19:22,25144,
14:19:23,25234,
14:19:24,24982,
14:19:25,24469,
14:19:26,24732,
14:19:27,25066,
14:19:28,25202,
14:19:29,25148,
14:19:30,25226,
14:19:31,24957,
14:19:32,25103,
14:19:33,24920,
14:19:34,24896,
14:19:35,24976,
14:19:36,24912,
14:19:37,24802,
14:19:38,24787,
14:19:39,25085,
14:19:40,24869,
14:19:41,24911,
14:19:42,25362,
14:19:43,26032,
14:19:44,24918,
14:19:45,24554,
14:19:46,24759,
14:19:47,25219,
14:19:48,28522,
14:19:49,27651,
14:19:50,28213,
14:19:51,28616,
14:19:52,28459,
14:19:53,29097,
14:19:54,27992,
14:19:55,26466,
14:19:56,25344,
14:19:57,25533,
14:19:58,25898,
14:19:59,25003,
14:20:00,25038,
14:20:01,25883,
14:20:02,28323,
14:20:03,28019,
14:20:04,27840,
14:20:05,27245,
14:20:06,26581,
14:20:07,27709,
14:20:08,26285,
14:20:09,26192,
14:20:10,26196,
14:20:11,26092,
14:20:12,26283,
14:20:13,26040,
14:20:14,26438,
14:20:15,27663,
14:20:16,29570,
14:20:17,28414,
14:20:18,27021,
14:20:19,26982,
14:20:20,27457,
14:20:21,26923,
14:20:22,28784,
14:20:23,30025,
14:20:24,30743,
14:20:25,30660,
14:20:26,30610,
14:20:27,29641,
14:20:28,29582,
14:20:29,29009,
14:20:30,28543,
14:20:31,29283,
14:20:32,27863,
14:20:33,26640,
14:20:34,26517,
14:20:35,26366,
14:20:36,26755,
14:20:37,26713,
14:20:38,26890,
14:20:39,27540,
14:20:40,27567,
14:20:41,26634,
14:20:42,26569,
14:20:43,26757,
14:20:44,26859,
14:20:45,27000,
14:20:46,27644,
14:20:47,27487,
14:20:48,28909,
14:20:49,29300,
14:20:50,28821,
14:20:51,27476,
14:20:52,26601,
14:20:53,26951,
14:20:54,28021,
14:20:55,29328,
14:20:56,29534,
14:20:57,26815,
14:20:58,26468,
14:20:59,26302,
14:21:00,26600,
14:21:01,27303,
14:21:02,26957,
14:21:03,27043,
14:21:04,26082,
14:21:05,26318,
14:21:06,25890,
14:21:07,25611,
14:21:08,26129,
14:21:09,25933,
14:21:10,26133,
14:21:11,26136,
14:21:12,26131,
14:21:13,26766,
14:21:14,27665,
14:21:15,28427,
14:21:16,27972,
14:21:17,27661,
14:21:18,27470,
14:21:19,27720,
14:21:20,27869,
14:21:21,27650,
14:21:22,27499,
14:21:23,27006,
14:21:24,26974,
14:21:25,28927,
14:21:26,27781,
14:21:27,26788,
14:21:28,26388,
14:21:29,26174,
14:21:30,27311,
14:21:31,29031,
14:21:32,26768,
14:21:33,26040,
14:21:34,25466,
14:21:35,26438,
14:21:36,26237,
14:21:37,26281,
14:21:38,26440,
14:21:39,26234,
14:21:40,26574,
14:21:41,26399,
14:21:42,26336,
14:21:43,26453,
14:21:44,26579,
14:21:45,27332,
14:21:46,27087,
14:21:47,26239,
14:21:48,26613,
14:21:49,27003,
14:21:50,27279,
14:21:51,27047,
14:21:52,26942,
14:21:53,26664,
14:21:54,26609,
14:21:55,26320,
14:21:56,26518,
14:21:57,26677,
14:21:58,26701,
14:21:59,26552,
14:22:00,26510,
14:22:01,26637,
14:22:02,26564,
14:22:03,26768,
14:22:04,26807,
14:22:05,26367,
14:22:06,26395,
14:22:07,26331,
14:22:08,26697,
14:22:09,26542,
14:22:10,26286,
14:22:11,26593,
14:22:12,26635,
14:22:13,26373,
14:22:14,26378,
14:22:15,28160,
14:22:16,26386,
14:22:17,26226,
14:22:18,26323,
14:22:19,27025,
14:22:20,26713,
14:22:21,26545,
14:22:22,26780,
14:22:23,26674,
14:22:24,26570,
14:22:25,26652,
14:22:26,28199,
14:22:27,27725,
14:22:28,27297,
14:22:29,27434,
14:22:30,26822,
14:22:31,26487,
14:22:32,26856,
14:22:33,26677,
14:22:34,26839,
14:22:35,26313,
14:22:36,27120,
14:22:37,26721,
14:22:38,26790,
14:22:39,27700,
14:22:40,27464,
14:22:41,27630,
14:22:42,27290,
14:22:43,27258,
14:22:44,26799,
14:22:45,28114,
14:22:46,28313,
14:22:47,27538,
14:22:48,27684,
14:22:49,27834,
14:22:50,27681,
14:22:51,27068,
14:22:52,27282,
14:22:53,27651,
14:22:54,27442,
14:22:55,27734,
14:22:56,27111,
14:22:57,26927,
14:22:58,27128,
14:22:59,27173,
14:23:00,27165,
14:23:01,26917,
14:23:02,27032,
14:23:03,27065,
14:23:04,26887,
14:23:05,27110,
14:23:06,26960,
14:23:07,27350,
14:23:08,27393,
14:23:09,27034,
14:23:10,26976,
14:23:11,26775,
14:23:12,27186,
14:23:13,27362,
14:23:14,28064,
14:23:15,25131,
14:23:16,26395,
14:23:17,27250,
14:23:18,26963,
14:23:19,24113,
14:23:20,25453,
14:23:21,26523,
14:23:22,26222,
14:23:23,23400,
14:23:24,26267,
14:23:25,26748,
14:23:26,22553,
14:23:27,26367,
14:23:28,24390,
14:23:29,25368,
14:23:30,26143,
14:23:31,22851,
14:23:32,26982,
14:23:33,23298,
14:23:34,25907,
14:23:35,22826,
14:23:36,25376,
14:23:37,22948,
14:23:38,25610,
14:23:39,23263,
14:23:40,23131,
14:23:41,23429,
14:23:42,23607,
14:23:43,24114,
14:23:44,25097,
14:23:45,25014,
14:23:46,25385,
14:23:47,23776,
14:23:48,24914,
14:23:49,25062,
14:23:50,25322,
14:23:51,24419,
14:23:52,24065,
14:23:53,25250,
14:23:54,24548,
14:23:55,23314,
14:23:56,24551,
14:23:57,23180,
14:23:58,23991,
14:23:59,22957,
14:24:00,23821,
14:24:01,23062,
14:24:02,23680,
14:24:03,23090,
14:24:04,23611,
14:24:05,22575,
14:24:06,23988,
14:24:07,21679,
14:24:08,22588,
14:24:09,23231,
14:24:10,22509,
14:24:11,24310,
14:24:12,22443,
14:24:13,21949,
14:24:14,22613,
14:24:15,21356,
14:24:16,21717,
14:24:17,22281,
14:24:18,20945,
14:24:19,21013,
14:24:20,21729,
14:24:21,21402,
14:24:22,20500,
14:24:23,20897,
14:24:24,21760,
14:24:25,20400,
14:24:26,20681,
14:24:27,20953,
14:24:28,21470,
14:24:29,20413,
14:24:30,20610,
14:24:31,20930,
14:24:32,20807,
14:24:33,20710,
14:24:34,20820,
14:24:35,21017,
14:24:36,20466,
14:24:37,20226,
14:24:38,20492,
14:24:39,21162,
14:24:40,21218,
14:24:41,20663,
14:24:42,20552,
14:24:43,20609,
14:24:44,21909,
14:24:45,20910,
14:24:46,20848,
14:24:47,21351,
14:24:48,22000,
14:24:49,21690,
14:24:50,20371,
14:24:51,20749,
14:24:52,21097,
14:24:53,21190,
14:24:54,21870,
14:24:55,20836,
14:24:56,20644,
14:24:57,20713,
14:24:58,20805,
14:24:59,21790,
14:25:00,20673,
14:25:01,20726,
14:25:02,20500,
14:25:03,20203,
14:25:04,21080,
14:25:05,20996,
14:25:06,20366,
14:25:07,20638,
14:25:08,20625,
14:25:09,20869,
14:25:10,20815,
14:25:11,20037,
14:25:12,20140,
14:25:13,20315,
14:25:14,20056,
14:25:15,20802,
14:25:16,20017,
14:25:17,19914,
14:25:18,20230,
14:25:19,20463,
14:25:20,21145,
14:25:21,20212,
14:25:22,19912,
14:25:23,20259,
14:25:24,20186,
14:25:25,21007,
14:25:26,20124,
14:25:27,19987,
14:25:28,20135,
14:25:29,20418,
14:25:30,21402,
14:25:31,20250,
14:25:32,20603,
14:25:33,20809,
14:25:34,21182,
14:25:35,21345,
14:25:36,20673,
14:25:37,20905,
14:25:38,21084,
14:25:39,21530,
14:25:40,20855,
14:25:41,20473,
14:25:42,20344,
14:25:43,20677,
14:25:44,21456,
14:25:45,20587,
14:25:46,20639,
14:25:47,20839,
14:25:48,21778,
14:25:49,20600,
14:25:50,20276,
14:25:51,20356,
14:25:52,21495,
14:25:53,20323,
14:25:54,20127,
14:25:55,20306,
14:25:56,20536,
14:25:57,21170,
14:25:58,20173,
14:25:59,20541,
14:26:00,21022,
14:26:01,21688,
14:26:02,19563,
14:26:03,20349,
14:26:04,19932,
14:26:05,21006,
14:26:06,19979,
14:26:07,20028,
14:26:08,20115,
14:26:09,21263,
14:26:10,20397,
14:26:11,20540,
14:26:12,20811,
14:26:13,21096,
14:26:14,19742,
14:26:15,19871,
14:26:16,20161,
14:26:17,21004,
14:26:18,19632,
14:26:19,19954,
14:26:20,20218,
14:26:21,20450,
14:26:22,19606,
14:26:23,20455,
14:26:24,21300,
14:26:25,20772,
14:26:26,19662,
14:26:27,20018,
14:26:28,20586,
14:26:29,20020,
14:26:30,19955,
14:26:31,20053,
14:26:32,20723,
14:26:33,19933,
14:26:34,19664,
14:26:35,19983,
14:26:36,20517,
14:26:37,19669,
14:26:38,19697,
14:26:39,20822,
14:26:40,22847,
14:26:41,24847,
14:26:42,25514,
14:26:43,25517,
14:26:44,26042,
14:26:45,26000,
14:26:46,26026,
14:26:47,25820,
14:26:48,26299,
14:26:49,26381,
14:26:50,26822,
14:26:51,26917,
14:26:52,26906,
14:26:53,26932,
14:26:54,27626,
14:26:55,27704,
14:26:56,28274,
14:26:57,28315,
14:26:58,28030,
14:26:59,27226,
14:27:00,27442,
14:27:01,27794,
14:27:02,27719,
14:27:03,27684,
14:27:04,28007,
14:27:05,27613,
14:27:06,27906,
14:27:07,27543,
14:27:08,27429,
14:27:09,27529,
14:27:10,27588,
14:27:11,27821,
14:27:12,27769,
14:27:13,27685,
14:27:14,27685,
14:27:15,28051,
14:27:16,27789,
14:27:17,27832,
14:27:18,28139,
14:27:19,27220,
14:27:20,27048,
14:27:21,27513,
14:27:22,28435,
14:27:23,28469,
14:27:24,28727,
14:27:25,28446,
14:27:26,28433,
14:27:27,28593,
14:27:28,28518,
14:27:29,28120,
14:27:30,28230,
14:27:31,28295,
14:27:32,28460,
14:27:33,27937,
14:27:34,28022,
14:27:35,28097,
14:27:36,27989,
14:27:37,28391,
14:27:38,28511,
14:27:39,28643,
14:27:40,28554,
14:27:41,28395,
14:27:42,28531,
14:27:43,28806,
14:27:44,28251,
14:27:45,27689,
14:27:46,27691,
14:27:47,27605,
14:27:48,28056,
14:27:49,28660,
14:27:50,28671,
14:27:51,28874,
14:27:52,28583,
14:27:53,27078,
14:27:54,27768,
14:27:55,27865,
14:27:56,28945,
14:27:57,29111,
14:27:58,29267,
14:27:59,29126,
14:28:00,28969,
14:28:01,28900,
14:28:02,26924,
14:28:03,26985,
14:28:04,29980,
14:28:05,30063,
14:28:06,29278,
14:28:07,29417,
14:28:08,30124,
14:28:09,29662,
14:28:10,29030,
14:28:11,28780,
14:28:12,29490,
14:28:13,29783,
14:28:14,30077,
14:28:15,30502,
14:28:16,31290,
14:28:17,31590,
14:28:18,31786,
14:28:19,31841,
14:28:20,31222,
14:28:21,30685,
14:28:22,31252,
14:28:23,31372,
14:28:24,31476,
14:28:25,31840,
14:28:26,31306,
14:28:27,31344,
14:28:28,31561,
14:28:29,31771,
14:28:30,31642,
14:28:31,31647,
14:28:32,31898,
14:28:33,32091,
14:28:34,31214,
14:28:35,30085,
14:28:36,31155,
14:28:37,31962,
14:28:38,31730,
14:28:39,31347,
14:28:40,31597,
14:28:41,31942,
14:28:42,32361,
14:28:43,32405,
14:28:44,32175,
14:28:45,32360,
14:28:46,32368,
14:28:47,32207,
14:28:48,32858,
14:28:49,32658,
14:28:50,32355,
14:28:51,31408,
14:28:52,32584,
14:28:53,31158,
14:28:54,31309,
14:28:55,32077,
14:28:56,31830,
14:28:57,30429,
14:28:58,29499,
14:28:59,30989,
14:29:00,31844,
14:29:01,30150,
14:29:02,30539,
14:29:03,29581,
14:29:04,29708,
14:29:05,29989,
14:29:06,30073,
14:29:07,30420,
14:29:08,30248,
14:29:09,29779,
14:29:10,30571,
14:29:11,30325,
14:29:12,30509,
14:29:13,29724,
14:29:14,29669,
14:29:15,29818,
14:29:16,29953,
14:29:17,30618,
14:29:18,30834,
14:29:19,30177,
14:29:20,29769,
14:29:21,30241,
14:29:22,30683,
14:29:23,30991,
14:29:24,31556,
14:29:25,30915,
14:29:26,30336,
14:29:27,30733,
14:29:28,30183,
14:29:29,29868,
14:29:30,30125,
14:29:31,29916,
14:29:32,29801,
14:29:33,29896,
14:29:34,29526,
14:29:35,29303,
14:29:36,29516,
14:29:37,29269,
14:29:38,29178,
14:29:39,29106,
14:29:40,29528,
14:29:41,29111,
14:29:42,29090,
14:29:43,29357,
14:29:44,28773,
14:29:45,28703,
14:29:46,29278,
14:29:47,29001,
14:29:48,29378,
14:29:49,29497,
14:29:50,29331,
14:29:51,29441,
14:29:52,29584,
14:29:53,29722,
14:29:54,29461,
14:29:55,29591,
14:29:56,29276,
14:29:57,29311,
14:29:58,29414,
14:29:59,29281,
14:30:00,28800,
14:30:01,28143,
14:30:02,29451,
14:30:03,29407,
14:30:04,29211,
14:30:05,29357,
14:30:06,29570,
14:30:07,29372,
14:30:08,29844,
14:30:09,28086,
14:30:10,29952,
14:30:11,31050,
14:30:12,29601,
14:30:13,29506,
14:30:14,29279,
14:30:15,29154,
14:30:16,28393,
14:30:17,28665,
14:30:18,29826,
14:30:19,28725,
14:30:20,28819,
14:30:21,29690,
14:30:22,29376,
14:30:23,29933,
14:30:24,29717,
14:30:25,30196,
14:30:26,29801,
14:30:27,29918,
14:30:28,29428,
14:30:29,30052,
14:30:30,30548,
14:30:31,30418,
14:30:32,30055,
14:30:33,29422,
14:30:34,28766,
14:30:35,28639,
14:30:36,29632,
14:30:37,29481,
14:30:38,29364,
14:30:39,29669,
14:30:40,30236,
14:30:41,29701,
14:30:42,29563,
14:30:43,30055,
14:30:44,30093,
14:30:45,30422,
14:30:46,30389,
14:30:47,30014,
14:30:48,30201,
14:30:49,30127,
14:30:50,30258,
14:30:51,30285,
14:30:52,29402,
14:30:53,29758,
14:30:54,30067,
14:30:55,29573,
14:30:56,30044,
14:30:57,29540,
14:30:58,29070,
14:30:59,29335,
14:31:00,29975,
14:31:01,29339,
14:31:02,29594,
14:31:03,29736,
14:31:04,29737,
14:31:05,29874,
14:31:06,29954,
14:31:07,29864,
14:31:08,29982,
14:31:09,30291,
14:31:10,31509,
14:31:11,30751,
14:31:12,30869,
14:31:13,30727,
14:31:14,30778,
14:31:15,30451,
14:31:16,30944,
14:31:17,30626,
14:31:18,30458,
14:31:19,30987,
14:31:20,30516,
14:31:21,31125,
14:31:22,31246,
14:31:23,30424,
14:31:24,30248,
14:31:25,27461,
14:31:26,29142,
14:31:27,31575,
14:31:28,31597,
14:31:29,30377,
14:31:30,30534,
14:31:31,30757,
14:31:32,29994,
14:31:33,30116,
14:31:34,29374,
14:31:35,30752,
14:31:36,30543,
14:31:37,30220,
14:31:38,30316,
14:31:39,30362,
14:31:40,29952,
14:31:41,30699,
14:31:42,30819,
14:31:43,30159,
14:31:44,30346,
14:31:45,31766,
14:31:46,31149,
14:31:47,30950,
14:31:48,30586,
14:31:49,30343,
14:31:50,30029,
14:31:51,30193,
14:31:52,29669,
14:31:53,29749,
14:31:54,29520,
14:31:55,30773,
14:31:56,31688,
14:31:57,31895,
14:31:58,31303,
14:31:59,31745,
14:32:00,31548,
14:32:01,31627,
14:32:02,31760,
14:32:03,32311,
14:32:04,32057,
14:32:05,31878,
14:32:06,31732,
14:32:07,32025,
14:32:08,32113,
14:32:09,32119,
14:32:10,32208,
14:32:11,32083,
14:32:12,31993,
14:32:13,32002,
14:32:14,32091,
14:32:15,33117,
14:32:16,32335,
14:32:17,32250,
14:32:18,31981,
14:32:19,32063,
14:32:20,31751,
14:32:21,31650,
14:32:22,31625,
14:32:23,31940,
14:32:24,31952,
14:32:25,31846,
14:32:26,31139,
14:32:27,31117,
14:32:28,31632,
14:32:29,31209,
14:32:30,30724,
14:32:31,30749,
14:32:32,30704,
14:32:33,30835,
14:32:34,30251,
14:32:35,30770,
14:32:36,30670,
14:32:37,30965,
14:32:38,31146,
14:32:39,31108,
14:32:40,31043,
14:32:41,30972,
14:32:42,30836,
14:32:43,31299,
14:32:44,31467,
14:32:45,31361,
14:32:46,31420,
14:32:47,31214,
14:32:48,31430,
14:32:49,31413,
14:32:50,31464,
14:32:51,30898,
14:32:52,30486,
14:32:53,30592,
14:32:54,30741,
14:32:55,31345,
14:32:56,30868,
14:32:57,30512,
14:32:58,31629,
14:32:59,30616,
14:33:00,30758,
14:33:01,31223,
14:33:02,31036,
14:33:03,30837,
14:33:04,30564,
14:33:05,30380,
14:33:06,30510,
14:33:07,30696,
14:33:08,30594,
14:33:09,30676,
14:33:10,31150,
14:33:11,30903,
14:33:12,30997,
14:33:13,30624,
14:33:14,30739,
14:33:15,30848,
14:33:16,31019,
14:33:17,30836,
14:33:18,31294,
14:33:19,32656,
14:33:20,34055,
14:33:21,32646,
14:33:22,32032,
14:33:23,32039,
14:33:24,33090,
14:33:25,33214,
14:33:26,32980,
14:33:27,33141,
14:33:28,32429,
14:33:29,32091,
14:33:30,31050,
14:33:31,32393,
14:33:32,31736,
14:33:33,32251,
14:33:34,32052,
14:33:35,32584,
14:33:36,31615,
14:33:37,31526,
14:33:38,31854,
14:33:39,32435,
14:33:40,32354,
14:33:41,32241,
14:33:42,31899,
14:33:43,31581,
14:33:44,31668,
14:33:45,31807,
14:33:46,31697,
14:33:47,31658,
14:33:48,31651,
14:33:49,31207,
14:33:50,31389,
14:33:51,31106,
14:33:52,31397,
14:33:53,31402,
14:33:54,31519,
14:33:55,31473,
14:33:56,31205,
14:33:57,31685,
14:33:58,31906,
14:33:59,31597,
14:34:00,31381,
14:34:01,30303,
14:34:02,30953,
14:34:03,31919,
14:34:04,31828,
14:34:05,31430,
14:34:06,31361,
14:34:07,30893,
14:34:08,32255,
14:34:09,30948,
14:34:10,31085,
14:34:11,31025,
14:34:12,32112,
14:34:13,32050,
14:34:14,30955,
14:34:15,31204,
14:34:16,30955,
14:34:17,30169,
14:34:18,30491,
14:34:19,30837,
14:34:20,28493,
14:34:21,30045,
14:34:22,30451,
14:34:23,31071,
14:34:24,31501,
14:34:25,30809,
14:34:26,31743,
14:34:27,30883,
14:34:28,29596,
14:34:29,30531,
14:34:30,31349,
14:34:31,31372,
14:34:32,31675,
14:34:33,31634,
14:34:34,32155,
14:34:35,31914,
14:34:36,31275,
14:34:37,31263,
14:34:38,32046,
14:34:39,32266,
14:34:40,33244,
14:34:41,31418,
14:34:42,32699,
14:34:43,31871,
14:34:44,31675,
14:34:45,32128,
14:34:46,32157,
14:34:47,32606,
14:34:48,31864,
14:34:49,33338,
14:34:50,33493,
14:34:51,32732,
14:34:52,33407,
14:34:53,32097,
14:34:54,32374,
14:34:55,32129,
14:34:56,32390,
14:34:57,31185,
14:34:58,32609,
14:34:59,32343,
14:35:00,32477,
14:35:01,32315,
14:35:02,32425,
14:35:03,32533,
14:35:04,31374,
14:35:05,31359,
14:35:06,31157,
14:35:07,30825,
14:35:08,31835,
14:35:09,32075,
14:35:10,32056,
14:35:11,30407,
14:35:12,30698,
14:35:13,31408,
14:35:14,32093,
14:35:15,32208,
14:35:16,31854,
14:35:17,31143,
14:35:18,31053,
14:35:19,30711,
14:35:20,31214,
14:35:21,32165,
14:35:22,31455,
14:35:23,30832,
14:35:24,30981,
14:35:25,30651,
14:35:26,30468,
14:35:27,30520,
14:35:28,31399,
14:35:29,31505,
14:35:30,31077,
14:35:31,30962,
14:35:32,30952,
14:35:33,30587,
14:35:34,30162,
14:35:35,30202,
14:35:36,31414,
14:35:37,30644,
14:35:38,30142,
14:35:39,30670,
14:35:40,30354,
14:35:41,30380,
14:35:42,30674,
14:35:43,31062,
14:35:44,31431,
14:35:45,31185,
14:35:46,31075,
14:35:47,30898,
14:35:48,30761,
14:35:49,30866,
14:35:50,30888,
14:35:51,30760,
14:35:52,30698,
14:35:53,31753,
14:35:54,30884,
14:35:55,31396,
14:35:56,30622,
14:35:57,31160,
14:35:58,31908,
14:35:59,33473,
14:36:00,33463,
14:36:01,32848,
14:36:02,32503,
14:36:03,32144,
14:36:04,32915,
14:36:05,33081,
14:36:06,32058,
14:36:07,31072,
14:36:08,30571,
14:36:09,31475,
14:36:10,30882,
14:36:11,32055,
14:36:12,32109,
14:36:13,32599,
14:36:14,32778,
14:36:15,32446,
14:36:16,35002,
14:36:17,32489,
14:36:18,31608,
14:36:19,31455,
14:36:20,31732,
14:36:21,31946,
14:36:22,31806,
14:36:23,31825,
14:36:24,32169,
14:36:25,31476,
14:36:26,31394,
14:36:27,35081,
14:36:28,36512,
14:36:29,35936,
14:36:30,34684,
14:36:31,33671,
14:36:32,34080,
14:36:33,32514,
14:36:34,33352,
14:36:35,31403,
14:36:36,31506,
14:36:37,32183,
14:36:38,33307,
14:36:39,33870,
14:36:40,32018,
14:36:41,33886,
14:36:42,33445,
14:36:43,32227,
14:36:44,31739,
14:36:45,32187,
14:36:46,32545,
14:36:47,32931,
14:36:48,32101,
14:36:49,32328,
14:36:50,32535,
14:36:51,32882,
14:36:52,33197,
14:36:53,33252,
14:36:54,32132,
14:36:55,31588,
14:36:56,31965,
14:36:57,32300,
14:36:58,33368,
14:36:59,33778,
14:37:00,32668,
14:37:01,32357,
14:37:02,31498,
14:37:03,31640,
14:37:04,31494,
14:37:05,31390,
14:37:06,31914,
14:37:07,31911,
14:37:08,30782,
14:37:09,32272,
14:37:10,31924,
14:37:11,31894,
14:37:12,32363,
14:37:13,32443,
14:37:14,32227,
14:37:15,32011,
14:37:16,31848,
14:37:17,32552,
14:37:18,32740,
14:37:19,33186,
14:37:20,32954,
14:37:21,32447,
14:37:22,32709,
14:37:23,32655,
14:37:24,32134,
14:37:25,32427,
14:37:26,32854,
14:37:27,33215,
14:37:28,32911,
14:37:29,32699,
14:37:30,32786,
14:37:31,32319,
14:37:32,33330,
14:37:33,32255,
14:37:34,33076,
14:37:35,33198,
14:37:36,32928,
14:37:37,32162,
14:37:38,32589,
14:37:39,33183,
14:37:40,32165,
14:37:41,32818,
14:37:42,33060,
14:37:43,33151,
14:37:44,33330,
14:37:45,32744,
14:37:46,33597,
14:37:47,33327,
14:37:48,33096,
14:37:49,33512,
14:37:50,33465,
14:37:51,34317,
14:37:52,33284,
14:37:53,34300,
14:37:54,32966,
14:37:55,33148,
14:37:56,33426,
14:37:57,33053,
14:37:58,33259,
14:37:59,33492,
14:38:00,34342,
14:38:01,34456,
14:38:02,33685,
14:38:03,35095,
14:38:04,34237,
14:38:05,35049,
14:38:06,34552,
14:38:07,35633,
14:38:08,36686,
14:38:09,36436,
14:38:10,36569,
14:38:11,36076,
14:38:12,35900,
14:38:13,35503,
14:38:14,35166,
14:38:15,34925,
14:38:16,33810,
14:38:17,34024,
14:38:18,34364,
14:38:19,34797,
14:38:20,34942,
14:38:21,35031,
14:38:22,34795,
14:38:23,35070,
14:38:24,34494,
14:38:25,33472,
14:38:26,33911,
14:38:27,34167,
14:38:28,35308,
14:38:29,34337,
14:38:30,33980,
14:38:31,34219,
14:38:32,34445,
14:38:33,34025,
14:38:34,34567,
14:38:35,33924,
14:38:36,35012,
14:38:37,34886,
14:38:38,35202,
14:38:39,35643,
14:38:40,35280,
14:38:41,34770,
14:38:42,33919,
14:38:43,34919,
14:38:44,34181,
14:38:45,33834,
14:38:46,34855,
14:38:47,34422,
14:38:48,35572,
14:38:49,34885,
14:38:50,34945,
14:38:51,35116,
14:38:52,35076,
14:38:53,34237,
14:38:54,34541,
14:38:55,34804,
14:38:56,34690,
14:38:57,34948,
14:38:58,34611,
14:38:59,34284,
14:39:00,34175,
14:39:01,34076,
14:39:02,34156,
14:39:03,34677,
14:39:04,34325,
14:39:05,34670,
14:39:06,34627,
14:39:07,34646,
14:39:08,34445,
14:39:09,34616,
14:39:10,34694,
14:39:11,34386,
14:39:12,34656,
14:39:13,34410,
14:39:14,34385,
14:39:15,34489,
14:39:16,34520,
14:39:17,34231,
14:39:18,34045,
14:39:19,34126,
14:39:20,34219,
14:39:21,33840,
14:39:22,33891,
14:39:23,34529,
14:39:24,34719,
14:39:25,34013,
14:39:26,33368,
14:39:27,33549,
14:39:28,33688,
14:39:29,33387,
14:39:30,33560,
14:39:31,33362,
14:39:32,33400,
14:39:33,33692,
14:39:34,33250,
14:39:35,33439,
14:39:36,33079,
14:39:37,33497,
14:39:38,33257,
14:39:39,33131,
14:39:40,33962,
14:39:41,33710,
14:39:42,33210,
14:39:43,32068,
14:39:44,33068,
14:39:45,33458,
14:39:46,32937,
14:39:47,33109,
14:39:48,33167,
14:39:49,33216,
14:39:50,33162,
14:39:51,33192,
14:39:52,33400,
14:39:53,32886,
14:39:54,32290,
14:39:55,33043,
14:39:56,32984,
14:39:57,33316,
14:39:58,33456,
14:39:59,32694,
14:40:00,32879,
14:40:01,32752,
14:40:02,32993,
14:40:03,32629,
14:40:04,33032,
14:40:05,33188,
14:40:06,33355,
14:40:07,33591,
14:40:08,33660,
14:40:09,33971,
14:40:10,33831,
14:40:11,33932,
14:40:12,33294,
14:40:13,33065,
14:40:14,33749,
14:40:15,33768,
14:40:16,33011,
14:40:17,32971,
14:40:18,33154,
14:40:19,33117,
14:40:20,31814,
14:40:21,31217,
14:40:22,32542,
14:40:23,33742,
14:40:24,33815,
14:40:25,33519,
14:40:26,33414,
14:40:27,33588,
14:40:28,33621,
14:40:29,33370,
14:40:30,33291,
14:40:31,33279,
14:40:32,32613,
14:40:33,33118,
14:40:34,33114,
14:40:35,33303,
14:40:36,33515,
14:40:37,33160,
14:40:38,33504,
14:40:39,33536,
14:40:40,33904,
14:40:41,33832,
14:40:42,33892,
14:40:43,34090,
14:40:44,33538,
14:40:45,33956,
14:40:46,33856,
14:40:47,34336,
14:40:48,34046,
14:40:49,33684,
14:40:50,33840,
14:40:51,33921,
14:40:52,34166,
14:40:53,34129,
14:40:54,34099,
14:40:55,33858,
14:40:56,34051,
14:40:57,33961,
14:40:58,33994,
14:40:59,34405,
14:41:00,34035,
14:41:01,34690,
14:41:02,34265,
14:41:03,34136,
14:41:04,34082,
14:41:05,34356,
14:41:06,34740,
14:41:07,35212,
14:41:08,34941,
14:41:09,35156,
14:41:10,35219,
14:41:11,34659,
14:41:12,33636,
14:41:13,33170,
14:41:14,34098,
14:41:15,34413,
14:41:16,34214,
14:41:17,33684,
14:41:18,33558,
14:41:19,32244,
14:41:20,34069,
14:41:21,33774,
14:41:22,33778,
14:41:23,33979,
14:41:24,34536,
14:41:25,34080,
14:41:26,34142,
14:41:27,34502,
14:41:28,34584,
14:41:29,33246,
14:41:30,33783,
14:41:31,34449,
14:41:32,34398,
14:41:33,33920,
14:41:34,33916,
14:41:35,34076,
14:41:36,34174,
14:41:37,34265,
14:41:38,34221,
14:41:39,33722,
14:41:40,33685,
14:41:41,34214,
14:41:42,34128,
14:41:43,34084,
14:41:44,34368,
14:41:45,34245,
14:41:46,34299,
14:41:47,33747,
14:41:48,34121,
14:41:49,34411,
14:41:50,34180,
14:41:51,33952,
14:41:52,34270,
14:41:53,34413,
14:41:54,33986,
14:41:55,33820,
14:41:56,34459,
14:41:57,34864,
14:41:58,34516,
14:41:59,33953,
14:42:00,33646,
14:42:01,34387,
14:42:02,34292,
14:42:03,34616,
14:42:04,34910,
14:42:05,35066,
14:42:06,34725,
14:42:07,34572,
14:42:08,34214,
14:42:09,34704,
14:42:10,34400,
14:42:11,35063,
14:42:12,34726,
14:42:13,34573,
14:42:14,33945,
14:42:15,33975,
14:42:16,33696,
14:42:17,34378,
14:42:18,34038,
14:42:19,33987,
14:42:20,34236,
14:42:21,34299,
14:42:22,34268,
14:42:23,34264,
14:42:24,34123,
14:42:25,34141,
14:42:26,33628,
14:42:27,33926,
14:42:28,34165,
14:42:29,33859,
14:42:30,34090,
14:42:31,33867,
14:42:32,34227,
14:42:33,34212,
14:42:34,34155,
14:42:35,33874,
14:42:36,33873,
14:42:37,34249,
14:42:38,34816,
14:42:39,34870,
14:42:40,34228,
14:42:41,34100,
14:42:42,33679,
14:42:43,34200,
14:42:44,34202,
14:42:45,34076,
14:42:46,33846,
14:42:47,34136,
14:42:48,33996,
14:42:49,34364,
14:42:50,33941,
14:42:51,34256,
14:42:52,33178,
14:42:53,33630,
14:42:54,33896,
14:42:55,33674,
14:42:56,34164,
14:42:57,33230,
14:42:58,33661,
14:42:59,32656,
14:43:00,32014,
14:43:01,33547,
14:43:02,34197,
14:43:03,33417,
14:43:04,32524,
14:43:05,32704,
14:43:06,32707,
14:43:07,32234,
14:43:08,32600,
14:43:09,31973,
14:43:10,30165,
14:43:11,30053,
14:43:12,31436,
14:43:13,32987,
14:43:14,32737,
14:43:15,30968,
14:43:16,31445,
14:43:17,31442,
14:43:18,31215,
14:43:19,32190,
14:43:20,31887,
14:43:21,31846,
14:43:22,31865,
14:43:23,31784,
14:43:24,31750,
14:43:25,32281,
14:43:26,32095,
14:43:27,31295,
14:43:28,30954,
14:43:29,32329,
14:43:30,32144,
14:43:31,31445,
14:43:32,30597,
14:43:33,29563,
14:43:34,30564,
14:43:35,31136,
14:43:36,31551,
14:43:37,31306,
14:43:38,30775,
14:43:39,30384,
14:43:40,30486,
14:43:41,30206,
14:43:42,30386,
14:43:43,30056,
14:43:44,30335,
14:43:45,30392,
14:43:46,30213,
14:43:47,30166,
14:43:48,29915,
14:43:49,30479,
14:43:50,30634,
14:43:51,30624,
14:43:52,30658,
14:43:53,31156,
14:43:54,30282,
14:43:55,31451,
14:43:56,30617,
14:43:57,30845,
14:43:58,31042,
14:43:59,30732,
14:44:00,30685,
14:44:01,30721,
14:44:02,30560,
14:44:03,30495,
14:44:04,30202,
14:44:05,30651,
14:44:06,31117,
14:44:07,30602,
14:44:08,30032,
14:44:09,29577,
14:44:10,29506,
14:44:11,29928,
14:44:12,29620,
14:44:13,29925,
14:44:14,30522,
14:44:15,30093,
14:44:16,30634,
14:44:17,29968,
14:44:18,30666,
14:44:19,30626,
14:44:20,30460,
14:44:21,30762,
14:44:22,30962,
14:44:23,30525,
14:44:24,31232,
14:44:25,31011,
14:44:26,31196,
14:44:27,30889,
14:44:28,30525,
14:44:29,30147,
14:44:30,30234,
14:44:31,30361,
14:44:32,30007,
14:44:33,29445,
14:44:34,30140,
14:44:35,30177,
14:44:36,30330,
14:44:37,30337,
14:44:38,30809,
14:44:39,31087,
14:44:40,30735,
14:44:41,30933,
14:44:42,30866,
14:44:43,31302,
14:44:44,29686,
14:44:45,31130,
14:44:46,31110,
14:44:47,30994,
14:44:48,31011,
14:44:49,30955,
14:44:50,30994,
14:44:51,30521,
14:44:52,30496,
14:44:53,30417,
14:44:54,30316,
14:44:55,30126,
14:44:56,30358,
14:44:57,30421,
14:44:58,30148,
14:44:59,29893,
14:45:00,30756,
14:45:01,31505,
14:45:02,31170,
14:45:03,31250,
14:45:04,31093,
14:45:05,31222,
14:45:06,31701,
14:45:07,29040,
14:45:08,28139,
14:45:09,30855,
14:45:10,31666,
14:45:11,31788,
14:45:12,31311,
14:45:13,30775,
14:45:14,30887,
14:45:15,31477,
14:45:16,31712,
14:45:17,31885,
14:45:18,31462,
14:45:19,31519,
14:45:20,31100,
14:45:21,30514,
14:45:22,30817,
14:45:23,30841,
14:45:24,31226,
14:45:25,31062,
14:45:26,30489,
14:45:27,30308,
14:45:28,30695,
14:45:29,31263,
14:45:30,31222,
14:45:31,31055,
14:45:32,30953,
14:45:33,31100,
14:45:34,31164,
14:45:35,30659,
14:45:36,30449,
14:45:37,30244,
14:45:38,30461,
14:45:39,30530,
14:45:40,30633,
14:45:41,29995,
14:45:42,29753,
14:45:43,30374,
14:45:44,30575,
14:45:45,30728,
14:45:46,30477,
14:45:47,29743,
14:45:48,30263,
14:45:49,30826,
14:45:50,30266,
14:45:51,30380,
14:45:52,30729,
14:45:53,31164,
14:45:54,30859,
14:45:55,30921,
14:45:56,31011,
14:45:57,30390,
14:45:58,30990,
14:45:59,31353,
14:46:00,30910,
14:46:01,31271,
14:46:02,31353,
14:46:03,30856,
14:46:04,30635,
14:46:05,31722,
14:46:06,31690,
14:46:07,31422,
14:46:08,31107,
14:46:09,30984,
14:46:10,31460,
14:46:11,30965,
14:46:12,31323,
14:46:13,31164,
14:46:14,31642,
14:46:15,31665,
14:46:16,31146,
14:46:17,31604,
14:46:18,31129,
14:46:19,31370,
14:46:20,31370,
14:46:21,31594,
14:46:22,31684,
14:46:23,31338,
14:46:24,31006,
14:46:25,30288,
14:46:26,31178,
14:46:27,31237,
14:46:28,30919,
14:46:29,31377,
14:46:30,30599,
14:46:31,31462,
14:46:32,31487,
14:46:33,31315,
14:46:34,31034,
14:46:35,31766,
14:46:36,31894,
14:46:37,31681,
14:46:38,30921,
14:46:39,30273,
14:46:40,29665,
14:46:41,30170,
14:46:42,30627,
14:46:43,30621,
14:46:44,30783,
14:46:45,30146,
14:46:46,29872,
14:46:47,29836,
14:46:48,30817,
14:46:49,29625,
14:46:50,30850,
14:46:51,30522,
14:46:52,30607,
14:46:53,30720,
14:46:54,30613,
14:46:55,29671,
14:46:56,29516,
14:46:57,29677,
14:46:58,29443,
14:46:59,29052,
14:47:00,28569,
14:47:01,27954,
14:47:02,27700,
14:47:03,27751,
14:47:04,27721,
14:47:05,27875,
14:47:06,27986,
14:47:07,28146,
14:47:08,28002,
14:47:09,28374,
14:47:10,27944,
14:47:11,27956,
14:47:12,28308,
14:47:13,27943,
14:47:14,27979,
14:47:15,27560,
14:47:16,27650,
14:47:17,28081,
14:47:18,27812,
14:47:19,27930,
14:47:20,28224,
14:47:21,28295,
14:47:22,28231,
14:47:23,28297,
14:47:24,27958,
14:47:25,28599,
14:47:26,27949,
14:47:27,28055,
14:47:28,29026,
14:47:29,28699,
14:47:30,28551,
14:47:31,28774,
14:47:32,28806,
14:47:33,28820,
14:47:34,28657,
14:47:35,28814,
14:47:36,29021,
14:47:37,28569,
14:47:38,28159,
14:47:39,28693,
14:47:40,28374,
14:47:41,28074,
14:47:42,28170,
14:47:43,28922,
14:47:44,28630,
14:47:45,29121,
14:47:46,29256,
14:47:47,29577,
14:47:48,29257,
14:47:49,28929,
14:47:50,28518,
14:47:51,29286,
14:47:52,29507,
14:47:53,29170,
14:47:54,29463,
14:47:55,29329,
14:47:56,29244,
14:47:57,26362,
14:47:58,27251,
14:47:59,28916,
14:48:00,28780,
14:48:01,29035,
14:48:02,28589,
14:48:03,29046,
14:48:04,28151,
14:48:05,27765,
14:48:06,28558,
14:48:07,29015,
14:48:08,28920,
14:48:09,28241,
14:48:10,27673,
14:48:11,28793,
14:48:12,28884,
14:48:13,28420,
14:48:14,28423,
14:48:15,27972,
14:48:16,28110,
14:48:17,27972,
14:48:18,27839,
14:48:19,28410,
14:48:20,28469,
14:48:21,28202,
14:48:22,28325,
14:48:23,28018,
14:48:24,27037,
14:48:25,27627,
14:48:26,27964,
14:48:27,27981,
14:48:28,27496,
14:48:29,27774,
14:48:30,27769,
14:48:31,27917,
14:48:32,26504,
14:48:33,27394,
14:48:34,27791,
14:48:35,27535,
14:48:36,27961,
14:48:37,28270,
14:48:38,28426,
14:48:39,28597,
14:48:40,28232,
14:48:41,28707,
14:48:42,28281,
14:48:43,28032,
14:48:44,28071,
14:48:45,28472,
14:48:46,28404,
14:48:47,28322,
14:48:48,27979,
14:48:49,28405,
14:48:50,27751,
14:48:51,28035,
14:48:52,28308,
14:48:53,28401,
14:48:54,28708,
14:48:55,28873,
14:48:56,28945,
14:48:57,28741,
14:48:58,29186,
14:48:59,29659,
14:49:00,29082,
14:49:01,28760,
14:49:02,29224,
14:49:03,28687,
14:49:04,27950,
14:49:05,28431,
14:49:06,27850,
14:49:07,27947,
14:49:08,28159,
14:49:09,28131,
14:49:10,28174,
14:49:11,27884,
14:49:12,28248,
14:49:13,28060,
14:49:14,28520,
14:49:15,28467,
14:49:16,28418,
14:49:17,28341,
14:49:18,28604,
14:49:19,28111,
14:49:20,28364,
14:49:21,28394,
14:49:22,28087,
14:49:23,28347,
14:49:24,28850,
14:49:25,28597,
14:49:26,28274,
14:49:27,28662,
14:49:28,28398,
14:49:29,28471,
14:49:30,27661,
14:49:31,28121,
14:49:32,28547,
14:49:33,28369,
14:49:34,28583,
14:49:35,28412,
14:49:36,28182,
14:49:37,28405,
14:49:38,28380,
14:49:39,28635,
14:49:40,29132,
14:49:41,29228,
14:49:42,29004,
14:49:43,28004,
14:49:44,28244,
14:49:45,28305,
14:49:46,28617,
14:49:47,29211,
14:49:48,28257,
14:49:49,28879,
14:49:50,28905,
14:49:51,28847,
14:49:52,28856,
14:49:53,28621,
14:49:54,29038,
14:49:55,28779,
14:49:56,27987,
14:49:57,28528,
14:49:58,28703,
14:49:59,28358,
14:50:00,28289,
14:50:01,27343,
14:50:02,28692,
14:50:03,28623,
14:50:04,28885,
14:50:05,28667,
14:50:06,28598,
14:50:07,28949,
14:50:08,29060,
14:50:09,29107,
14:50:10,29425,
14:50:11,29016,
14:50:12,29339,
14:50:13,29180,
14:50:14,29221,
14:50:15,28756,
14:50:16,28846,
14:50:17,28695,
14:50:18,29520,
14:50:19,29452,
14:50:20,30302,
14:50:21,29901,
14:50:22,29257,
14:50:23,29195,
14:50:24,29336,
14:50:25,29402,
14:50:26,28732,
14:50:27,28166,
14:50:28,28964,
14:50:29,28745,
14:50:30,29341,
14:50:31,28725,
14:50:32,29428,
14:50:33,28935,
14:50:34,29016,
14:50:35,28781,
14:50:36,28660,
14:50:37,29488,
14:50:38,28277,
14:50:39,28400,
14:50:40,28831,
14:50:41,29053,
14:50:42,28547,
14:50:43,28624,
14:50:44,28644,
14:50:45,28040,
14:50:46,27139,
14:50:47,28467,
14:50:48,29019,
14:50:49,29473,
14:50:50,30149,
14:50:51,30374,
14:50:52,29723,
14:50:53,29553,
14:50:54,29812,
14:50:55,29533,
14:50:56,28932,
14:50:57,29246,
14:50:58,29261,
14:50:59,29545,
14:51:00,29431,
14:51:01,28825,
14:51:02,26747,
14:51:03,27181,
14:51:04,26936,
14:51:05,28172,
14:51:06,28357,
14:51:07,28648,
14:51:08,28664,
14:51:09,28149,
14:51:10,27379,
14:51:11,27779,
14:51:12,27201,
14:51:13,26185,
14:51:14,25862,
14:51:15,25946,
14:51:16,26167,
14:51:17,25777,
14:51:18,26226,
14:51:19,25944,
14:51:20,25988,
14:51:21,25956,
14:51:22,26015,
14:51:23,26332,
14:51:24,25967,
14:51:25,26246,
14:51:26,26027,
14:51:27,27018,
14:51:28,26853,
14:51:29,26249,
14:51:30,24881,
14:51:31,23235,
14:51:32,23124,
14:51:33,23185,
14:51:34,23825,
14:51:35,22839,
14:51:36,23385,
14:51:37,23802,
14:51:38,25273,
14:51:39,23474,
14:51:40,24662,
14:51:41,24533,
14:51:42,24740,
14:51:43,24448,
14:51:44,24133,
14:51:45,23923,
14:51:46,23614,
14:51:47,24063,
14:51:48,24215,
14:51:49,23968,
14:51:50,23438,
14:51:51,23523,
14:51:52,24042,
14:51:53,23211,
14:51:54,22890,
14:51:55,22964,
14:51:56,23139,
14:51:57,23006,
14:51:58,22881,
14:51:59,23005,
14:52:00,22854,
14:52:01,22993,
14:52:02,23036,
14:52:03,22691,
14:52:04,23131,
14:52:05,23062,
14:52:06,23039,
14:52:07,23168,
14:52:08,23501,
14:52:09,22798,
14:52:10,21507,
14:52:11,23212,
14:52:12,24061,
14:52:13,24012,
14:52:14,24025,
14:52:15,23863,
14:52:16,24119,
14:52:17,24889,
14:52:18,24666,
14:52:19,24770,
14:52:20,24932,
14:52:21,24854,
14:52:22,25374,
14:52:23,25521,
14:52:24,25250,
14:52:25,25131,
14:52:26,25592,
14:52:27,25253,
14:52:28,25305,
14:52:29,25641,
14:52:30,26079,
14:52:31,25916,
14:52:32,26157,
14:52:33,25911,
14:52:34,25885,
14:52:35,26611,
14:52:36,26568,
14:52:37,25645,
14:52:38,25610,
14:52:39,25860,
14:52:40,26171,
14:52:41,26011,
14:52:42,25411,
14:52:43,25582,
14:52:44,25859,
14:52:45,25397,
14:52:46,26009,
14:52:47,25440,
14:52:48,25842,
14:52:49,26191,
14:52:50,25548,
14:52:51,25142,
14:52:52,25827,
14:52:53,24972,
14:52:54,23375,
14:52:55,24325,
14:52:56,24913,
14:52:57,24248,
14:52:58,24850,
14:52:59,23662,
14:53:00,23599,
14:53:01,22896,
14:53:02,23025,
14:53:03,23941,
14:53:04,23803,
14:53:05,24828,
14:53:06,24028,
14:53:07,23357,
14:53:08,23292,
14:53:09,24362,
14:53:10,24352,
14:53:11,25956,
14:53:12,25659,
14:53:13,25871,
14:53:14,25589,
14:53:15,25718,
14:53:16,26287,
14:53:17,26731,
14:53:18,26325,
14:53:19,26264,
14:53:20,26613,
14:53:21,26185,
14:53:22,27004,
14:53:23,26930,
14:53:24,26476,
14:53:25,26844,
14:53:26,26813,
14:53:27,26925,
14:53:28,26873,
14:53:29,26903,
14:53:30,27204,
14:53:31,27948,
14:53:32,27838,
14:53:33,27785,
14:53:34,27927,
14:53:35,28243,
14:53:36,28415,
14:53:37,28619,
14:53:38,28759,
14:53:39,28789,
14:53:40,28743,
14:53:41,28705,
14:53:42,28617,
14:53:43,28884,
14:53:44,29115,
14:53:45,28729,
14:53:46,28897,
14:53:47,29094,
14:53:48,29504,
14:53:49,29034,
14:53:50,29147,
14:53:51,29277,
14:53:52,28969,
14:53:53,29346,
14:53:54,29342,
14:53:55,28631,
14:53:56,28954,
14:53:57,29099,
14:53:58,29366,
14:53:59,28827,
14:54:00,29132,
14:54:01,29003,
14:54:02,29219,
14:54:03,28988,
14:54:04,28799,
14:54:05,28984,
14:54:06,29101,
14:54:07,28150,
14:54:08,26521,
14:54:09,26085,
14:54:10,26252,
14:54:11,26398,
14:54:12,24711,
14:54:13,24680,
14:54:14,24459,
14:54:15,24986,
14:54:16,26059,
14:54:17,25123,
14:54:18,26377,
14:54:19,26683,
14:54:20,26739,
14:54:21,25885,
14:54:22,25205,
14:54:23,24417,
14:54:24,24623,
14:54:25,24170,
14:54:26,23723,
14:54:27,24679,
14:54:28,25758,
14:54:29,26026,
14:54:30,26894,
14:54:31,26500,
14:54:32,26359,
14:54:33,24445,
14:54:34,24513,
14:54:35,24475,
14:54:36,25134,
14:54:37,26210,
14:54:38,24871,
14:54:39,25150,
14:54:40,24742,
14:54:41,24677,
14:54:42,24667,
14:54:43,24213,
14:54:44,24829,
14:54:45,24598,
14:54:46,25460,
14:54:47,25056,
14:54:48,24552,
14:54:49,25539,
14:54:50,25740,
14:54:51,25194,
14:54:52,24835,
14:54:53,24922,
14:54:54,24320,
14:54:55,23452,
14:54:56,23249,
14:54:57,24320,
14:54:58,23556,
14:54:59,23695,
14:55:00,23217,
14:55:01,23353,
14:55:02,24229,
14:55:03,24149,
14:55:04,24393,
14:55:05,23717,
14:55:06,23205,
14:55:07,23686,
14:55:08,23718,
14:55:09,25134,
14:55:10,26391,
14:55:11,25758,
14:55:12,25528,
14:55:13,25179,
14:55:14,24196,
14:55:15,24609,
14:55:16,25099,
14:55:17,25075,
14:55:18,23943,
14:55:19,24500,
14:55:20,23849,
14:55:21,23404,
14:55:22,24004,
14:55:23,23639,
14:55:24,23036,
14:55:25,22615,
14:55:26,23037,
14:55:27,22940,
14:55:28,23085,
14:55:29,23785,
14:55:30,24059,
14:55:31,23806,
14:55:32,23935,
14:55:33,24184,
14:55:34,24226,
14:55:35,23982,
14:55:36,23360,
14:55:37,23465,
14:55:38,23211,
14:55:39,23458,
14:55:40,22972,
14:55:41,23255,
14:55:42,23418,
14:55:43,23310,
14:55:44,23633,
14:55:45,23284,
14:55:46,23413,
14:55:47,23871,
14:55:48,23795,
14:55:49,23910,
14:55:50,23973,
14:55:51,23441,
14:55:52,22971,
14:55:53,23650,
14:55:54,23902,
14:55:55,23663,
14:55:56,23817,
14:55:57,24179,
14:55:58,24154,
14:55:59,23820,
14:56:00,23621,
14:56:01,23446,
14:56:02,23070,
14:56:03,23249,
14:56:04,22161,
14:56:05,22098,
14:56:06,22544,
14:56:07,22183,
14:56:08,21473,
14:56:09,20756,
14:56:10,21784,
14:56:11,21772,
14:56:12,22722,
14:56:13,22858,
14:56:14,22695,
14:56:15,22368,
14:56:16,22519,
14:56:17,22112,
14:56:18,22749,
14:56:19,22355,
14:56:20,22874,
14:56:21,22605,
14:56:22,21951,
14:56:23,22029,
14:56:24,21687,
14:56:25,22651,
14:56:26,22443,
14:56:27,22577,
14:56:28,22904,
14:56:29,22966,
14:56:30,23508,
14:56:31,23428,
14:56:32,22745,
14:56:33,21921,
14:56:34,23078,
14:56:35,22443,
14:56:36,22950,
14:56:37,22375,
14:56:38,21867,
14:56:39,22432,
14:56:40,22269,
14:56:41,22746,
14:56:42,22709,
14:56:43,23375,
14:56:44,22482,
14:56:45,23197,
14:56:46,23393,
14:56:47,23427,
14:56:48,22954,
14:56:49,22420,
14:56:50,22501,
14:56:51,22827,
14:56:52,22254,
14:56:53,21920,
14:56:54,23063,
14:56:55,22528,
14:56:56,22252,
14:56:57,22684,
14:56:58,22519,
14:56:59,23238,
14:57:00,23540,
14:57:01,22901,
14:57:02,23107,
14:57:03,23409,
14:57:04,23326,
14:57:05,23128,
14:57:06,22833,
14:57:07,23098,
14:57:08,23041,
14:57:09,23000,
14:57:10,22955,
14:57:11,22791,
14:57:12,23181,
14:57:13,23362,
14:57:14,23545,
14:57:15,23071,
14:57:16,23309,
14:57:17,23455,
14:57:18,23646,
14:57:19,23625,
14:57:20,23289,
14:57:21,23143,
14:57:22,23273,
14:57:23,23026,
14:57:24,23427,
14:57:25,23926,
14:57:26,24111,
14:57:27,24214,
14:57:28,24163,
14:57:29,24150,
14:57:30,24075,
14:57:31,24225,
14:57:32,23716,
14:57:33,23571,
14:57:34,23448,
14:57:35,23272,
14:57:36,23866,
14:57:37,24231,
14:57:38,22157,
14:57:39,22825,
14:57:40,23233,
14:57:41,22442,
14:57:42,23316,
14:57:43,23687,
14:57:44,23253,
14:57:45,24065,
14:57:46,23258,
14:57:47,23682,
14:57:48,23617,
14:57:49,23352,
14:57:50,23663,
14:57:51,23409,
14:57:52,23728,
14:57:53,23829,
14:57:54,23811,
14:57:55,23363,
14:57:56,23947,
14:57:57,24261,
14:57:58,23898,
14:57:59,23696,
14:58:00,23884,
14:58:01,24435,
14:58:02,23533,
14:58:03,23427,
14:58:04,23778,
14:58:05,24282,
14:58:06,24277,
14:58:07,24172,
14:58:08,24417,
14:58:09,24538,
14:58:10,24276,
14:58:11,23989,
14:58:12,23178,
14:58:13,23632,
14:58:14,24014,
14:58:15,24194,
14:58:16,24341,
14:58:17,24115,
14:58:18,24112,
14:58:19,24117,
14:58:20,23692,
14:58:21,23533,
14:58:22,23453,
14:58:23,23621,
14:58:24,23900,
14:58:25,23491,
14:58:26,23271,
14:58:27,23619,
14:58:28,23438,
14:58:29,23504,
14:58:30,23916,
14:58:31,23231,
14:58:32,23426,
14:58:33,23136,
14:58:34,23163,
14:58:35,23352,
14:58:36,23277,
14:58:37,23076,
14:58:38,22544,
14:58:39,22755,
14:58:40,23040,
14:58:41,22445,
14:58:42,22947,
14:58:43,22840,
14:58:44,22315,
14:58:45,23132,
14:58:46,23217,
14:58:47,23092,
14:58:48,23176,
14:58:49,22925,
14:58:50,23134,
14:58:51,22496,
14:58:52,23047,
14:58:53,22902,
14:58:54,23001,
14:58:55,22939,
14:58:56,22876,
14:58:57,22402,
14:58:58,22996,
14:58:59,22740,
14:59:00,22971,
14:59:01,23245,
14:59:02,23000,
14:59:03,22668,
14:59:04,22524,
14:59:05,22412,
14:59:06,23003,
14:59:07,22670,
14:59:08,22794,
14:59:09,22545,
14:59:10,22998,
14:59:11,23008,
14:59:12,22718,
14:59:13,23223,
14:59:14,22822,
14:59:15,22867,
14:59:16,23091,
14:59:17,23269,
14:59:18,22809,
14:59:19,23088,
14:59:20,23203,
14:59:21,23376,
14:59:22,23315,
14:59:23,23348,
14:59:24,23402,
14:59:25,23640,
14:59:26,23969,
14:59:27,23781,
14:59:28,23750,
14:59:29,23757,
14:59:30,23578,
14:59:31,23210,
14:59:32,23562,
14:59:33,22933,
14:59:34,23657,
14:59:35,22948,
14:59:36,22150,
14:59:37,23590,
14:59:38,22955,
14:59:39,23196,
14:59:40,23021,
14:59:41,23185,
14:59:42,23175,
14:59:43,23123,
14:59:44,22905,
14:59:45,22767,
14:59:46,22994,
14:59:47,22774,
14:59:48,22086,
14:59:49,22849,
14:59:50,23018,
14:59:51,22772,
14:59:52,23008,
14:59:53,22406,
14:59:54,22843,
14:59:55,22677,
14:59:56,22433,
14:59:57,22591,
14:59:58,22996,
14:59:59,22738,
15:00:00,22605,
15:00:01,21710,
15:00:02,22098,
15:00:03,22797,
15:00:04,22770,
15:00:05,22899,
15:00:06,22868,
15:00:07,22844,
15:00:08,22793,
15:00:09,22878,
15:00:10,22940,
15:00:11,22602,
15:00:12,22563,
15:00:13,22935,
15:00:14,23332,
15:00:15,23238,
15:00:16,23067,
15:00:17,23025,
15:00:18,22940,
15:00:19,22560,
15:00:20,23208,
15:00:21,22684,
15:00:22,22848,
15:00:23,22602,
15:00:24,22922,
15:00:25,23112,
15:00:26,22709,
15:00:27,22403,
15:00:28,23071,
15:00:29,23024,
15:00:30,22283,
15:00:31,23170,
15:00:32,23285,
15:00:33,23675,
15:00:34,23430,
15:00:35,23419,
15:00:36,22592,
15:00:37,22958,
15:00:38,23043,
15:00:39,23089,
15:00:40,23406,
15:00:41,23463,
15:00:42,23436,
15:00:43,23671,
15:00:44,22988,
15:00:45,23348,
15:00:46,23352,
15:00:47,23279,
15:00:48,22700,
15:00:49,23155,
15:00:50,23309,
15:00:51,22206,
15:00:52,22318,
15:00:53,23163,
15:00:54,23168,
15:00:55,23433,
15:00:56,23529,
15:00:57,23833,
15:00:58,23173,
15:00:59,23062,
15:01:00,22869,
15:01:01,22776,
15:01:02,22600,
15:01:03,22222,
15:01:04,23330,
15:01:05,23664,
15:01:06,23685,
15:01:07,23505,
15:01:08,23582,
15:01:09,22894,
15:01:10,23542,
15:01:11,23617,
15:01:12,23464,
15:01:13,23250,
15:01:14,23277,
15:01:15,23616,
15:01:16,23887,
15:01:17,23835,
15:01:18,23316,
15:01:19,22773,
15:01:20,23168,
15:01:21,23619,
15:01:22,23283,
15:01:23,22985,
15:01:24,23234,
15:01:25,23481,
15:01:26,22967,
15:01:27,23460,
15:01:28,23264,
15:01:29,23313,
15:01:30,23155,
15:01:31,23225,
15:01:32,23681,
15:01:33,23170,
15:01:34,23504,
15:01:35,22884,
15:01:36,23013,
15:01:37,23164,
15:01:38,22901,
15:01:39,22693,
15:01:40,22658,
15:01:41,22478,
15:01:42,22718,
15:01:43,22034,
15:01:44,22180,
15:01:45,22703,
15:01:46,22726,
15:01:47,21791,
15:01:48,22381,
15:01:49,22536,
15:01:50,22641,
15:01:51,22359,
15:01:52,22860,
15:01:53,23109,
15:01:54,22261,
15:01:55,22857,
15:01:56,22451,
15:01:57,22137,
15:01:58,22198,
15:01:59,22950,
15:02:00,22773,
15:02:01,22528,
15:02:02,22894,
15:02:03,22585,
15:02:04,22976,
15:02:05,22790,
15:02:06,22826,
15:02:07,22935,
15:02:08,22739,
15:02:09,22915,
15:02:10,22997,
15:02:11,23249,
15:02:12,23041,
15:02:13,22879,
15:02:14,22666,
15:02:15,22548,
15:02:16,23233,
15:02:17,22620,
15:02:18,22076,
15:02:19,22560,
15:02:20,23068,
15:02:21,22764,
15:02:22,23083,
15:02:23,22937,
15:02:24,23313,
15:02:25,22739,
15:02:26,22798,
15:02:27,23281,
15:02:28,22924,
15:02:29,23213,
15:02:30,22802,
15:02:31,22589,
15:02:32,23228,
15:02:33,21905,
15:02:34,22836,
15:02:35,22502,
15:02:36,22463,
15:02:37,22400,
15:02:38,22597,
15:02:39,22685,
15:02:40,22892,
15:02:41,22590,
15:02:42,22453,
15:02:43,22632,
15:02:44,22788,
15:02:45,22837,
15:02:46,23092,
15:02:47,22461,
15:02:48,22669,
15:02:49,22938,
15:02:50,22689,
15:02:51,22425,
15:02:52,22391,
15:02:53,22900,
15:02:54,22910,
15:02:55,22956,
15:02:56,22984,
15:02:57,22735,
15:02:58,22185,
15:02:59,22441,
15:03:00,22631,
15:03:01,22762,
15:03:02,22950,
15:03:03,22418,
15:03:04,22507,
15:03:05,22401,
15:03:06,22928,
15:03:07,22845,
15:03:08,22720,
15:03:09,22977,
15:03:10,22696,
15:03:11,23065,
15:03:12,22765,
15:03:13,22634,
15:03:14,22948,
15:03:15,22933,
15:03:16,22481,
15:03:17,22933,
15:03:18,22164,
15:03:19,22446,
15:03:20,21987,
15:03:21,23096,
15:03:22,22603,
15:03:23,22808,
15:03:24,22989,
15:03:25,22769,
15:03:26,23046,
15:03:27,23202,
15:03:28,23195,
15:03:29,23134,
15:03:30,23715,
15:03:31,23427,
15:03:32,23458,
15:03:33,23030,
15:03:34,23131,
15:03:35,23316,
15:03:36,23635,
15:03:37,23762,
15:03:38,23416,
15:03:39,23595,
15:03:40,23069,
15:03:41,23475,
15:03:42,23328,
15:03:43,23394,
15:03:44,22895,
15:03:45,23450,
15:03:46,23224,
15:03:47,23252,
15:03:48,23365,
15:03:49,23443,
15:03:50,23490,
15:03:51,22901,
15:03:52,23015,
15:03:53,22985,
15:03:54,22985,
15:03:55,23153,
15:03:56,22886,
15:03:57,23181,
15:03:58,23460,
15:03:59,23516,
15:04:00,23944,
15:04:01,24126,
15:04:02,24160,
15:04:03,23707,
15:04:04,23315,
15:04:05,23246,
15:04:06,23234,
15:04:07,23345,
15:04:08,23548,
15:04:09,23341,
15:04:10,23831,
15:04:11,23309,
15:04:12,23135,
15:04:13,23709,
15:04:14,23619,
15:04:15,23139,
15:04:16,23153,
15:04:17,23380,
15:04:18,23693,
15:04:19,23774,
15:04:20,24059,
15:04:21,23536,
15:04:22,23792,
15:04:23,23829,
15:04:24,23974,
15:04:25,23210,
15:04:26,23533,
15:04:27,23450,
15:04:28,23601,
15:04:29,23942,
15:04:30,24313,
15:04:31,23759,
15:04:32,24169,
15:04:33,23822,
15:04:34,23253,
15:04:35,23667,
15:04:36,22923,
15:04:37,23312,
15:04:38,23536,
15:04:39,23506,
15:04:40,23309,
15:04:41,23806,
15:04:42,23207,
15:04:43,22347,
15:04:44,22422,
15:04:45,22592,
15:04:46,22478,
15:04:47,23143,
15:04:48,23490,
15:04:49,23536,
15:04:50,23312,
15:04:51,23124,
15:04:52,23313,
15:04:53,22533,
15:04:54,22648,
15:04:55,23636,
15:04:56,23983,
15:04:57,24083,
15:04:58,23735,
15:04:59,22641,
15:05:00,22165,
15:05:01,23044,
15:05:02,24015,
15:05:03,24088,
15:05:04,23991,
15:05:05,23683,
15:05:06,23665,
15:05:07,22725,
15:05:08,22140,
15:05:09,23603,
15:05:10,23604,
15:05:11,23800,
15:05:12,23639,
15:05:13,23777,
15:05:14,22985,
15:05:15,23242,
15:05:16,23656,
15:05:17,23160,
15:05:18,22824,
15:05:19,23043,
15:05:20,23618,
15:05:21,23519,
15:05:22,23808,
15:05:23,23418,
15:05:24,23073,
15:05:25,23261,
15:05:26,23256,
15:05:27,23645,
15:05:28,23562,
15:05:29,23301,
15:05:30,23481,
15:05:31,23139,
15:05:32,23533,
15:05:33,22864,
15:05:34,22796,
15:05:35,22755,
15:05:36,22657,
15:05:37,22777,
15:05:38,23234,
15:05:39,23545,
15:05:40,22773,
15:05:41,23502,
15:05:42,22452,
15:05:43,23234,
15:05:44,23224,
15:05:45,22055,
15:05:46,22146,
15:05:47,21869,
15:05:48,22369,
15:05:49,22773,
15:05:50,22619,
15:05:51,22645,
15:05:52,22628,
15:05:53,22368,
15:05:54,22701,
15:05:55,22904,
15:05:56,22718,
15:05:57,22610,
15:05:58,22562,
15:05:59,22804,
15:06:00,23218,
15:06:01,22950,
15:06:02,22862,
15:06:03,23045,
15:06:04,23133,
15:06:05,23341,
15:06:06,23100,
15:06:07,23114,
15:06:08,23179,
15:06:09,22978,
15:06:10,23171,
15:06:11,23245,
15:06:12,23142,
15:06:13,23094,
15:06:14,23264,
15:06:15,23127,
15:06:16,23316,
15:06:17,23234,
15:06:18,23150,
15:06:19,23010,
15:06:20,23345,
15:06:21,23325,
15:06:22,23345,
15:06:23,23226,
15:06:24,23399,
15:06:25,23152,
15:06:26,23426,
15:06:27,23212,
15:06:28,23063,
15:06:29,23068,
15:06:30,23222,
15:06:31,22837,
15:06:32,23305,
15:06:33,22915,
15:06:34,22782,
15:06:35,22464,
15:06:36,23291,
15:06:37,23113,
15:06:38,23625,
15:06:39,23553,
15:06:40,22936,
15:06:41,23796,
15:06:42,23537,
15:06:43,23656,
15:06:44,22858,
15:06:45,22792,
15:06:46,22522,
15:06:47,23153,
15:06:48,23232,
15:06:49,23121,
15:06:50,23210,
15:06:51,22822,
15:06:52,22792,
15:06:53,22553,
15:06:54,22852,
15:06:55,22665,
15:06:56,23164,
15:06:57,22289,
15:06:58,22038,
15:06:59,22759,
15:07:00,23192,
15:07:01,23212,
15:07:02,23217,
15:07:03,23258,
15:07:04,23079,
15:07:05,23288,
15:07:06,22693,
15:07:07,22634,
15:07:08,22705,
15:07:09,22982,
15:07:10,22887,
15:07:11,22384,
15:07:12,22295,
15:07:13,21725,
15:07:14,22006,
15:07:15,22489,
15:07:16,21264,
15:07:17,20886,
15:07:18,20475,
15:07:19,21413,
15:07:20,21762,
15:07:21,22140,
15:07:22,22538,
15:07:23,22458,
15:07:24,22073,
15:07:25,20866,
15:07:26,21157,
15:07:27,20835,
15:07:28,20942,
15:07:29,20348,
15:07:30,20514,
15:07:31,20618,
15:07:32,20873,
15:07:33,20759,
15:07:34,20507,
15:07:35,20634,
15:07:36,20342,
15:07:37,21016,
15:07:38,21134,
15:07:39,20923,
15:07:40,21024,
15:07:41,20920,
15:07:42,20631,
15:07:43,20784,
15:07:44,21017,
15:07:45,21146,
15:07:46,20771,
15:07:47,20759,
15:07:48,19879,
15:07:49,18842,
15:07:50,19322,
15:07:51,18798,
15:07:52,18781,
15:07:53,19578,
15:07:54,19526,
15:07:55,19770,
15:07:56,19687,
15:07:57,19657,
15:07:58,20156,
15:07:59,21091,
15:08:00,19778,
15:08:01,20659,
15:08:02,20394,
15:08:03,20145,
15:08:04,20209,
15:08:05,20202,
15:08:06,20419,
15:08:07,20240,
15:08:08,19675,
15:08:09,20904,
15:08:10,21501,
15:08:11,21359,
15:08:12,20651,
15:08:13,20777,
15:08:14,21306,
15:08:15,20910,
15:08:16,20505,
15:08:17,20841,
15:08:18,21097,
15:08:19,20570,
15:08:20,20262,
15:08:21,19912,
15:08:22,19903,
15:08:23,19871,
15:08:24,20607,
15:08:25,20570,
15:08:26,20109,
15:08:27,19885,
15:08:28,18800,
15:08:29,18625,
15:08:30,19764,
15:08:31,19969,
15:08:32,19523,
15:08:33,19326,
15:08:34,19702,
15:08:35,19874,
15:08:36,19801,
15:08:37,19457,
15:08:38,18992,
15:08:39,18912,
15:08:40,18823,
15:08:41,18810,
15:08:42,19187,
15:08:43,18858,
15:08:44,18610,
15:08:45,18795,
15:08:46,18584,
15:08:47,19004,
15:08:48,19648,
15:08:49,19670,
15:08:50,21413,
15:08:51,21856,
15:08:52,21065,
15:08:53,17601,
15:08:54,15464,
15:08:55,16101,
15:08:56,16915,
15:08:57,17162,
15:08:58,16885,
15:08:59,16530,
15:09:00,16690,
15:09:01,16104,
15:09:02,16085,
15:09:03,17319,
15:09:04,16727,
15:09:05,16691,
15:09:06,18891,
15:09:07,18828,
15:09:08,20345,
15:09:09,20560,
15:09:10,20528,
15:09:11,20364,
15:09:12,20884,
15:09:13,20827,
15:09:14,21383,
15:09:15,22239,
15:09:16,21754,
15:09:17,22272,
15:09:18,31644,
15:09:19,31672,
15:09:20,33280,
15:09:21,31115,
15:09:22,42742,
15:09:23,57148,
15:09:24,56494,
15:09:25,55182,
15:09:26,49175,
15:09:27,45903,
15:09:28,41556,
15:09:29,36323,
15:09:30,35003,
15:09:31,33086,
15:09:32,36210,
15:09:33,37991,
15:09:34,35953,
15:09:35,35620,
15:09:36,33809,
15:09:37,31390,
15:09:38,31026,
15:09:39,31237,
15:09:40,36462,
15:09:41,33033,
15:09:42,29886,
15:09:43,27128,
15:09:44,26710,
15:09:45,26686,
15:09:46,26308,
15:09:47,28714,
15:09:48,29957,
15:09:49,28827,
15:09:50,27055,
15:09:51,27747,
15:09:52,28343,
15:09:53,26916,
15:09:54,24359,
15:09:55,24468,
15:09:56,23596,
15:09:57,24634,
15:09:58,24890,
15:09:59,25340,
15:10:00,27098,
15:10:01,26500,
15:10:02,25328,
15:10:03,25141,
15:10:04,24792,
15:10:05,25591,
15:10:06,26475,
15:10:07,27588,
15:10:08,28999,
15:10:09,29919,
15:10:10,29532,
15:10:11,28995,
15:10:12,26683,
15:10:13,23715,
15:10:14,22540,
15:10:15,21761,
15:10:16,21527,
15:10:17,19857,
15:10:18,20038,
15:10:19,20372,
15:10:20,21379,
15:10:21,25158,
15:10:22,24253,
15:10:23,25862,
15:10:24,26466,
15:10:25,26208,
15:10:26,26552,
15:10:27,26928,
15:10:28,26094,
15:10:29,25315,
15:10:30,21446,
15:10:31,18073,
15:10:32,18274,
15:10:33,18156,
15:10:34,18547,
15:10:35,18538,
15:10:36,18830,
15:10:37,19675,
15:10:38,21186,
15:10:39,20147,
15:10:40,19354,
15:10:41,19218,
15:10:42,19792,
15:10:43,19800,
15:10:44,19925,
15:10:45,19837,
15:10:46,18955,
15:10:47,20183,
15:10:48,19602,
15:10:49,19761,
15:10:50,19955,
15:10:51,20380,
15:10:52,21203,
15:10:53,20792,
15:10:54,19537,
15:10:55,19648,
15:10:56,19447,
15:10:57,17992,
15:10:58,18514,
15:10:59,18039,
15:11:00,17852,
15:11:01,17911,
15:11:02,18525,
15:11:03,19243,
15:11:04,19354,
15:11:05,19514,
15:11:06,19537,
15:11:07,19488,
15:11:08,18910,
15:11:09,17837,
15:11:10,17394,
15:11:11,18764,
15:11:12,22150,
15:11:13,21646,
15:11:14,22016,
15:11:15,19247,
15:11:16,19904,
15:11:17,20863,
15:11:18,22694,
15:11:19,20215,
15:11:20,19764,
15:11:21,26561,
15:11:22,21164,
15:11:23,19687,
15:11:24,20450,
15:11:25,19040,
15:11:26,19577,
15:11:27,20706,
15:11:28,19140,
15:11:29,19644,
15:11:30,16922,
15:11:31,16884,
15:11:32,19504,
15:11:33,17975,
15:11:34,17501,
15:11:35,17475,
15:11:36,16426,
15:11:37,16859,
15:11:38,17137,
15:11:39,22447,
15:11:40,24889,
15:11:41,24600,
15:11:42,20272,
15:11:43,17530,
15:11:44,17293,
15:11:45,20750,
15:11:46,28462,
15:11:47,28816,
15:11:48,29581,
15:11:49,29626,
15:11:50,28416,
15:11:51,27201,
15:11:52,26740,
15:11:53,27297,
15:11:54,27171,
15:11:55,26700,
15:11:56,26142,
15:11:57,25414,
15:11:58,25351,
15:11:59,24996,
15:12:00,25141,
15:12:01,25687,
15:12:02,25616,
15:12:03,25568,
15:12:04,26775,
15:12:05,27609,
15:12:06,26871,
15:12:07,26413,
15:12:08,26051,
15:12:09,25861,
15:12:10,26178,
15:12:11,26554,
15:12:12,26764,
15:12:13,26274,
15:12:14,26278,
15:12:15,25518,
15:12:16,25028,
15:12:17,25610,
15:12:18,24982,
15:12:19,25317,
15:12:20,25330,
15:12:21,25032,
15:12:22,25350,
15:12:23,25247,
15:12:24,24938,
15:12:25,25315,
15:12:26,24325,
15:12:27,15085,
15:12:28,22698,
15:12:29,25518,
15:12:30,25485,
15:12:31,26377,
15:12:32,29584,
15:12:33,30519,
15:12:34,30734,
15:12:35,30337,
15:12:36,28871,
15:12:37,26250,
15:12:38,26587,
15:12:39,27702,
15:12:40,28743,
15:12:41,29981,
15:12:42,29941,
15:12:43,29579,
15:12:44,30397,
15:12:45,29518,
15:12:46,31130,
15:12:47,34225,
15:12:48,31771,
15:12:49,32410,
15:12:50,32423,
15:12:51,31559,
15:12:52,30399,
15:12:53,30969,
15:12:54,30010,
15:12:55,30453,
15:12:56,31384,
15:12:57,32422,
15:12:58,29710,
15:12:59,23470,
15:13:00,21285,
15:13:01,22542,
15:13:02,21131,
15:13:03,17048,
15:13:04,16697,
15:13:05,17389,
15:13:06,17855,
15:13:07,18956,
15:13:08,19884,
15:13:09,20448,
15:13:10,19867,
15:13:11,19623,
15:13:12,19739,
15:13:13,19484,
15:13:14,19513,
15:13:15,19403,
15:13:16,19497,
15:13:17,19709,
15:13:18,20199,
15:13:19,20003,
15:13:20,19660,
15:13:21,19756,
15:13:22,19539,
15:13:23,19682,
15:13:24,19818,
15:13:25,19737,
15:13:26,19676,
15:13:27,19218,
15:13:28,19305,
15:13:29,20188,
15:13:30,19511,
15:13:31,18869,
15:13:32,18222,
15:13:33,16297,
15:13:34,13422,
15:13:35,13650,
15:13:36,14148,
15:13:37,14538,
15:13:38,13818,
15:13:39,14301,
15:13:40,15559,
15:13:41,15145,
15:13:42,15066,
15:13:43,16450,
15:13:44,17639,
15:13:45,17787,
15:13:46,17920,
15:13:47,18028,
15:13:48,17301,
15:13:49,16369,
15:13:50,16083,
15:13:51,15791,
15:13:52,16294,
15:13:53,15589,
15:13:54,15778,
15:13:55,16100,
15:13:56,16024,
15:13:57,16315,
15:13:58,16239,
15:13:59,16288,
15:14:00,16207,
15:14:01,37732,
15:14:02,36858,
15:14:03,40519,
15:14:04,37225,
15:14:05,58179,
15:14:06,55105,
15:14:07,63312,
15:14:08,48415,
15:14:09,13891,
15:14:10,25245,
15:14:11,56770,
15:14:12,48107,
15:14:13,56175,
15:14:14,32128,
15:14:15,64165,
15:14:16,69086,
15:14:17,66731,
15:14:18,68306,
15:14:19,69337,
15:14:20,63076,
15:14:21,65811,
15:14:22,54255,
15:14:23,44020,
15:14:24,61872,
15:14:25,58742,
15:14:26,51264,
15:14:27,45160,
15:14:28,37447,
15:14:29,37679,
15:14:30,35504,
15:14:31,28598,
15:14:32,25993,
15:14:33,23006,
15:14:34,21427,
15:14:35,20967,
15:14:36,23191,
15:14:37,27247,
15:14:38,29112,
15:14:39,28969,
15:14:40,29044,
15:14:41,28246,
15:14:42,27548,
15:14:43,27119,
15:14:44,26448,
15:14:45,24493,
15:14:46,23132,
15:14:47,23099,
15:14:48,24232,
15:14:49,24558,
15:14:50,24553,
15:14:51,24506,
15:14:52,24708,
15:14:53,24489,
15:14:54,24347,
15:14:55,24101,
15:14:56,24255,
15:14:57,24473,
15:14:58,24254,
15:14:59,24679,
15:15:00,24579,
15:15:01,24381,
15:15:02,24507,
15:15:03,24506,
15:15:04,24729,
15:15:05,24520,
15:15:06,23685,
15:15:07,23730,
15:15:08,23505,
15:15:09,24026,
15:15:10,25383,
15:15:11,26462,
15:15:12,25809,
15:15:13,21034,
15:15:14,18289,
15:15:15,15304,
15:15:16,14815,
15:15:17,15386,
15:15:18,15260,
15:15:19,15424,
15:15:20,15873,
15:15:21,15144,
15:15:22,14232,
15:15:23,14266,
15:15:24,15184,
15:15:25,15351,
15:15:26,15346,
15:15:27,15238,
15:15:28,14884,
15:15:29,14734,
15:15:30,15098,
15:15:31,14988,
15:15:32,14766,
15:15:33,14908,
15:15:34,14956,
15:15:35,14678,
15:15:36,14608,
15:15:37,14221,
15:15:38,13841,
15:15:39,14164,
15:15:40,13962,
15:15:41,13601,
15:15:42,13955,
15:15:43,12800,
15:15:44,12606,
15:15:45,13311,
15:15:46,13010,
15:15:47,12754,
15:15:48,12699,
15:15:49,12638,
15:15:50,12880,
15:15:51,12771,
15:15:52,12695,
15:15:53,12347,
15:15:54,11800,
15:15:55,11004,
15:15:56,11740,
15:15:57,11747,
15:15:58,11361,
15:15:59,11100,
15:16:00,11068,
15:16:01,11033,
15:16:02,11358,
15:16:03,11682,
15:16:04,12034,
15:16:05,12174,
15:16:06,12214,
15:16:07,12112,
15:16:08,11723,
15:16:09,11573,
15:16:10,11529,
15:16:11,11983,
15:16:12,12755,
15:16:13,12183,
15:16:14,11872,
15:16:15,12217,
15:16:16,12421,
15:16:17,12812,
15:16:18,12523,
15:16:19,12322,
15:16:20,12340,
15:16:21,12151,
15:16:22,12276,
15:16:23,12366,
15:16:24,12475,
15:16:25,12198,
15:16:26,12491,
15:16:27,12363,
15:16:28,12561,
15:16:29,12453,
15:16:30,12495,
15:16:31,12585,
15:16:32,12836,
15:16:33,12873,
15:16:34,12641,
15:16:35,12361,
15:16:36,12380,
15:16:37,13109,
15:16:38,12797,
15:16:39,12490,
15:16:40,12730,
15:16:41,12575,
15:16:42,13337,
15:16:43,13093,
15:16:44,13462,
15:16:45,13686,
15:16:46,13600,
15:16:47,13849,
15:16:48,13882,
15:16:49,13864,
15:16:50,13586,
15:16:51,13374,
15:16:52,13456,
15:16:53,13516,
15:16:54,13729,
15:16:55,13887,
15:16:56,13678,
15:16:57,13623,
15:16:58,13548,
15:16:59,13655,
15:17:00,13789,
15:17:01,13891,
15:17:02,13962,
15:17:03,14320,
15:17:04,14428,
15:17:05,14813,
15:17:06,16907,
15:17:07,19690,
15:17:08,28551,
15:17:09,38037,
15:17:10,37830,
15:17:11,38000,
15:17:12,39396,
15:17:13,41372,
15:17:14,43410,
15:17:15,43570,
15:17:16,41546,
15:17:17,35043,
15:17:18,33883,
15:17:19,34204,
15:17:20,35404,
15:17:21,33478,
15:17:22,32082,
15:17:23,32211,
15:17:24,32675,
15:17:25,32961,
15:17:26,32109,
15:17:27,32637,
15:17:28,32820,
15:17:29,35521,
15:17:30,35076,
15:17:31,35575,
15:17:32,35565,
15:17:33,35418,
15:17:34,35003,
15:17:35,35041,
15:17:36,34486,
15:17:37,33314,
15:17:38,33569,
15:17:39,33587,
15:17:40,33561,
15:17:41,34117,
15:17:42,34712,
15:17:43,33806,
15:17:44,31852,
15:17:45,31473,
15:17:46,31796,
15:17:47,31665,
15:17:48,31356,
15:17:49,31328,
15:17:50,30942,
15:17:51,30159,
15:17:52,29768,
15:17:53,30069,
15:17:54,30666,
15:17:55,30532,
15:17:56,30345,
15:17:57,31985,
15:17:58,31900,
15:17:59,33013,
15:18:00,32094,
15:18:01,29765,
15:18:02,30212,
15:18:03,29387,
15:18:04,29539,
15:18:05,29850,
15:18:06,29857,
15:18:07,29506,
15:18:08,30100,
15:18:09,30265,
15:18:10,32734,
15:18:11,32809,
15:18:12,33072,
15:18:13,33308,
15:18:14,33573,
15:18:15,32617,
15:18:16,32460,
15:18:17,32168,
15:18:18,31574,
15:18:19,31068,
15:18:20,32103,
15:18:21,31661,
15:18:22,31026,
15:18:23,30837,
15:18:24,31143,
15:18:25,30435,
15:18:26,31643,
15:18:27,31105,
15:18:28,32593,
15:18:29,33155,
15:18:30,32893,
15:18:31,34712,
15:18:32,34355,
15:18:33,36193,
15:18:34,39533,
15:18:35,42584,
15:18:36,43923,
15:18:37,44062,
15:18:38,44177,
15:18:39,42898,
15:18:40,41238,
15:18:41,40352,
15:18:42,43575,
15:18:43,44698,
15:18:44,41467,
15:18:45,39834,
15:18:46,38733,
15:18:47,38503,
15:18:48,39246,
15:18:49,40158,
15:18:50,40610,
15:18:51,40803,
15:18:52,41146,
15:18:53,39946,
15:18:54,39560,
15:18:55,39998,
15:18:56,40326,
15:18:57,41391,
15:18:58,41945,
15:18:59,41812,
15:19:00,41192,
15:19:01,41621,
15:19:02,41269,
15:19:03,36834,
15:19:04,31770,
15:19:05,32991,
15:19:06,33081,
15:19:07,34023,
15:19:08,34591,
15:19:09,35475,
15:19:10,35797,
15:19:11,36188,
15:19:12,36817,
15:19:13,36951,
15:19:14,36617,
15:19:15,37455,
15:19:16,36334,
15:19:17,36508,
15:19:18,37769,
15:19:19,38714,
15:19:20,38193,
15:19:21,38643,
15:19:22,38659,
15:19:23,39105,
15:19:24,37996,
15:19:25,38371,
15:19:26,38565,
15:19:27,38636,
15:19:28,38628,
15:19:29,38290,
15:19:30,38723,
15:19:31,36622,
15:19:32,36413,
15:19:33,36736,
15:19:34,36744,
15:19:35,38164,
15:19:36,37533,
15:19:37,38881,
15:19:38,37539,
15:19:39,37342,
15:19:40,36854,
15:19:41,35812,
15:19:42,40511,
15:19:43,43952,
15:19:44,43907,
15:19:45,43601,
15:19:46,43348,
15:19:47,42869,
15:19:48,42155,
15:19:49,42643,
15:19:50,43107,
15:19:51,44021,
15:19:52,43327,
15:19:53,44164,
15:19:54,43826,
15:19:55,44431,
15:19:56,46699,
15:19:57,51026,
15:19:58,57915,
15:19:59,52456,
15:20:00,48748,
15:20:01,48659,
15:20:02,48759,
15:20:03,50479,
15:20:04,47829,
15:20:05,45968,
15:20:06,47195,
15:20:07,48522,
15:20:08,46726,
15:20:09,46693,
15:20:10,44832,
15:20:11,44635,
15:20:12,39715,
15:20:13,40827,
15:20:14,39394,
15:20:15,36541,
15:20:16,37018,
15:20:17,37136,
15:20:18,38944,
15:20:19,40010,
15:20:20,40684,
15:20:21,39020,
15:20:22,37418,
15:20:23,34723,
15:20:24,36230,
15:20:25,35755,
15:20:26,35665,
15:20:27,34509,
15:20:28,35287,
15:20:29,35649,
15:20:30,33732,
15:20:31,33331,
15:20:32,33187,
15:20:33,31084,
15:20:34,31014,
15:20:35,32488,
15:20:36,33101,
15:20:37,33259,
15:20:38,31769,
15:20:39,30354,
15:20:40,30605,
15:20:41,33256,
15:20:42,34172,
15:20:43,32347,
15:20:44,32763,
15:20:45,30116,
15:20:46,27726,
15:20:47,25521,
15:20:48,24978,
15:20:49,25677,
15:20:50,26230,
15:20:51,28327,
15:20:52,28817,
15:20:53,28773,
15:20:54,27969,
15:20:55,28862,
15:20:56,28263,
15:20:57,27803,
15:20:58,27785,
15:20:59,28593,
15:21:00,34487,
15:21:01,34027,
15:21:02,33792,
15:21:03,34258,
15:21:04,33980,
15:21:05,34807,
15:21:06,33035,
15:21:07,31255,
15:21:08,34126,
15:21:09,32172,
15:21:10,31726,
15:21:11,30764,
15:21:12,31899,
15:21:13,33208,
15:21:14,38581,
15:21:15,38122,
15:21:16,39271,
15:21:17,39544,
15:21:18,41356,
15:21:19,39864,
15:21:20,39905,
15:21:21,39830,
15:21:22,39625,
15:21:23,38782,
15:21:24,38821,
15:21:25,39138,
15:21:26,38869,
15:21:27,38559,
15:21:28,37698,
15:21:29,35504,
15:21:30,35167,
15:21:31,36093,
15:21:32,36776,
15:21:33,32501,
15:21:34,33760,
15:21:35,36530,
15:21:36,37241,
15:21:37,32812,
15:21:38,33834,
15:21:39,37283,
15:21:40,37330,
15:21:41,37719,
15:21:42,38786,
15:21:43,36035,
15:21:44,36677,
15:21:45,38140,
15:21:46,38624,
15:21:47,42623,
15:21:48,42219,
15:21:49,45657,
15:21:50,48076,
15:21:51,50773,
15:21:52,50273,
15:21:53,52741,
15:21:54,56511,
15:21:55,57507,
15:21:56,58932,
15:21:57,59190,
15:21:58,55844,
15:21:59,57674,
15:22:00,55149,
15:22:01,56629,
15:22:02,56842,
15:22:03,55280,
15:22:04,55974,
15:22:05,58682,
15:22:06,61668,
15:22:07,60766,
15:22:08,65549,
15:22:09,66806,
15:22:10,67085,
15:22:11,64555,
15:22:12,64383,
15:22:13,64725,
15:22:14,65656,
15:22:15,64369,
15:22:16,62462,
15:22:17,61485,
15:22:18,63365,
15:22:19,64121,
15:22:20,64959,
15:22:21,65884,
15:22:22,64650,
15:22:23,63494,
15:22:24,64271,
15:22:25,63912,
15:22:26,64289,
15:22:27,64583,
15:22:28,64817,
15:22:29,65237,
15:22:30,64712,
15:22:31,64189,
15:22:32,62305,
15:22:33,63182,
15:22:34,62133,
15:22:35,61282,
15:22:36,60141,
15:22:37,60986,
15:22:38,60358,
15:22:39,57635,
15:22:40,58125,
15:22:41,57931,
15:22:42,59086,
15:22:43,58762,
15:22:44,60425,
15:22:45,64307,
15:22:46,64800,
15:22:47,64574,
15:22:48,65162,
15:22:49,66061,
15:22:50,66902,
15:22:51,66421,
15:22:52,67121,
15:22:53,66656,
15:22:54,67266,
15:22:55,67011,
15:22:56,67187,
15:22:57,67062,
15:22:58,64696,
15:22:59,62802,
15:23:00,59730,
15:23:01,57158,
15:23:02,52899,
15:23:03,48106,
15:23:04,46769,
15:23:05,35131,
15:23:06,36721,
15:23:07,39224,
15:23:08,42268,
15:23:09,40576,
15:23:10,42090,
15:23:11,41697,
15:23:12,40092,
15:23:13,43685,
15:23:14,48472,
15:23:15,49353,
15:23:16,54317,
15:23:17,56422,
15:23:18,57386,
15:23:19,55967,
15:23:20,57624,
15:23:21,64687,
15:23:22,57351,
15:23:23,49300,
15:23:24,48224,
15:23:25,56027,
15:23:26,48341,
15:23:27,51170,
15:23:28,50902,
15:23:29,54647,
15:23:30,57194,
15:23:31,56800,
15:23:32,59153,
15:23:33,57736,
15:23:34,57548,
15:23:35,58360,
15:23:36,59992,
15:23:37,58639,
15:23:38,60560,
15:23:39,62580,
15:23:40,64177,
15:23:41,64694,
15:23:42,64018,
15:23:43,65268,
15:23:44,59814,
15:23:45,59986,
15:23:46,60774,
15:23:47,61271,
15:23:48,61639,
15:23:49,62870,
15:23:50,63701,
15:23:51,63655,
15:23:52,63246,
15:23:53,63270,
15:23:54,63100,
15:23:55,63092,
15:23:56,63071,
15:23:57,63199,
15:23:58,63777,
15:23:59,65598,
15:24:00,64157,
15:24:01,64509,
15:24:02,65923,
15:24:03,65729,
15:24:04,65780,
15:24:05,65798,
15:24:06,65709,
15:24:07,65704,
15:24:08,65162,
15:24:09,66453,
15:24:10,59300,
15:24:11,62377,
15:24:12,62819,
15:24:13,58813,
15:24:14,62211,
15:24:15,61445,
15:24:16,60838,
15:24:17,60944,
15:24:18,61142,
15:24:19,59991,
15:24:20,59335,
15:24:21,58498,
15:24:22,60571,
15:24:23,58274,
15:24:24,59042,
15:24:25,60789,
15:24:26,61152,
15:24:27,59967,
15:24:28,62376,
15:24:29,63592,
15:24:30,64317,
15:24:31,64719,
15:24:32,63760,
15:24:33,63369,
15:24:34,64147,
15:24:35,65058,
15:24:36,63964,
15:24:37,62641,
15:24:38,63842,
15:24:39,62721,
15:24:40,60696,
15:24:41,62645,
15:24:42,58805,
15:24:43,57677,
15:24:44,56178,
15:24:45,54965,
15:24:46,53515,
15:24:47,53046,
15:24:48,52961,
15:24:49,53013,
15:24:50,54324,
15:24:51,54182,
15:24:52,54105,
15:24:53,56327,
15:24:54,51242,
15:24:55,50391,
15:24:56,49247,
15:24:57,43641,
15:24:58,45713,
15:24:59,46799,
15:25:00,50312,
15:25:01,51956,
15:25:02,55286,
15:25:03,58405,
15:25:04,58317,
15:25:05,58380,
15:25:06,58867,
15:25:07,60801,
15:25:08,61373,
15:25:09,62552,
15:25:10,65190,
15:25:11,66755,
15:25:12,67824,
15:25:13,67146,
15:25:14,66694,
15:25:15,63540,
15:25:16,61828,
15:25:17,65748,
15:25:18,63663,
15:25:19,60489,
15:25:20,59702,
15:25:21,59502,
15:25:22,58467,
15:25:23,58522,
15:25:24,58655,
15:25:25,58332,
15:25:26,57927,
15:25:27,57812,
15:25:28,57709,
15:25:29,57593,
15:25:30,57375,
15:25:31,57233,
15:25:32,57316,
15:25:33,57086,
15:25:34,56740,
15:25:35,56710,
15:25:36,56437,
15:25:37,56377,
15:25:38,56127,
15:25:39,56086,
15:25:40,55982,
15:25:41,55519,
15:25:42,55510,
15:25:43,55457,
15:25:44,55285,
15:25:45,55306,
15:25:46,55277,
15:25:47,55515,
15:25:48,55217,
15:25:49,55233,
15:25:50,55072,
15:25:51,54791,
15:25:52,55442,
15:25:53,55170,
15:25:54,54587,
15:25:55,54946,
15:25:56,55385,
15:25:57,55219,
15:25:58,54986,
15:25:59,55051,
15:26:00,53708,
15:26:01,55087,
15:26:02,54354,
15:26:03,54917,
15:26:04,53468,
15:26:05,54223,
15:26:06,54292,
15:26:07,54882,
15:26:08,56107,
15:26:09,55766,
15:26:10,55304,
15:26:11,54337,
15:26:12,54296,
15:26:13,53715,
15:26:14,53923,
15:26:15,53479,
15:26:16,52744,
15:26:17,53124,
15:26:18,53323,
15:26:19,52721,
15:26:20,53182,
15:26:21,53236,
15:26:22,54510,
15:26:23,54763,
15:26:24,54626,
15:26:25,55368,
15:26:26,54360,
15:26:27,86867,
15:26:28,85085,
15:26:29,88311,
15:26:30,82121,
15:26:31,70321,
15:26:32,83976,
15:26:33,74273,
15:26:34,71615,
15:26:35,76226,
15:26:36,78260,
15:26:37,79189,
15:26:38,79399,
15:26:39,79065,
15:26:40,80823,
15:26:41,85497,
15:26:42,95223,
15:26:43,88546,
15:26:44,68892,
15:26:45,75428,
15:26:46,76109,
15:26:47,64753,
15:26:48,69693,
15:26:49,43712,
15:26:50,49392,
15:26:51,51817,
15:26:52,60221,
15:26:53,58781,
15:26:54,42610,
15:26:55,36420,
15:26:56,28732,
15:26:57,33991,
15:26:58,33624,
15:26:59,34280,
15:27:00,35514,
15:27:01,40828,
15:27:02,45864,
15:27:03,50109,
15:27:04,54827,
15:27:05,56973,
15:27:06,58401,
15:27:07,60557,
15:27:08,62570,
15:27:09,62954,
15:27:10,62965,
15:27:11,62701,
15:27:12,66337,
15:27:13,69428,
15:27:14,69428,
15:27:15,65505,
15:27:16,65398,
15:27:17,65512,
15:27:18,65557,
15:27:19,65988,
15:27:20,66776,
15:27:21,66972,
15:27:22,66831,
15:27:23,66244,
15:27:24,64933,
15:27:25,64157,
15:27:26,64608,
15:27:27,62029,
15:27:28,60379,
15:27:29,60315,
15:27:30,60249,
15:27:31,59114,
15:27:32,57589,
15:27:33,56866,
15:27:34,57664,
15:27:35,59317,
15:27:36,59960,
15:27:37,59885,
15:27:38,59201,
15:27:39,59459,
15:27:40,60074,
15:27:41,61035,
15:27:42,60732,
15:27:43,53224,
15:27:44,67237,
15:27:45,71231,
15:27:46,72989,
15:27:47,72870,
15:27:48,72833,
15:27:49,73271,
15:27:50,73448,
15:27:51,72673,
15:27:52,72130,
15:27:53,72422,
15:27:54,71203,
15:27:55,71400,
15:27:56,71348,
15:27:57,71430,
15:27:58,70695,
15:27:59,71274,
15:28:00,70865,
15:28:01,70389,
15:28:02,70286,
15:28:03,69410,
15:28:04,69717,
15:28:05,69186,
15:28:06,69985,
15:28:07,71990,
15:28:08,70624,
15:28:09,69744,
15:28:10,69812,
15:28:11,69669,
15:28:12,69208,
15:28:13,68321,
15:28:14,68876,
15:28:15,68382,
15:28:16,68714,
15:28:17,67860,
15:28:18,68987,
15:28:19,69140,
15:28:20,68166,
15:28:21,70432,
15:28:22,71026,
15:28:23,72148,
15:28:24,74850,
15:28:25,73914,
15:28:26,75523,
15:28:27,74061,
15:28:28,73543,
15:28:29,72936,
15:28:30,73571,
15:28:31,73359,
15:28:32,72438,
15:28:33,74205,
15:28:34,74449,
15:28:35,74545,
15:28:36,75024,
15:28:37,75258,
15:28:38,74487,
15:28:39,74347,
15:28:40,74179,
15:28:41,74294,
15:28:42,73947,
15:28:43,74112,
15:28:44,74125,
15:28:45,74634,
15:28:46,74491,
15:28:47,74717,
15:28:48,74649,
15:28:49,73129,
15:28:50,72331,
15:28:51,71815,
15:28:52,70607,
15:28:53,71277,
15:28:54,70908,
15:28:55,69837,
15:28:56,69400,
15:28:57,68171,
15:28:58,69651,
15:28:59,68890,
15:29:00,69465,
15:29:01,68790,
15:29:02,67655,
15:29:03,63446,
15:29:04,53694,
15:29:05,60398,
15:29:06,62376,
15:29:07,67476,
15:29:08,63525,
15:29:09,63663,
15:29:10,66193,
15:29:11,55597,
15:29:12,63700,
15:29:13,63955,
15:29:14,67939,
15:29:15,75048,
15:29:16,75835,
15:29:17,74544,
15:29:18,72827,
15:29:19,72465,
15:29:20,70003,
15:29:21,69679,
15:29:22,68877,
15:29:23,68157,
15:29:24,67330,
15:29:25,66299,
15:29:26,64757,
15:29:27,68145,
15:29:28,64991,
15:29:29,61611,
15:29:30,59670,
15:29:31,60046,
15:29:32,56299,
15:29:33,47657,
15:29:34,42397,
15:29:35,32112,
15:29:36,31184,
15:29:37,39063,
15:29:38,46017,
15:29:39,43025,
15:29:40,39901,
15:29:41,39082,
15:29:42,34268,
15:29:43,36196,
15:29:44,36423,
15:29:45,31627,
15:29:46,30808,
15:29:47,31011,
15:29:48,32105,
15:29:49,35496,
15:29:50,38184,
15:29:51,61173,
15:29:52,65432,
15:29:53,69769,
15:29:54,59964,
15:29:55,54889,
15:29:56,36957,
15:29:57,35009,
15:29:58,36649,
15:29:59,35332,
15:30:00,36778,
15:30:01,38305,
15:30:02,37550,
15:30:03,38145,
15:30:04,36427,
15:30:05,34655,
15:30:06,45649,
15:30:07,40189,
15:30:08,46803,
15:30:09,44811,
15:30:10,49908,
15:30:11,56847,
15:30:12,45244,
15:30:13,43915,
15:30:14,61061,
15:30:15,55135,
15:30:16,64409,
15:30:17,68581,
15:30:18,64821,
15:30:19,63960,
15:30:20,67077,
15:30:21,65880,
15:30:22,61042,
15:30:23,51002,
15:30:24,46221,
15:30:25,49320,
15:30:26,47472,
15:30:27,40732,
15:30:28,39721,
15:30:29,41136,
15:30:30,42515,
15:30:31,47801,
15:30:32,48724,
15:30:33,47302,
15:30:34,48674,
15:30:35,47215,
15:30:36,46886,
15:30:37,44264,
15:30:38,44005,
15:30:39,44745,
15:30:40,45095,
15:30:41,49464,
15:30:42,49626,
15:30:43,48989,
15:30:44,47437,
15:30:45,43725,
15:30:46,42695,
15:30:47,42949,
15:30:48,43346,
15:30:49,43248,
15:30:50,43096,
15:30:51,42249,
15:30:52,42965,
15:30:53,43272,
15:30:54,44135,
15:30:55,41484,
15:30:56,39367,
15:30:57,39722,
15:30:58,38872,
15:30:59,41235,
15:31:00,41168,
15:31:01,40275,
15:31:02,38250,
15:31:03,35759,
15:31:04,36260,
15:31:05,36430,
15:31:06,36543,
15:31:07,36981,
15:31:08,36093,
15:31:09,36265,
15:31:10,35331,
15:31:11,35041,
15:31:12,36013,
15:31:13,34918,
15:31:14,34698,
15:31:15,35001,
15:31:16,34655,
15:31:17,35807,
15:31:18,36374,
15:31:19,37699,
15:31:20,37178,
15:31:21,38089,
15:31:22,38793,
15:31:23,38305,
15:31:24,38034,
15:31:25,38619,
15:31:26,34835,
15:31:27,32847,
15:31:28,41667,
15:31:29,47656,
15:31:30,44567,
15:31:31,45404,
15:31:32,43640,
15:31:33,40624,
15:31:34,39638,
15:31:35,39501,

Comment for Sample 2:,

